amount,hour,is_new_device,is_new_location,distance_from_home,avg_transaction_amount,transactions_last_1h,transactions_last_24h,account_age_days,identity_risk_score,verification_failed,social_engineering_risk,behaviour_deviation_score,attack_type,is_fraud
48404.973163828545,8,0,0,200.9672665218908,1478.029525941161,3,2,2679,0.3571959497238859,0,0.4323689897207342,0.22183821448497398,social_engineering,1
2889.9490697931856,3,0,0,10.2509612436045,2161.644857996937,0,4,2611,0.24347368333524969,0,0.18362099958395708,0.11518290588978883,normal,0
635.394630517145,5,0,0,34.17365698868728,1929.9726164490614,0,13,2828,0.11557396220317058,0,0.07386561451591873,0.18211655597631568,normal,0
2553.166699025353,12,1,0,363.8282093846126,1764.256464407744,3,8,129,0.5639763530120125,1,0.39500137740542657,0.7965090864307041,synthetic_identity,1
3253.5307064629724,9,0,0,38.95905032033781,1852.490509462693,3,5,956,0.07069018711514395,0,0.11059345688156984,0.19335773557702862,normal,0
3872.968410183193,7,0,0,37.48731793141971,3242.731436784688,0,4,513,0.05539303432906154,0,0.29736458838753577,0.08674553579889016,normal,0
2432.646970775588,5,0,1,41.27703457536773,2954.183603868371,0,8,2587,0.04369156555203086,0,0.28149106936972956,0.08095972134599061,normal,0
2398.299662838954,6,0,0,34.95982366764272,654.0902853010767,1,12,319,0.19492611152902353,0,0.02806214995101659,0.009825652959707387,normal,0
3376.3517776297117,23,0,0,47.24704532135068,945.4292216902894,0,2,2881,0.29056702149140157,0,0.2341300369466535,0.009324956271674078,normal,0
2766.844433957119,3,0,0,49.70062680466093,1096.8151421580424,2,6,2041,0.1689878601813092,0,0.02171739964309507,0.19453365292163108,normal,0
704.0905185648396,22,0,0,12.716735675301422,1758.4661172223327,2,6,301,0.05259300441718717,0,0.004162983605156178,0.18509374789981178,normal,0
3620.4243418804954,23,0,0,27.43733327317087,1338.8141503916697,3,6,2972,0.051880010987499225,0,0.12323884820509992,0.2074556160300102,normal,0
45261.24182037351,0,0,0,9.046087484071364,774.151764145527,3,6,1680,0.26487474568217734,0,0.8480284729082833,0.7118912285370167,social_engineering,1
751.748014645911,4,0,0,30.53412641024404,1094.4745649218708,3,12,2341,0.1371511497870552,0,0.16352334770277863,0.15073832270621326,normal,0
3871.758451999727,15,0,1,5.485558443003241,3295.903566716327,3,5,1932,0.07879786890660885,0,0.13658291291271227,0.016317257666732997,normal,0
12961.885129644032,9,0,0,78.70138717490599,2673.0245715147726,0,1,117,0.30173906704928105,0,0.3221744138537576,0.7560453701363028,behaviour_anomaly,1
16467.062212154764,16,1,1,476.54118015076244,1509.85747555756,0,10,154,0.6267688102448616,1,0.38887127888500306,0.53113454106429,synthetic_identity,1
497.63097482757183,9,0,0,18.376291732027312,667.0269429508728,1,6,416,0.2172202444193105,0,0.17399839991491592,0.23740624657575368,normal,0
2067.3221477203124,7,0,1,46.370183786455165,637.7667960974504,2,5,576,0.2790671203174806,0,0.2672896513619285,0.03469417188016564,normal,0
1013.5474845068471,23,0,0,9.426105555423337,822.3583199964575,2,8,527,0.21200502232760168,0,0.08820422598603052,0.13407997581201028,normal,0
1530.3647501392556,4,0,0,15.239449983678993,2729.4546333185203,1,13,108,0.11998704716249989,0,0.0963798307516157,0.20527497569201267,normal,0
547.967759903977,16,0,1,14.224223960365102,1364.6664327341982,1,6,2771,0.21089795526693011,0,0.16634886167770083,0.15299171770049014,normal,0
3966.0272836118875,16,0,0,30.21633061484491,887.08759834136,3,13,2638,0.1735233453164343,0,0.2342445926444358,0.1402379407946048,normal,0
3138.356504049716,15,0,0,25.160902537260828,2899.624018449534,2,5,338,0.13862894042254598,0,0.15476848529944193,0.1506414041938371,normal,0
2410.723323895776,11,0,0,3.01727527009405,3320.605297282784,2,8,92,0.09919599181799184,0,0.007062416323879738,0.16572458340659993,normal,0
38947.62900785532,17,0,0,21.91209132753723,1426.307603302626,2,12,425,0.09697831407045121,0,0.5262429966516686,0.3755715146606222,social_engineering,1
3152.5362594610656,21,0,1,30.52612778868429,3267.3066785236715,3,11,2380,0.19980353738285592,0,0.2258243397844043,0.11234339289640574,normal,0
124.80176084647157,4,0,0,27.8333843168502,1245.879484621701,0,6,1838,0.1678218715630245,0,0.12316364509271349,0.06053140255779766,normal,0
1656.1752967794716,15,0,0,40.681191156912064,2610.9943579251712,1,4,293,0.10924578135434028,0,0.2783234468829342,0.10342971374395503,normal,0
854.1095329994911,5,1,0,43.464146151194434,1751.03882250843,1,13,215,0.24655399809540393,0,0.1001762790601356,0.0511757343706264,normal,0
1752.3122202721852,5,0,0,34.7523937849635,1519.3195259216063,1,8,2853,0.24216938750410585,0,0.18197647778820095,0.24455110595566293,normal,0
2496.337162201488,14,0,0,48.62445442597754,3423.458265042637,2,6,965,0.2861767432085418,0,0.23176404675362697,0.2589586625270981,normal,0
2578.6781954639623,1,0,0,6.079165354312044,1607.4983053653668,1,8,2150,0.11046250225621422,0,0.0009862329336640552,0.1026918947574303,normal,0
1131.4840043601805,16,0,0,21.30557181800678,2080.8702250519036,3,10,680,0.11027070748954709,0,0.226664085756465,0.2246767268338031,normal,0
4887.334076750823,16,0,0,39.653224682947545,1928.8708407746772,1,9,1522,0.21195688894812517,0,0.2521162799762865,0.07287161605941868,normal,0
687.3402999350458,19,0,0,23.409048988242247,3531.5883912722234,0,6,1950,0.14051777735131474,0,0.09787263074974106,0.10735392767721996,normal,0
144.28849848853167,21,0,0,7.158471069231609,1029.341036377692,0,9,779,0.055502922783297604,0,0.05303727152559464,0.26117124911161876,normal,0
431.26327241467743,10,0,0,0.4515903470325211,2991.9269491812356,3,7,289,0.09681155671055938,0,0.039596707066524336,0.2431295556732169,normal,0
2596.1684279339697,8,0,0,14.781699254842028,540.4502699419043,0,9,1916,0.18911698990252482,0,0.16295789232289842,0.22277782293346035,normal,0
150.39403008489094,22,0,1,30.22814334450063,1672.5446590726767,3,9,2291,0.12635137650108258,0,0.19222909003344263,0.24304389671968507,normal,0
187.58228019372768,15,0,0,26.501231841247513,1623.9862093106372,2,12,2209,0.1983566797666678,0,0.2186867896458197,0.2261166875175668,normal,0
4408.718056824523,21,0,0,40.9013661626389,3484.923437588735,2,1,2704,0.23307304571529994,0,0.15504430656975768,0.2537546284669455,normal,0
1021.3211996155391,14,0,0,7.815729917090886,3147.4321734034834,1,4,2568,0.2796788809626111,1,0.2548602459739252,0.10111489756523365,normal,0
2822.1928924395374,7,0,0,18.33603450641239,1126.616356348929,1,2,245,0.12728017778628362,0,0.17037135893689645,0.05116437027254721,normal,0
2226.7027662729183,22,0,0,26.876960221216624,2585.815565152884,3,12,416,0.01413945723939175,0,0.2781075267950097,0.03959602328201103,normal,0
616.2881190291968,9,0,0,11.950882335325453,2637.4761181540775,3,3,1959,0.21136931882597682,0,0.15428561809641259,0.1953823698185413,normal,0
4393.965222397326,3,0,0,40.012522729650584,2425.3735552420735,1,12,1158,0.2472939849428833,0,0.03342804409876151,0.05508955029972371,normal,0
2040.0924083601542,6,0,1,5.260346449650822,2335.399903543008,0,4,185,0.11088191706726624,0,0.2535431263387233,0.29471095951358367,normal,0
2890.744919878808,17,0,1,44.74536023410566,3064.0208274029615,1,10,2642,0.10858858086874448,0,0.0760853361328426,0.14162689393077857,normal,0
2064.1719421418356,12,0,0,25.838445357202833,940.6426024250723,0,8,2071,0.14506657962029748,0,0.024283774733670292,0.22565133136007753,normal,0
1936.86583966615,23,0,0,44.85013971888559,1688.1152103903355,3,6,241,0.19423446671025726,0,0.044872829861453654,0.19678116551293207,normal,0
2081.710816531898,5,0,0,277.27488867999216,1666.9857946641102,5,3,127,0.729722868343651,0,0.41845779673250627,0.7953964324942441,deepfake_identity,1
2155.2951703908366,7,0,0,22.658404615069987,3194.492301896196,1,10,2065,0.14622710954263593,0,0.2585120131255547,0.23709511641734696,normal,0
3641.7900857215704,6,0,0,3.3162805669033792,2545.744678878818,0,3,2681,0.1513456539802669,0,0.08688733734150807,0.07419479885638992,normal,0
737.4225766400966,12,0,0,6.676448665607005,3952.4773905331167,0,12,540,0.06484457851259644,0,0.09384325025299146,0.20318082821265684,normal,0
19699.053653296316,19,0,1,179.410933536067,727.3376733114887,5,18,2233,0.6247825845370013,0,0.2688392462600025,0.4930710056445482,account_takeover,1
3064.938640848638,6,0,0,18.083894251626315,3094.010946151652,2,8,262,0.22834980334238153,0,0.1968550283554142,0.021608971598451265,normal,0
3244.4985467629353,4,0,0,45.76216550138411,2964.116275213787,0,10,1134,0.2025819593860874,0,0.10627185230039661,0.1280807995151124,normal,0
892.3033110425356,6,0,0,30.27082921758745,994.3963061295783,0,14,2216,0.06078017435831851,0,0.20166452387770667,0.0433770613892257,normal,0
4590.460668207124,17,0,0,38.03805937919312,3755.4762782918583,1,12,1346,0.14375863625867083,0,0.015988620046822045,0.17046423279243603,normal,0
4322.157935025594,1,0,0,18.05382252718931,1007.902444901742,2,11,2004,0.01282197440804358,0,0.2694456126759371,0.19005797591798732,normal,0
2580.095127917196,1,0,0,37.01564921654913,3144.936349882913,2,11,856,0.20543444454071272,0,0.2866134580968982,0.05689654141253087,normal,0
577.0977795769834,23,0,0,34.07648655622775,1027.192666307197,3,2,363,0.19098419391468258,0,0.16936379599013543,0.27786373080805504,normal,0
3766.943682962125,23,0,0,49.798702925732506,2125.3011547181272,2,7,887,0.2367252743793605,1,0.2295153289609333,0.025211623863245325,normal,0
13350.019101347312,14,1,0,228.90867249221492,1912.3395773030027,3,4,178,0.6101300277142584,0,0.10983690689113795,0.6360398315368827,synthetic_identity,1
3108.45450099364,20,0,0,31.213161768805225,3224.9825397687673,2,9,209,0.22450114476780567,0,0.17503580685994832,0.19049915734969916,normal,0
448.66282650175776,5,0,0,1.9609250640007292,1748.7504797937688,3,2,1285,0.07037580732557024,0,0.25552915565797796,0.17806626736482078,normal,0
2779.951492328837,21,0,0,22.949225346733442,3633.3454051882763,1,11,176,0.25806670951769206,0,0.1863397388178953,0.10662194959574335,normal,0
532.0479643258406,23,1,0,429.0354263804757,1497.6042901019973,1,2,234,0.5281618928853021,0,0.07361202188375789,0.5019140501815396,synthetic_identity,1
48733.55995287818,3,1,1,331.2033268970351,2808.461178729748,1,8,755,0.46592575941545306,1,0.40636135981436405,0.9736999353949033,account_takeover,1
4090.8955646857853,15,0,0,9.782387327635355,906.53270029635,1,12,99,0.07451725633059468,0,0.16244305559756939,0.16161012510959943,normal,0
189.339655114172,11,0,0,30.011270543024803,541.9294038312494,0,6,2252,0.21929365301088602,0,0.2373063705631284,0.13097582089260998,normal,0
4301.899977984426,9,0,1,32.116631027892545,3578.100807796911,1,1,250,0.1820267043425714,0,0.10152335508828833,0.2654380305643081,normal,0
1514.2897108772534,12,0,0,41.78966637889437,1488.060920039899,1,13,2871,0.15683752471950116,0,0.26235162075722934,0.2651297155873805,normal,0
4329.206786790408,3,0,0,4.719310021008444,1613.9980359076387,1,5,129,0.21233140467262318,0,0.06173149118144698,0.15145561683814904,normal,0
4908.162129217257,2,0,0,17.18109980635689,1394.2733930137392,1,5,1469,0.0553885629944174,0,0.16471881654979795,0.04258671537776767,normal,0
2807.2547402986565,17,0,0,47.9827097860487,3514.492011963476,0,1,1448,0.1569768044686524,0,0.12456559284003173,0.2868360718273914,normal,0
1693.924029972564,3,0,1,1.3078072266206553,3896.906800929209,3,12,1133,0.21958336071367157,0,0.2551375948749229,0.13631574528698617,normal,0
4419.014414485051,20,1,1,411.76174421270156,3087.6617731582687,4,6,1528,0.5691082901098922,0,0.14261373440793257,0.4842617104663571,behaviour_anomaly,1
1517.0184868501542,8,1,1,30.85264965886943,3495.9601599425732,0,14,287,0.15411390957808307,0,0.22223430015943288,0.18842790138450913,normal,0
969.0317079770208,20,0,0,114.72005310803162,2907.035655997424,8,36,1523,0.08196496023619029,0,0.3844102271226894,0.5726576382843668,velocity_attack,1
48206.8762283288,23,1,0,350.9929782319291,1719.7719104799046,4,11,2386,0.31846745106454144,1,0.32216617318577545,0.9368378564011168,account_takeover,1
3144.3330003430897,3,0,0,31.302816921466203,3385.577840003252,2,3,825,0.1804670287333824,0,0.2288925976075078,0.27358243131812215,normal,0
14022.162963523264,23,1,1,335.89504120229094,2466.668052283049,4,8,2190,0.4745062825717495,0,0.3514470257129231,0.9484013357231103,account_takeover,1
4510.113304650255,16,1,0,16.886746774077714,2887.0314947437946,0,13,2039,0.0612646282954523,0,0.25324565087263234,0.04406078760760807,normal,0
1854.884610992808,3,0,1,47.42795002328802,1198.053832908408,1,3,2859,0.21677454925094522,0,0.23925511353103174,0.15806166978546088,normal,0
9161.632858521221,21,1,0,183.65435245170204,3375.306407383735,4,16,1704,0.5225712772126159,0,0.4460577801403509,0.46264110546303294,behaviour_anomaly,1
3552.316697334482,22,1,0,47.773990347270754,2957.766786883452,3,8,617,0.2744949285548287,0,0.07184039922241807,0.12122332697339888,normal,0
4497.246859775773,0,0,0,36.35648592566469,685.653185242237,3,14,1645,0.16239910777592861,0,0.18312876469070458,0.26246020099094686,normal,0
4835.445190745396,0,0,0,33.66027049817751,2973.3586112168537,2,6,1596,0.2833487284041539,0,0.031459697645119,0.05414262440219912,normal,0
2489.5686362441957,2,0,0,40.8997690299891,3254.1917668143005,0,1,710,0.21233798407252588,0,0.0009654252335051349,0.2648859009758308,normal,0
13870.604117778175,4,0,0,387.1517085023732,3095.046267046248,5,14,2026,0.32004270599469414,0,0.4650661044984864,0.7240995393051597,behaviour_anomaly,1
37447.00819144051,23,1,0,1062.4660347362715,535.5522771500348,2,16,191,0.5096204108941949,0,0.4435794168418847,0.5868328140275603,account_takeover,1
6582.883936449882,2,0,0,292.9762494171551,2442.002502804773,3,6,1760,0.18257160530909072,0,0.5598768642715332,0.7336827009086875,social_engineering,1
13168.268502773211,7,0,0,17.077056160903936,628.8604525065479,2,16,419,0.7733473239256501,1,0.21042824096713136,0.39728910871330514,synthetic_identity,1
1879.9512232114703,15,1,0,5.58765018598314,3611.83647416532,0,1,2700,0.2120180283747117,0,0.22762844111361147,0.04186251583011895,normal,0
6932.9404165168535,5,0,0,16.888048074553097,2891.099420241999,3,14,1355,0.06668760960486941,0,0.5676284975366416,0.5415198102384817,social_engineering,1
1628.2092352422537,0,0,0,6.334530445259623,2034.1446430767076,2,9,1057,0.010349916723313179,0,0.21487341916333966,0.04450884330625384,normal,0
4435.790076710421,0,0,0,17.02238765208296,3589.116854666135,1,5,2402,0.0900601672942899,0,0.005937047290037045,0.2434594621593425,normal,0
9385.524421670716,11,0,1,244.6791396670394,1367.5148598124779,4,5,487,0.1292954181586221,0,0.41114957806072927,0.7051536946621577,behaviour_anomaly,1
1225.6116131132526,14,0,0,272.49790735917105,2764.7853335270115,0,7,2947,0.45320068667355534,0,0.0368479855373377,0.5040130713191562,behaviour_anomaly,1
3380.4860804711316,23,0,1,2.142051198697359,3749.6664606052504,3,11,1053,0.08780043217400274,0,0.06609763602959003,0.19265064226344056,normal,0
4563.543204019828,19,1,0,29.784386748403108,1145.6562359328343,1,11,2528,0.2645597587012556,0,0.21170694132813037,0.2510471873788321,normal,0
4958.510601554194,20,0,0,23.475111613716702,1657.4854125886154,2,8,378,0.2980058470653459,0,0.019200932742522037,0.08727567591001258,normal,0
667.7583916731356,20,0,0,21.7129880093432,1327.2754724699334,1,3,1813,0.26330635484365755,0,0.10980342643920869,0.01194923709321224,normal,0
354.6592898922148,8,0,0,35.04704695088763,3332.8533276366056,1,10,2464,0.24375580217288287,0,0.28994250583580294,0.1237190165593645,normal,0
1980.7814644719156,21,0,0,16.54892126190263,3670.3916376538014,2,5,881,0.2784528588516628,0,0.1494996247197656,0.2985643841745547,normal,0
1857.706074543366,19,0,0,11.149298237026873,2465.982326863126,1,2,2522,0.1119814949688023,0,0.15639712638058373,0.08886651742761133,normal,0
1929.9439311502558,19,0,0,37.49501313311011,3210.6831054963754,3,8,2216,0.0793875803858495,0,0.2658398251314783,0.18814661912823194,normal,0
4110.064081419723,15,0,0,20.314030461447512,974.6272395946834,0,3,2209,0.15313302690867767,0,0.15640518593217181,0.09392998352175182,normal,0
2650.6648027938063,1,0,0,0.23001514463258932,3597.84060338485,3,13,269,0.1993968597266816,0,0.12002632603190794,0.16838652688745978,normal,0
27628.772271188278,12,1,1,687.5489434608568,2046.2133461012434,4,2,2251,0.7705408354181902,0,0.06131878056435691,0.5637991491403653,account_takeover,1
1907.6768338918848,22,0,0,33.0094138921288,3582.3639094968958,0,14,2389,0.009431826892364114,0,0.15539489051549346,0.11711675547085806,normal,0
56466.42459549268,3,0,0,138.4029914836301,3788.4880742426008,4,11,2010,0.5040688085457506,0,0.0602956525829636,0.820554060567433,account_takeover,1
45113.56568031853,3,1,1,720.81255965303,1196.0547436303482,1,12,1726,0.5666875058119454,0,0.13277891487980442,0.6126806622242325,account_takeover,1
4675.987585886734,22,0,0,24.6041287110446,1540.766078251922,0,8,676,0.25017118525866755,0,0.1734413653798181,0.11377787401991274,normal,0
1752.9931791685542,5,0,0,49.094952723899894,681.7041474926294,0,1,1847,0.2872786847790052,0,0.27652810095234565,0.20250641231220443,normal,0
2513.336699712433,9,0,0,42.42883536979002,3511.5939563359548,1,7,2040,0.22934558125828675,0,0.20871387537871516,0.1684537818210002,normal,0
17562.586976619918,22,0,1,641.0226748692671,3294.6933829912728,3,12,121,0.6374804116326074,0,0.05328979056287938,0.3225617896078131,deepfake_identity,1
6264.939169405407,9,0,1,324.45467401086944,2788.9021269629516,4,14,445,0.6361811619105242,1,0.4098289715926476,0.36387550721551876,deepfake_identity,1
3510.501028463582,20,0,0,28.68399101454886,3694.2014932390025,2,1,1256,0.031336036414614875,0,0.09519230312947087,0.16156775244150992,normal,0
4353.477781526507,17,0,0,47.38486942934059,840.5564707926528,1,5,713,0.2542385600744448,0,0.10111252851361727,0.24443533256787828,normal,0
4666.937716999086,11,1,0,2.850877200926938,3507.091335896038,1,6,176,0.15425564847478263,0,0.17457409458210732,0.17961993370511095,normal,0
1866.091452993282,19,0,0,44.98463101388032,587.2069789007586,2,12,1218,0.057039687154890495,0,0.13638788972107227,0.19683065692794396,normal,0
1283.5305243382406,8,0,0,47.08672649411121,3751.2838910082714,3,7,2007,0.0663992437883152,0,0.04503116470087558,0.05955829017673786,normal,0
18809.425017580856,19,1,0,398.188377817305,1122.0220404441684,3,14,159,0.5381005770534883,1,0.3539214382380081,0.4401767780663809,synthetic_identity,1
4391.934132499484,15,0,0,46.43956086448828,3247.6324955324,0,2,2735,0.03663143778911313,0,0.2571044161561549,0.11401939631436112,normal,0
4843.574269108594,19,0,0,31.083135060180773,581.3765234945322,1,11,1960,0.103566018166253,0,0.2679148875713891,0.07352568839236454,normal,0
12927.180319546844,20,0,0,181.4980259058156,1433.0581989346958,0,1,190,0.6960765469207932,1,0.15358255952194694,0.46582934956555366,synthetic_identity,1
1853.2890121563894,13,0,0,19.67572100652249,759.2575237603476,2,14,2422,0.26101109045931864,0,0.2003363255568439,0.15277970704178223,normal,0
1514.5993101764293,8,0,0,36.44418538360934,2629.3565223351156,0,4,2577,0.16535915639754628,0,0.17173587154395,0.1586451694344618,normal,0
43791.7310635992,20,0,1,496.2594219167367,888.4791868041285,4,7,1901,0.38367872482924004,0,0.04507533520388568,0.6995946957704067,account_takeover,1
3453.139819734189,0,0,0,45.04471041176614,1278.9683807802608,3,10,360,0.20046355786723663,0,0.2932711321654801,0.23471614192487475,normal,0
14588.434383852898,22,0,0,129.39074040204557,1597.3585027373051,2,19,427,0.4542331848230511,0,0.032698210369679404,0.6596130697486862,behaviour_anomaly,1
2274.3760745923987,20,0,0,8.376524415213826,1300.1954052714052,3,3,1645,0.19475680540699553,0,0.18977794562983252,0.20913456310319262,normal,0
3470.6400392739856,10,0,0,32.242393884847694,2860.505123320913,3,3,659,0.2605088462833863,0,0.020717753689384565,0.0797125862077872,normal,0
2789.407458879044,2,1,0,14.089388796201213,2436.5087060139813,3,12,2982,0.064528815094123,0,0.06058302611776882,0.009185415786603868,normal,0
1013.9407009592858,20,0,0,21.316745272017297,3152.9441347677853,1,6,729,0.18914777136072058,0,0.13264302650957333,0.18622443629542854,normal,0
2800.683813390223,18,0,0,1.5813725342324947,3153.6426335868982,3,4,384,0.17207579938164308,0,0.04101932001634769,0.24419195362837304,normal,0
1945.714558104366,22,0,1,43.23627847589947,2667.8119000071865,1,3,2256,0.06484084754379717,0,0.03810568208372014,0.22936059631201422,normal,0
2035.7613554983002,17,0,0,19.137366210379938,2978.424031343628,0,12,567,0.20398716433350036,0,0.12330172892811042,0.15598757691229284,normal,0
7177.52660262233,17,1,1,425.97384130278596,824.1376481351369,3,1,276,0.4005867903656377,1,0.25550939280633056,0.21099796276787247,synthetic_identity,1
2601.8457115518436,2,0,0,47.143857357674506,1685.1736788677745,2,11,834,0.16355017445380685,0,0.15314461833439932,0.009234365642581854,normal,0
311.483568557823,5,0,0,7.051800546760107,3188.210996424043,0,7,261,0.15435117567100043,0,0.24340083586076097,0.26463629148321105,normal,0
4819.790443258996,3,0,0,8.056144835791684,1555.74646257513,2,13,2187,0.08892084865998498,0,0.23943675674107737,0.0458082863381802,normal,0
1850.2424365659197,3,0,0,39.35461487251638,1140.4360779028823,2,6,287,0.14322425392062496,0,0.04011907347452374,0.17133339991133134,normal,0
4792.363894076363,2,0,0,15.334863519349911,535.7446236449514,0,4,2802,0.1343229919645437,0,0.2957340995015858,0.20867119062270378,normal,0
1132.4543229492956,0,0,0,6.256460776036282,3322.0330666762206,1,7,2248,0.17455526522833975,0,0.22546466749876412,0.017827957066480816,normal,0
1727.7360622664626,11,0,0,12.113809699234418,2310.7151557707643,1,14,2052,0.12996312051438264,0,0.09694776103007295,0.2673325541737605,normal,0
2850.2582680905316,20,0,0,38.243099359371875,3740.4403790433644,3,11,38,0.16085014960743477,0,0.15910707136069216,0.225289045845546,normal,0
1895.1730321390894,5,0,0,28.935892771993426,3446.997079832148,2,10,2185,0.1752789869206064,0,0.053658498366765194,0.019453028894684452,normal,0
3673.6180223383103,7,0,0,35.458662657979474,708.9423779797003,3,13,2675,0.13315480217224568,0,0.07086508893711956,0.21294460052110958,normal,0
2228.576263132388,21,0,0,12.834390935129031,2823.5582215028626,1,4,681,0.024852869546248612,0,0.02460004437287386,0.1703197945624148,normal,0
102.92990029049702,17,0,1,19.830517102770017,1711.190772045592,2,1,2811,0.14467916499386277,0,0.03363716393553562,0.03400022975164086,normal,0
547.8182830257044,15,0,0,14.723376057863213,888.2778288048721,2,2,566,0.25635266735121176,1,0.014521449696976961,0.13780233318267993,normal,0
3958.9905207080183,0,0,0,30.260864201452076,1982.4684561840445,0,4,1564,0.0982714398649936,0,0.1356962750805735,0.06296354339405703,normal,0
954.6054088463476,9,0,0,27.93484819901324,1915.138065886083,2,9,1377,0.05006395287859866,0,0.2071052765945633,0.09554747130500853,normal,0
351.9864860728267,16,0,0,31.9005403463901,507.85997967179344,1,12,2999,0.06736548049280695,0,0.2286491453723394,0.2282896224679138,normal,0
664.2162741364856,0,1,1,0.8203214363474376,3748.9153218815686,0,9,1240,0.0034692266078105937,0,0.256041719382341,0.15557677726372596,normal,0
3859.222615762522,9,0,0,23.0406398987677,1974.322086652081,3,9,2404,0.21881327336241108,0,0.26953797499906346,0.18054675957190044,normal,0
6718.510487574031,21,0,0,32.52608994151935,3677.296985705093,4,6,902,0.07143846327755701,0,0.5267668619268222,0.3988533013269776,social_engineering,1
2553.0589135450473,9,0,0,30.90672256530389,1523.675245977986,2,5,648,0.1469451263600741,0,0.23650099905569089,0.06091368042447933,normal,0
2792.694725885583,14,0,0,13.035431949687526,2423.978771291832,0,2,1093,0.18407054110563914,1,0.095448401577471,0.15255948198339067,normal,0
15593.025151801288,11,0,1,612.5100431542218,690.0297966996766,2,1,72,0.8700340238133034,0,0.18687910855646495,0.7778307637397588,deepfake_identity,1
4522.509242729877,21,1,0,23.275736256443626,3864.766300124648,3,6,2338,0.16485827277051587,0,0.14834137034716324,0.27352118212358445,normal,0
3509.905679027132,16,0,1,41.633297491354284,2936.6586274547394,1,4,266,0.07389156732718682,0,0.14499116100491002,0.18820869125050338,normal,0
1801.657491249487,3,0,0,18.717030767506536,1703.5814914222804,0,4,997,0.23829954714601168,0,0.14181983802029785,0.13793038274093927,normal,0
3847.9279815564287,18,0,0,28.94944579993451,809.0421175363064,0,11,1918,0.04871217940821939,0,0.10623021709876258,0.2947988161499784,normal,0
2646.8923479244863,2,0,0,19.928169389701324,1072.6787249952374,1,11,1556,0.0519804589127969,0,0.25887567738336914,0.011561164507567766,normal,0
10969.188989972929,19,0,1,370.1424358775351,670.4790972156984,5,9,150,0.40846403574088247,1,0.08912090389761625,0.7489132060667674,deepfake_identity,1
2639.81529658231,9,0,0,37.48837791671234,1147.2377684820913,0,5,1504,0.06506818237171734,0,0.19335212353535192,0.18936884557639197,normal,0
2311.072786486842,13,0,0,27.5894390553329,2831.86894641152,0,10,490,0.13248064216254676,0,0.22988335696714604,0.14349476179997767,normal,0
1549.5380777330265,18,0,0,24.15137075952703,3912.7118397503154,0,4,537,0.236445893584376,0,0.2106015811725633,0.023180421614026368,normal,0
1760.4171817598829,6,0,0,2.0199840138483416,2074.9852550947912,1,7,2270,0.05382272525748694,0,0.17021933451285606,0.17911804234399642,normal,0
3904.4235076357845,16,0,0,37.748417753301794,1936.2159928083354,1,12,2574,0.20331045493324237,0,0.1943014153300464,0.014271905290906339,normal,0
12368.291971859167,13,0,0,76.80744244228666,3617.333957269414,4,8,374,0.4580664526957855,0,0.3869563269818607,0.7690629635626813,behaviour_anomaly,1
1675.3289361146217,6,0,0,19.24568859569753,2141.8562641025173,2,10,1540,0.23575675087773537,0,0.2101648178626643,0.050851876299916034,normal,0
1558.4863600845742,12,0,0,35.26463113472676,2644.3359256466942,3,4,87,0.04359018980434733,0,0.2672074896661246,0.19763340568000892,normal,0
38783.96738759907,22,0,1,681.8506019608197,1740.7665274532376,0,14,416,0.5131701297427915,1,0.31635428632610696,0.9855616274807018,account_takeover,1
50519.27102809727,0,1,1,498.6876521576107,2955.1778016384924,0,14,1965,0.6879037047185242,0,0.4367809023192934,0.8200712541761759,account_takeover,1
19456.745372828595,10,0,0,276.0691485122153,3899.1715416287275,4,1,423,0.7836303990976867,1,0.24961160701721263,0.3672833886524237,synthetic_identity,1
2515.0364637924886,9,0,0,33.06715358357371,3227.3252880525824,1,11,397,0.2595483820129638,0,0.05378188833674591,0.0939355266912794,normal,0
3829.0175556206946,4,0,1,44.83800238528128,3634.7075860953523,0,4,2266,0.05349652387717428,0,0.0012084809106580497,0.28938063960537774,normal,0
2126.2309984207996,21,0,0,24.808320260820043,2766.8989667904793,2,1,1415,0.23005975927472816,0,0.11844611351569795,0.1343098868919351,normal,0
484.43349995390736,1,0,0,39.99295505740425,3385.654302495155,1,6,1286,0.13224239215655295,0,0.12876933399409318,0.1482778833312284,normal,0
34935.92549370373,7,0,0,71.85205737088853,1402.9636366429286,3,17,1856,0.06345379384230215,0,0.3797399490448749,0.7974337290707563,social_engineering,1
4296.800221822779,21,0,0,11.897773572547543,2460.7334041322865,3,10,662,0.14784157673642712,0,0.02482342881121935,0.24651764153199368,normal,0
815.5029945551164,19,0,0,7.114878939899211,3597.743298174493,0,11,1030,0.06548715742263285,0,0.12230012764382725,0.047613671765855715,normal,0
3659.6624040537235,22,0,1,38.67826875975826,2674.1775216416045,2,14,2863,0.030293151145201435,0,0.05847581027598869,0.07916776853962902,normal,0
24624.43805746193,9,0,0,81.89882938218123,3095.93050477713,3,4,152,0.4621639050742327,0,0.10926913897990848,0.4380959531482169,deepfake_identity,1
140.7703496526749,10,0,0,404.6703578644624,665.610870218455,8,10,379,0.0777657564843543,0,0.2182063664253395,0.7783845273997679,velocity_attack,1
4971.282869983721,20,0,0,14.040948511550505,2538.59366371288,0,1,695,0.016951116218885887,0,0.10440113062795485,0.16971711047359694,normal,0
1793.339970766984,0,0,0,39.78492045725995,2452.2309546854585,3,8,1354,0.08877336199518593,0,0.1123094932411057,0.2489256892935965,normal,0
3933.8864798426603,23,0,0,21.150847621940656,1151.6587664234999,2,4,1175,0.18966633730269358,0,0.012259736305527624,0.02305309776294625,normal,0
3128.8283782436897,6,0,0,43.585445544865024,3444.71332311607,2,3,1214,0.22445213789342658,0,0.05788638019445651,0.004910275050710833,normal,0
1424.213691440838,9,0,0,45.62450672910241,1335.8871691130419,2,1,1868,0.14867070338116475,0,0.027588465809748487,0.03850435246096113,normal,0
434.04431598891847,14,0,0,4.9767830555408015,1615.7944281542427,2,14,2375,0.11502154811035153,0,0.13430210362765885,0.024796921413958405,normal,0
9348.876964014968,16,1,1,920.5279775826567,1501.1374477501536,1,7,1582,0.28536083298926607,1,0.04461403900565403,0.8635342631991941,account_takeover,1
904.7722710132222,10,1,0,408.64967550968413,1367.6218051272613,12,36,2448,0.18219861109655255,1,0.052134845600508274,0.5887239564216099,velocity_attack,1
1250.2966664523594,16,1,0,27.291500482712454,792.4948147800128,2,4,990,0.022818099286392047,0,0.2418056333353146,0.014735894134851667,normal,0
4372.033285951637,9,0,1,23.617931009938363,2219.7251419578142,2,10,633,0.25069378132736103,0,0.09868502123304601,0.13726276491915881,normal,0
2593.580943342413,5,0,0,41.89767772495329,3973.188183247955,3,7,2250,0.16851371588932995,0,0.044975940383911714,0.290206667198255,normal,0
3073.5500821466817,21,0,0,41.38136896810723,3942.480267827732,2,8,796,0.21716004863658026,0,0.27579039196098626,0.07709404120132135,normal,0
1227.043302709745,23,0,0,39.94511574102186,867.598226730463,3,12,1856,0.11814635087927977,0,0.20306613924764041,0.002242675940570915,normal,0
16619.05962775243,23,1,0,342.1840495137923,913.044464745586,0,1,266,0.409418968413141,1,0.48280702437407846,0.585958538592448,deepfake_identity,1
4550.319594631582,5,0,0,14.428952030888581,3741.1384567887458,1,4,2339,0.13738360043230644,0,0.006538940469834142,0.017735841850281032,normal,0
120.51847377699355,19,0,0,16.660636154580256,769.4472835979825,1,6,2158,0.14959312526688787,0,0.11723999517168596,0.017470677387180156,normal,0
1567.0383830212381,21,0,1,33.78549429019706,2412.65781454807,1,5,1999,0.1787337235253452,0,0.05363558490423143,0.054883620994926816,normal,0
428.17069892383046,9,0,0,31.15465636569529,3136.3195796049586,1,7,2939,0.2729060828915292,0,0.12684162219559098,0.11768587874146129,normal,0
300.2562197057464,17,0,1,31.989331438328982,2152.498179991352,2,2,776,0.26746363499920156,0,0.2989766865356922,0.22773673015520315,normal,0
3763.2859628636306,19,0,0,8.473329259726475,500.70489347008646,0,7,892,0.16372022585119264,1,0.25530810985344216,0.2306088995437199,normal,0
1475.347756028274,14,0,0,43.80022067323754,2294.641744279692,3,1,2538,0.0013025783282838654,0,0.1841425817379781,0.058604844627655146,normal,0
2842.2376234102676,20,0,0,22.476642299265357,1745.6733872997265,2,7,2878,0.035234214478165,0,0.20153442765009985,0.020409158389056714,normal,0
3211.958889251455,15,0,0,42.63893383157807,3429.539411760559,3,11,916,0.24474489022953566,1,0.11855771933424218,0.27259080854394574,normal,0
3105.1292559481576,1,0,0,11.013307659189419,1620.160409701025,3,3,1227,0.1666508854595439,0,0.25689839849390683,0.1524290284071224,normal,0
163.19760196867466,12,0,0,39.14710204393461,2028.1959448045757,1,2,2160,0.01931052150657466,0,0.22777479345602442,0.1450755944626813,normal,0
977.5010367277457,3,1,1,27.08014380597229,2190.491606009472,10,37,1193,0.44600094231973847,0,0.3680556766303402,0.325969612580723,velocity_attack,1
4127.114290522745,6,0,0,22.286294270619134,3373.2521713704687,3,2,2510,0.173797397267164,0,0.23339106279738164,0.23141167564192577,normal,0
1242.5252221036444,7,1,0,418.3120772448285,1685.1422781662202,6,38,1356,0.47945053911826635,0,0.1262963465516776,0.3970454124312603,velocity_attack,1
578.593358631281,13,0,0,0.5213613666737282,889.1698216814411,1,13,1495,0.10532971049986722,0,0.28903987303888334,0.09801874977378285,normal,0
3994.575387354077,13,0,1,31.52172645003671,3598.0793628957767,1,3,1267,0.14308677532728387,0,0.28475109986040154,0.05460169855369914,normal,0
748.2191578662203,11,0,1,386.48706340458557,2199.4102222679535,6,24,1848,0.28056158802284836,0,0.06245995502956303,0.739435782664686,velocity_attack,1
18595.83427454043,11,0,1,200.79607847864466,571.3983936737148,4,9,238,0.3520972027122279,0,0.15670355234060435,0.2247586966373772,synthetic_identity,1
1620.5115623122829,5,0,0,32.93243485749013,1342.3986207374264,3,9,2278,0.26530704292821017,0,0.009454988138849563,0.2903814620517422,normal,0
1644.9226553699907,15,0,1,35.13697441952675,2996.833889070983,1,11,697,0.2338356365687479,0,0.2973918244676862,0.1807450648037636,normal,0
4721.0716049490675,6,0,0,1.2950653739486395,1444.7935916138313,3,7,411,0.10929762700984591,0,0.22992734777521112,0.23151007918748504,normal,0
508.9740164479781,19,1,1,36.62779303585169,2626.894841579444,0,4,1999,0.057215262563948044,0,0.27283275912975397,0.18268279399076318,normal,0
1556.4652577722243,20,0,0,2.2228307213342346,3949.440031704976,1,3,1808,0.16892312851424135,0,0.19013357743697254,0.05802187964296831,normal,0
2682.503173167093,20,1,0,14.298033973772373,3827.0642151334046,0,13,2859,0.03685339828863593,0,0.22742287568437713,0.2809303486777937,normal,0
3619.8227593228194,18,0,0,0.8353045955782956,3630.053283375479,2,14,2382,0.14651210481491195,0,0.27077923354379463,0.21684707795931094,normal,0
602.3282239257248,12,0,0,16.81129864960496,1222.610614922325,2,2,1244,0.1390577727298326,0,0.02472908308399968,0.20794364219680816,normal,0
1410.2699365019523,11,0,0,40.139971575296265,3199.7680933597107,3,10,253,0.05330840665482073,0,0.27358757690358154,0.024471747235320862,normal,0
3393.4641822888047,1,0,0,42.98519441023719,3335.018211864784,2,7,2360,0.10674827611300318,0,0.11545168811356255,0.24895371110334422,normal,0
4446.7234788990745,12,0,0,46.92064727223794,2076.090149630976,3,10,1019,0.21680044078862185,0,0.25707349410608854,0.29617393222285066,normal,0
990.942339314793,14,0,0,24.772584572070315,3449.2410927520377,0,10,2313,0.043650583404612975,1,0.02194829865781298,0.11068786481214964,normal,0
1123.2240740716761,10,0,1,252.07149998315003,778.3494386674984,4,26,2632,0.29421600977109347,0,0.03406456376983691,0.5175650463520962,velocity_attack,1
13714.054887062539,10,0,1,130.2722708831903,3869.9307717591687,2,7,528,0.4492338142954201,0,0.47630490435666456,0.48467977029854836,deepfake_identity,1
1960.9503228782262,20,0,0,29.461649491501685,1675.276681799411,1,6,2417,0.009099381784148052,0,0.13911011828186104,0.09079380395921491,normal,0
264.308930205319,20,0,0,20.432989872759038,1562.6453803946151,2,7,126,0.07038515772909326,0,0.10048571033023658,0.22311708888823512,normal,0
9639.139344470257,3,1,1,672.6374418347785,3322.779623258919,4,4,389,0.5495271800514133,0,0.3012999232691225,0.7040295807525667,deepfake_identity,1
31949.314997802718,19,0,1,207.69038052436883,1155.9735974743057,2,7,1307,0.2075862279638337,0,0.5179590349687542,0.5975559581064298,social_engineering,1
28964.50726100749,20,1,0,227.25820434476339,1062.9097023507632,4,12,2510,0.8151561043771056,0,0.037108336361787286,0.4699990814709832,account_takeover,1
4236.640393902101,22,0,0,15.912838881656032,2850.6216688551503,2,3,2444,0.20901848833067097,0,0.10879428495776798,0.28278318103201017,normal,0
870.6387200806053,8,0,0,22.650340684672955,3409.681818681783,2,12,116,0.12457214063361793,0,0.20212925986890193,0.06239803037649616,normal,0
3342.1695721830265,15,0,0,6.907769497626731,3232.0534942283266,1,2,641,0.02974506244334142,0,0.224078853328427,0.16813131554073385,normal,0
13173.321560722774,0,0,0,126.51273949125897,3946.5785926923854,2,10,1981,0.388938979079865,0,0.2592317175477364,0.5254975920870382,behaviour_anomaly,1
3122.239678477452,20,0,0,27.967380627143328,1198.950677036929,0,8,1418,0.23286104018019957,0,0.1446327601780308,0.21133755772061807,normal,0
4009.779382117881,4,0,0,13.082450662230016,1785.5865684391217,3,3,2721,0.216389743771666,0,0.24594648836583136,0.023706095275663152,normal,0
2467.837171789632,23,0,0,0.6590018874725656,1539.3374883607542,3,12,446,0.17166899479017914,0,0.038260045971895404,0.07693640212679975,normal,0
4759.231455027011,2,0,0,36.14229376716446,1937.4996009563276,3,13,1941,0.1846842875412593,0,0.07023615439757393,0.23412186392255788,normal,0
180.5179584471511,15,0,0,448.6063413120795,979.0562477120598,6,14,269,0.1072337599457239,0,0.013618473365296736,0.5634633232849715,velocity_attack,1
2124.5453343178256,0,0,0,21.50117936725049,2545.550201553985,3,9,452,0.29115888022054476,0,0.061847743448591716,0.2349301452997668,normal,0
4044.9425606287473,16,0,0,2.254598595568902,3129.963071924545,0,7,1129,0.05618911431339182,0,0.298124052960741,0.04650703693412561,normal,0
2926.6011675502314,9,0,0,17.538629230056475,858.731357265799,2,13,2080,0.13360232720330173,0,0.1864767178044658,0.08175976959457722,normal,0
3515.4184134210677,9,1,1,10.291964349763811,1009.3520217794285,2,14,1824,0.22479242391036994,0,0.020173925506582,0.04567194429502135,normal,0
710.8471378960076,20,0,0,33.72971178677935,2476.855236971899,0,12,2295,0.04784080359624734,0,0.1089543677855784,0.1866026870635343,normal,0
2576.730077761205,16,1,0,17.605800356585128,2576.652908783074,2,12,2309,0.026688130134470377,0,0.0867911783441855,0.2439455375376135,normal,0
1277.465704906797,22,0,0,31.091979324700965,1395.7483222384253,3,2,1517,0.09611341324915139,0,0.2649694678443937,0.22454730866049474,normal,0
718.6972336660634,22,0,0,37.466108579161734,2753.9868142382,3,8,2112,0.08675048002776121,0,0.03126016289123372,0.11819982165985454,normal,0
45686.27548988163,6,0,1,556.379088611821,1102.6139153776774,3,7,1869,0.447535561588543,0,0.33499386694599453,0.725659814915036,account_takeover,1
1623.8133764067447,15,0,1,8.184514195190157,3988.4312313415644,2,1,2785,0.2873987463168683,0,0.18504249037349543,0.08851524132324942,normal,0
3795.8983694004114,5,0,0,43.10070534558201,3118.2719557133146,3,4,181,0.10044123302452501,0,0.0590986347080334,0.29134637365041377,normal,0
4922.140563278839,23,0,0,46.41425058253705,1781.0502350438792,1,13,659,0.16942546908848471,0,0.02618123921655715,0.29588528274381054,normal,0
3069.3851396280247,5,0,0,34.731250219104716,561.7056725342604,3,2,1548,0.046867240105419525,0,0.19818290693858467,0.15647745009251804,normal,0
1506.9759946144202,5,0,0,10.24805094387794,898.5837423063778,2,13,183,0.08551122751872448,0,0.2607362428619508,0.23049524729823953,normal,0
740.1964847349683,5,0,0,40.831118307615256,3263.5123188133143,3,11,1269,0.23428969297280067,0,0.1405168078807992,0.047834512701156816,normal,0
3164.623905816308,3,0,0,40.97615610479682,2099.1087000214275,0,3,1423,0.019622263752273206,0,0.20810429216922752,0.2622665205035806,normal,0
3394.028367741554,14,0,0,0.26512554664230303,2516.1143570368617,1,11,1456,0.17516886144189545,0,0.24751231506980337,0.23148243871087582,normal,0
2121.8470201582563,14,1,0,16.483978686506244,1162.9191793248679,2,12,2259,0.1999036030274377,0,0.07390703208975612,0.07429793843920733,normal,0
3868.0383343845015,14,1,0,45.27032324292137,1462.6409250938093,3,1,1640,0.2908910457003922,0,0.08824325882576195,0.0770205636116799,normal,0
2270.865161054335,0,0,0,32.742446638799,3723.6838915277995,1,13,2911,0.27297146217269097,0,0.20486806715000255,0.08427107997285092,normal,0
1492.943055344832,5,0,0,29.643160474675906,715.612847910787,0,6,320,0.08225833901048743,0,0.13591688822577708,0.13038427512342332,normal,0
2268.4730225922535,14,0,0,41.92877107362561,1050.3082084482312,0,6,667,0.03382709637642226,0,0.1717431225087753,0.025722587421378583,normal,0
3333.9218255674773,22,0,1,20.225820441173138,3765.1779406506244,2,4,2085,0.18961667768495924,0,0.14751808908131406,0.10776703901748198,normal,0
3036.5665063313045,1,0,0,3.4181249936454936,819.6287563784796,3,2,825,0.07927885062943676,0,0.2955003649373839,0.29674192531358745,normal,0
1143.5243913936627,4,0,0,12.335270363751427,1105.3069465480562,1,14,1720,0.17484673665172643,0,0.12375330960808034,0.1409724088206046,normal,0
11386.899980785522,20,1,0,137.56445652907556,2651.1580111154763,4,16,301,0.5904897645549106,0,0.2108445065852219,0.7710367466333796,synthetic_identity,1
3228.7771435540194,3,0,0,14.455062692921523,2818.028699930903,3,11,2380,0.17781232299011546,0,0.10932368137669574,0.03745556311509899,normal,0
1673.694547916172,2,0,1,23.804569494216793,859.0522941748341,2,1,267,0.20157080459512047,0,0.28736877183732407,0.014699191034071801,normal,0
350.56336906629355,6,0,0,13.346609892287814,1542.7590509465356,3,4,2103,0.07933040698662819,0,0.29937988013045186,0.1658169513728386,normal,0
438.28099086573707,15,0,0,4.043630192375014,2990.8861191518927,0,7,1119,0.06568891374485603,0,0.07934610476152741,0.17717632096107216,normal,0
3028.574585243245,3,0,0,21.22763264367456,1314.6944968350963,2,4,1573,0.2364116923343442,0,0.00044498712967507844,0.1533384869276771,normal,0
1793.9103681692052,11,0,0,36.268322407472205,1461.5517808456514,2,2,1291,0.06234381606060234,0,0.10153695249315882,0.21673812939833048,normal,0
1207.5420892983987,19,0,0,23.180108978167187,2255.561663356759,0,8,1937,0.2303786701894886,0,0.20656558441953615,0.14404883727299875,normal,0
19958.024208692506,11,1,0,326.7047382703541,1469.5841720534618,5,18,2182,0.2658403288405014,0,0.03759714200458791,0.49689552687684924,account_takeover,1
2003.934696224694,7,0,0,2.435958575787395,768.0552959597094,2,7,1745,0.2748358750301199,0,0.23910839566871792,0.06228632946303403,normal,0
4284.320122495079,15,0,0,24.154679915717498,2323.2314026525373,3,14,2849,0.012426162926610073,0,0.19641688071126456,0.2833527167216097,normal,0
2714.652478961704,0,1,0,7.157631142451298,3848.7698052307837,3,8,228,0.2491726566190024,0,0.14892322467164498,0.263398954746061,normal,0
3129.2685102496794,22,0,1,41.13845507536678,2436.5024559332987,3,2,2175,0.12377969905392862,0,0.259412686518409,0.020477290079944453,normal,0
986.3703167566018,3,0,0,12.06054197485647,596.4336128328191,2,7,1725,0.04418052724956357,0,0.07026475293092199,0.11552353593342629,normal,0
4175.31551401129,13,0,0,18.395665654876918,3248.451786465043,1,4,1659,0.02824064927644123,0,0.210768344543096,0.11933817737591912,normal,0
3869.193424406855,2,0,0,26.27718682298599,3742.2946906410652,0,10,1848,0.2801605120879784,0,0.193020038698516,0.2089770446382772,normal,0
4304.314027935423,12,0,0,31.374443832006655,3468.8283715561433,0,10,353,0.04055585461605845,0,0.12623490537795226,0.19499379689093446,normal,0
691.115768392944,6,0,0,9.410468822717272,3861.5105276045356,0,1,534,0.19310947109529217,0,0.18271250398344258,0.07159350345898696,normal,0
4471.028120367855,8,0,0,25.10288234511591,1386.668722243377,1,1,2358,0.2537564767075091,0,0.04757750787108356,0.21440966472076942,normal,0
4823.741351111017,8,0,0,33.77001107097785,3733.427501629585,0,5,839,0.2538336152961263,0,0.13289700606506108,0.28057639724452355,normal,0
503.1343889576032,15,1,0,10.539381697719186,2439.822235572652,2,12,2079,0.10124385539362353,0,0.24980214212616036,0.03869328266430775,normal,0
4778.839875249651,17,0,1,15.203729441567566,1812.8769616141053,2,7,1426,0.22332122514753358,0,0.050721521674133574,0.2902957961849138,normal,0
336.11146072715155,14,0,0,26.12849614124995,1284.6323249194324,3,4,472,0.04550394219166296,0,0.28213374034710254,0.16603301131408707,normal,0
1540.9305646662112,12,0,0,33.87127596064449,3431.4875312829986,3,7,1642,0.015303663752528972,0,0.28606677969533834,0.032128090298733,normal,0
3739.261953879907,5,0,0,8.497124553749186,3767.5581834567465,0,4,1111,0.24915534832455538,0,0.29276867035293375,0.12895062883311287,normal,0
1902.020819298719,20,0,0,10.033695105050144,2543.517984518623,1,7,1402,0.2805348723568168,0,0.12985846084872935,0.20874450038915116,normal,0
4842.031179820854,15,0,0,31.883767873840757,829.5199815266449,0,5,273,0.11708266692693875,0,0.26973713429560586,0.09014797279266186,normal,0
1860.1228602151828,7,0,0,18.50613102387717,2850.2772625393045,0,14,406,0.21303847195892303,0,0.0668571929798187,0.2912563760027457,normal,0
1645.2823420039756,5,0,0,5.438411577688829,3971.9818571344854,3,10,1196,0.10264696614300792,0,0.23520713485004602,0.29681474468191416,normal,0
4729.18690922791,0,0,0,47.45890100578829,3684.339747244813,1,2,198,0.25575800090864964,0,0.22310362084089866,0.17974416584649378,normal,0
3148.7509528774103,7,0,1,204.1573617295811,1350.291883665071,2,10,499,0.3886578230731376,1,0.08351911244928606,0.5965918709553173,synthetic_identity,1
8085.576820041523,10,1,1,232.70439411009048,1163.6224281545979,3,5,472,0.7877672413496645,0,0.20652632190621717,0.2422675194242499,synthetic_identity,1
154.05319570037136,15,0,0,47.203332463186484,3351.0479674873327,1,13,1311,0.2411202226324468,0,0.19202109966713357,0.1423016889621766,normal,0
2023.0451125244522,1,1,0,49.10949517077785,3549.2605040659123,1,6,1880,0.25484353364541146,0,0.2646356500447477,0.26248142077800757,normal,0
3259.6797597093378,3,0,0,38.99606582678977,3389.113096839188,1,1,1202,0.17324733628190334,0,0.15811252579555352,0.0718888876892083,normal,0
1086.429328329923,0,0,0,18.649269404150743,547.3183203635766,3,7,980,0.06983712844596038,0,0.024350931134202225,0.26499970305743603,normal,0
930.5144587618532,6,0,0,29.20214761138451,3806.8379906314863,2,6,2185,0.001526709728484754,0,0.2280078586625079,0.2359963529578404,normal,0
3990.72342742445,21,0,0,46.302138396302375,1800.0432523133006,0,13,512,0.08434796242004078,0,0.06794109720638539,0.07721253850209628,normal,0
3720.44671795186,15,0,1,35.72505462839251,2573.851655587421,1,14,447,0.15788286050859993,0,0.10798802519626026,0.29816659419894037,normal,0
2671.306514997965,22,0,0,1.9832704845607618,2522.6891039594966,3,4,1158,0.26908744785231725,0,0.13975429678597992,0.02790947551782007,normal,0
3835.197160405417,16,1,0,19.395018246931727,3104.302876570923,3,9,1668,0.2835139194064518,0,0.03247752923665933,0.16795857761448854,normal,0
2884.712156343811,4,0,1,44.437835926951294,1612.1022666672864,1,9,2745,0.29291151364464446,0,0.03830715519343296,0.23929796664354824,normal,0
1195.619608745318,16,0,0,21.178896450173106,3167.123021185084,1,9,101,0.2627323138710074,0,0.2819765677839517,0.14060677252607318,normal,0
4982.038254373512,21,0,0,30.236305981648698,1380.9387970465655,2,14,2022,0.22701988404495654,0,0.1882774200373384,0.15243612821477373,normal,0
2759.2108074754174,1,0,0,40.22647998625003,735.8439094541858,3,12,408,0.05117905798762409,0,0.1580529107842287,0.10681825941596579,normal,0
152.97430981246205,19,0,0,13.719354510285264,1507.535649478777,3,2,1705,0.11078896947799176,0,0.17488349758242464,0.18954959131421878,normal,0
3214.6620775678048,7,0,0,36.70810510181906,3309.262429074939,3,11,1469,0.18490936944225067,0,0.18733878416129837,0.1872656866391092,normal,0
3831.936115110716,19,0,0,10.735936377144606,3166.731836031018,0,5,2647,0.13135004203680037,0,0.06564894162787835,0.2239638581507118,normal,0
4665.52797625089,18,0,0,29.59688393531489,521.5869871722405,1,12,2672,0.05455156492445971,0,0.2764029815455558,0.2879437653956828,normal,0
3515.965448869865,23,0,0,41.407500208440695,3913.3270688737143,3,6,2407,0.04455123870657613,0,0.05353078952615579,0.21392901091580227,normal,0
3887.315261192964,9,0,0,42.90922051417706,3504.765048039595,1,13,970,0.2720736776034732,0,0.19604346553030408,0.0013256778737996465,normal,0
347.8082087387214,16,0,1,5.734694605739149,3973.1362890470723,1,4,654,0.11369236844763048,0,0.014526950491374079,0.016769841075862834,normal,0
881.7689325546229,14,0,0,0.20008379673510102,3277.6773685485205,2,14,2772,0.2783296196066056,0,0.10832967289040375,0.09462882035424552,normal,0
987.6318127199336,19,0,1,46.243708433136625,653.1309500236437,3,3,1695,0.24041875629751316,0,0.19427979369328197,0.18926327849982397,normal,0
3365.957685795871,18,0,0,28.49545401063808,3841.9449271370245,0,1,2427,0.15777944830828283,0,0.18825946582239597,0.24932854296432064,normal,0
3721.4281821029253,12,0,0,9.500920245773054,3467.498575299103,1,4,345,0.29759124082956806,0,0.10577738830680686,0.22821396312200934,normal,0
4366.674516235305,8,0,0,20.5319816010562,3903.117395314757,2,10,2836,0.014139375507210894,0,0.10360989442478001,0.19545938546825828,normal,0
2307.6662630194583,16,0,0,8.84414700797257,2908.6537375896155,1,2,586,0.29741444245517695,0,0.2340156146807625,0.26763364219132996,normal,0
5560.81037471526,21,0,1,159.12576810637628,500.4028823998504,5,4,2510,0.23536744169244211,0,0.2884730325692593,0.44992814592616115,behaviour_anomaly,1
4312.993906577063,1,0,0,8.452666508370033,1444.8541371537037,2,13,2431,0.23499209639428537,0,0.19450844009941884,0.27509972360815227,normal,0
118.71762102705723,21,0,1,5.123513316279199,1353.9545245253616,1,5,2035,0.17880806355876033,0,0.09828686557593516,0.03742859678979391,normal,0
1241.5014262928055,1,0,0,40.95160104181865,590.5523706242085,0,3,2617,0.18446995467145139,0,0.022102169586308673,0.22369253689949326,normal,0
3106.6601597635463,13,0,0,0.748987373585086,3348.3980819479953,0,9,2781,0.05642397152077193,0,0.13846213561885037,0.15468171253073362,normal,0
935.5682060677285,9,0,1,25.906695667216876,1876.3380110381795,0,12,227,0.006870153767539777,0,0.09113930904182757,0.1008627036649185,normal,0
1743.560522550518,11,0,1,383.9801940573482,2131.5880295958978,11,18,980,0.3820223488130972,0,0.2198401592540726,0.5677664275411343,velocity_attack,1
4847.501490899888,15,0,0,18.759759588393937,2043.51668271304,1,9,244,0.2054902309158616,0,0.023031636495975127,0.09101549098533675,normal,0
4040.411268421032,2,0,0,38.867089452217726,964.2978211280127,3,11,2513,0.11907732096981888,0,0.15265694679970712,0.1532006273872585,normal,0
2724.213692910396,6,0,0,24.514759674208065,3831.010552234236,1,4,1076,0.28344395777273734,0,0.06898975302002495,0.15178316725860422,normal,0
4920.026733790727,4,0,0,16.9377056112181,2639.896570594204,2,3,304,0.06272539786333253,0,0.14135530198842264,0.2684950652237855,normal,0
1284.9303992060588,19,1,1,204.691149038003,574.4743440024492,10,23,397,0.08983443269887031,0,0.33709904262756607,0.58768046965337,velocity_attack,1
1359.6071917271229,21,0,0,12.252819462687148,1193.9838877546467,0,9,1588,0.12426365767854154,0,0.2230434370514896,0.06429006208236017,normal,0
10104.230383981547,6,1,0,28.694153039622027,772.0897568947541,3,9,509,0.3029679061343684,1,0.26147237051957806,0.8129501041623156,behaviour_anomaly,1
1427.1875640909047,17,1,0,159.97628631464278,1206.5403590316807,8,34,1584,0.2399250042670074,0,0.14298107632681498,0.7379851715209148,velocity_attack,1
1995.0031968726332,12,0,0,40.67730899991599,2381.692127631267,2,14,379,0.12722078904929682,0,0.2977375283076141,0.2681939516308042,normal,0
3296.2290781005045,22,0,0,25.76581679456772,3267.5719305175016,0,11,1882,0.06267492505268303,0,0.20875852734068778,0.21912904471531156,normal,0
3138.64972922753,0,0,0,7.5804383492656395,1721.6434849168143,3,2,2035,0.07928293632266743,0,0.265955471488985,0.07508544248098933,normal,0
461.6031672034544,15,0,0,8.731919034317725,3181.526661810932,1,13,75,0.17812376053397505,1,0.22030076342172614,0.22014856446884834,normal,0
3757.807885078318,22,0,0,40.72893630013344,3288.531771582777,1,4,2584,0.19661494466111815,0,0.05681744486144846,0.23117685244880995,normal,0
2004.7591045950787,14,0,0,9.686925573252436,3391.3037086340078,2,13,2044,0.22795434988118887,0,0.07506431852140677,0.10069584646921255,normal,0
1109.3021757971123,20,0,0,8.443434607486639,2746.0033422956117,0,7,2137,0.16343043962264744,0,0.15818441701194064,0.2103438243631329,normal,0
4985.910050772784,11,0,0,33.00330008167499,3703.096259279082,1,10,372,0.08814581987144185,0,0.07104096681499424,0.039931805259202355,normal,0
4570.5803935217855,2,0,0,41.46153147377758,2404.195306526452,1,13,2097,0.0924783356708075,0,0.11651501765171264,0.058333702994646686,normal,0
3662.5781319154116,0,0,0,40.227090050614784,1704.0362840016533,2,8,1935,0.06581933054558341,0,0.24994755929288273,0.1183163472902279,normal,0
3074.760776835026,13,0,0,29.552377742834405,566.4963095026776,2,7,1697,0.15370512343196713,0,0.060378145366723986,0.02450528563301634,normal,0
3370.9945065282054,17,0,0,4.29891984375208,2092.872052844996,1,8,2097,0.27236934599101714,0,0.2714353578586747,0.007793191239859443,normal,0
1836.6822490859688,4,0,0,29.399492912013038,3260.5139888279737,1,7,2098,0.08202709409930035,0,0.04668491278535065,0.11989947172672255,normal,0
2931.666452201033,1,0,0,40.963100236101454,988.4838605791258,3,7,435,0.28270945397265673,0,0.05326433071203701,0.2521730732504245,normal,0
4540.101948352255,16,0,0,43.21656473831047,1147.5451225354666,1,3,1601,0.05527963095774865,0,0.1748232146545231,0.09926921711175306,normal,0
1961.8974869304336,18,0,1,6.517460333124197,2595.3671167362986,0,14,2257,0.2787329987411772,0,0.008511065715644228,0.2955636756439463,normal,0
299.7981936183432,9,0,0,49.96764649350165,1902.804308017081,1,10,2849,0.2656684871201,0,0.028682981757822256,0.061456930058084246,normal,0
2152.0872634633906,23,0,0,13.607750754813386,1652.4235677017468,2,11,761,0.007310427797748952,0,0.2218540820574481,0.22623261034512998,normal,0
1775.173613589562,17,0,0,38.63156942720708,1146.582095916675,3,4,2087,0.16940368243802914,0,0.1240094242286002,0.13991923293163028,normal,0
19707.43626876133,12,0,1,641.948136137905,1374.3411017400042,4,11,2280,0.3039353107996247,1,0.3637841800356495,0.6019694550746875,account_takeover,1
4848.602887689975,4,0,0,24.653782794657246,592.233557572898,3,1,345,0.12325218432825324,0,0.08122744299760169,0.2823140552477691,normal,0
1794.826979069488,5,0,1,5.508809136648784,2157.104233469191,2,6,1430,0.00596241930678022,0,0.07383836449778947,0.25618056343083306,normal,0
4330.334882901943,19,0,0,21.802841525893353,1785.3604338736702,3,14,2555,0.2327018421217375,0,0.03268162848024921,0.11588868659226675,normal,0
1326.190201006517,3,0,0,28.63332517359463,3684.7705677962554,0,3,2139,0.12895653705927848,0,0.013834496702179488,0.09813052850245078,normal,0
1367.0987965604418,1,0,0,28.44979173518357,3080.4553937796036,2,5,183,0.11956563394942633,0,0.03656984535054956,0.013920126702895707,normal,0
3735.690874618531,10,0,0,37.58709397529715,3068.651455261266,3,10,1736,0.09686727285975107,0,0.12637664150566433,0.23694607807203188,normal,0
35296.468080845814,15,1,0,62.94786332184093,3655.6149430483874,3,16,1733,0.05256709882370916,0,0.781699130411625,0.676172481106279,social_engineering,1
552.5665877457548,8,1,0,3.1162751192038654,2434.6022669282056,1,7,2204,0.0914835094294091,0,0.020890849051631466,0.09309426188867274,normal,0
4845.832925329471,0,0,0,47.412664267665086,634.522188605594,3,1,1243,0.17613486432554018,0,0.16696794089780312,0.03449555830305462,normal,0
593.1236447653133,17,0,0,5.246132263732184,708.6785276733603,3,3,1688,0.031126306718903384,0,0.06594095069708525,0.007201968662350511,normal,0
3669.0171862642655,14,0,0,26.906633638144463,938.4134879317853,1,11,1163,0.2540188925123277,0,0.20629744173089018,0.259231003702065,normal,0
3077.9102949064095,18,0,0,17.46923458349135,1449.2606662349156,0,8,2108,0.25467906854331135,0,0.2441077910070199,0.07150517709538934,normal,0
144.36539174381778,15,0,0,35.669070494287425,621.1860082180841,1,4,130,0.2881671671704775,0,0.2587552852403084,0.20529790840059167,normal,0
13246.146425047396,23,0,1,17.63185069046136,1355.310804695383,4,1,421,0.28924633184835247,1,0.09384321647987054,0.8139333188689644,behaviour_anomaly,1
13919.725302814959,11,1,1,150.4468101328767,3038.087276421154,2,14,1882,0.17218912724642843,0,0.27379895737943244,0.5492670466696782,behaviour_anomaly,1
1114.2636343482914,10,0,0,41.54706982306534,1573.3267836024818,3,11,2926,0.007967234453778959,0,0.2598395038920849,0.002959150613966632,normal,0
405.73093613155845,3,0,0,32.06704807449982,2127.8665419903905,0,7,1815,0.09831336585966878,0,0.09807918377019308,0.2617914468038249,normal,0
3486.1734824223827,6,0,0,27.939755771530105,703.2101561306379,3,11,1517,0.014212418274420113,0,0.07669338955974232,0.07037729585073184,normal,0
38931.73639086449,15,0,0,212.03061295112565,1120.0914805349073,0,1,2445,0.38348968083062046,0,0.7045480285071358,0.2537656818705205,social_engineering,1
1484.2307232669762,14,0,0,18.267296508916342,3087.1194955004985,1,14,2894,0.2774100474791987,0,0.12838731464112968,0.10807506980184675,normal,0
3719.743438560175,11,0,0,42.50752488553203,2081.4734839179764,2,11,2785,0.02653167826103935,0,0.17895789831241293,0.24629487331586059,normal,0
24392.009660231797,16,0,0,346.84055839752097,948.4831585179775,0,2,109,0.4271185443869506,0,0.1860790332705759,0.8193910907799327,deepfake_identity,1
3565.469308135653,4,0,1,27.467261691752643,3609.7273860252412,0,6,644,0.12447152126000954,0,0.26553614859885233,0.1625406015847319,normal,0
426.5949987473808,23,0,0,26.043241192310596,1355.7384992067246,3,2,821,0.0016706581870983728,0,0.1927980981649254,0.013595403779886427,normal,0
4462.26445978723,14,0,0,5.847273574654022,1614.8452157149097,0,11,1667,0.2605512350870589,0,0.08100851693607167,0.23533021420296624,normal,0
1737.5442994482387,6,0,0,33.51529406453761,2552.7818499260816,0,13,2982,0.09029929430509993,0,0.0725253554321264,0.21290252846382476,normal,0
1981.0669847287359,8,0,0,15.387702203219694,951.3839534807191,1,12,1692,0.1966329375703685,0,0.23678401269585636,0.06171092265759489,normal,0
4047.7837494552605,12,1,0,29.294110617639586,759.1678796486988,1,12,215,0.05428348627124847,0,0.08121452889798891,0.12252312552346929,normal,0
23040.719078621532,11,0,0,197.2808382755708,3938.2971852473925,3,8,294,0.7576923635042307,1,0.3875944000855613,0.8096269915701333,deepfake_identity,1
1786.0489274622662,18,0,0,37.38023339421891,3561.3080194667887,0,2,2792,0.06640116242344181,0,0.031187222094081434,0.24195526133398806,normal,0
1679.5338403761425,4,1,0,49.030560062695436,1455.0500775732405,2,7,1363,0.12395185957395592,0,0.011536494945313102,0.07626496813029142,normal,0
1923.6184168038153,1,0,0,7.19098847679544,930.6756760819026,0,14,2749,0.18003532799044042,0,0.24095505250393223,0.2003793576125986,normal,0
1553.4011625697563,6,0,0,16.865024892001106,2886.107450568793,0,14,2995,0.09057730634735978,0,0.16249618475563957,0.007734677648328891,normal,0
3295.8988717728153,3,0,0,4.679890306332712,1307.1106516726213,2,13,700,0.17913966945257245,0,0.2130110455137789,0.06688775373070319,normal,0
4355.206667339977,13,0,0,18.4580772115099,2251.5695626321076,3,5,2695,0.023046894963313358,1,0.1512942128990046,0.20931694026826447,normal,0
4348.454330999998,9,0,0,33.03752774566491,3403.2614591409974,3,14,388,0.05950908187202539,0,0.12109791476591118,0.294824904715281,normal,0
1073.3584267972883,22,0,0,24.303106216147512,3884.0238485154614,1,13,329,0.20761766712823312,0,0.2819762619068164,0.22538243333024785,normal,0
842.8158665204869,2,0,0,38.8679914218446,1629.3920884522704,2,14,2399,0.03346779646617084,0,0.10688788809932127,0.048918197243612134,normal,0
820.6600565522859,14,0,0,28.694293368794614,2118.9067052387827,0,8,1437,0.23216794169354527,0,0.20238103534799995,0.21680719906632914,normal,0
2942.4352898803277,2,0,0,18.731693480143324,1645.7610841647172,0,6,424,0.16827057643075505,1,0.11979686281744673,0.2863443331644618,normal,0
3945.995187846191,16,0,0,41.8587285172222,1296.8390519230054,2,14,1289,0.07725095241130943,0,0.2157189878367965,0.2005531850622492,normal,0
4064.2158374292144,12,0,1,9.335099227915372,2242.0399927528233,3,3,2914,0.15715057211586628,0,0.015214564602373403,0.27693079589472624,normal,0
4060.3525290451885,21,0,0,27.456409048466764,3942.434621072211,3,5,1568,0.09959904444798663,0,0.11343844516040055,0.1885399010575001,normal,0
4020.3477466258814,9,0,0,19.15219064250418,3293.533425586569,1,7,438,0.22172195118802748,0,0.16885089613211066,0.2725251189201983,normal,0
167.0438323273374,21,0,0,39.885328674368836,1607.0821591078127,1,11,808,0.06709397544707764,0,0.2657682993197373,0.03501084024457502,normal,0
1059.5821122579232,19,0,1,3.4820745405659324,2289.4408669719205,1,5,1844,0.05580186988005361,0,0.21145211155340504,0.08367499772238561,normal,0
30214.213013075918,8,1,1,1149.7697970728527,670.9433344579923,3,2,1975,0.2762606329795201,1,0.18860018877424023,0.5949970529430069,account_takeover,1
2366.420109052425,15,0,0,13.541958241897756,3721.8104374652335,2,11,1956,0.12390247612771904,0,0.26624859094717085,0.17260401672152345,normal,0
4447.342438624,11,0,0,18.166641283632924,2588.9741179862817,1,3,580,0.12281892944919598,0,0.03456167549002591,0.05085029855437425,normal,0
4594.83651976499,21,0,0,47.59559750223352,3612.4280418873163,3,13,2021,0.020618460471719936,0,0.23827329527826951,0.2825093770261514,normal,0
4239.889023750327,23,1,0,28.915521506296166,514.2997923764948,2,7,1189,0.09059164132255382,1,0.20110608734657237,0.1399663880773075,normal,0
4629.541357344999,2,0,1,11.061453088765822,1439.8414749012725,3,14,1834,0.16035522726891063,0,0.060363717692446237,0.06242926830994294,normal,0
3317.974475135879,5,0,0,39.39390508516268,3569.2839978630645,0,10,2689,0.04408436516951646,0,0.03502938337604587,0.16353654944298548,normal,0
3996.412354366648,9,0,0,31.01689027218998,538.1238707161402,0,14,1606,0.1515154889530678,0,0.2803481327874903,0.09299268043727844,normal,0
3346.3591933345115,8,0,0,34.80867574280104,1941.3665080852822,2,5,1076,0.21723662104371247,0,0.11946172708956648,0.012407157670154345,normal,0
1581.4329218223193,15,0,1,29.46280364513373,3528.3594974766083,2,1,525,0.1958241433392788,0,0.18326903829775731,0.1061833690679608,normal,0
167.92446597301458,19,0,1,31.895086452465964,1486.057393316933,1,1,648,0.22140184386040412,0,0.14325036217977968,0.040901750185936635,normal,0
4850.9646760463365,18,0,0,34.384027058995095,3116.9185319502294,1,5,1563,0.20484875113192255,0,0.09084886826403583,0.10880087426423352,normal,0
2046.1992951304287,9,0,0,11.034551641952767,2327.024472050746,2,9,1461,0.19117367984612996,0,0.05392777905808897,0.11905051549192962,normal,0
1263.6449280860618,17,1,0,24.620780706427347,1510.470237831095,0,12,1516,0.044943292929781366,0,0.07600405463655503,0.2565204691208913,normal,0
3328.038496882515,11,0,0,9.114626943454624,1311.0373471012686,0,3,112,0.08853834294170622,0,0.21108172280926948,0.1247626351451942,normal,0
3861.0813797377996,22,0,0,40.59151887482342,2179.1711689488693,2,12,1860,0.05618192650619464,0,0.12379117666374825,0.07119697375450686,normal,0
2903.402522238811,2,0,0,17.220803012783858,2020.70499583285,3,3,2862,0.1743216184943456,0,0.19805668477216104,0.28306182952080794,normal,0
4925.806173536132,18,0,0,2.5462053813350485,718.6237193559525,2,3,203,0.01744748251518776,0,0.24960679955325454,0.13278351325021884,normal,0
1380.6742308564235,22,0,0,140.24864122170965,2508.2201452392574,6,34,893,0.10387151312029066,0,0.3612015447901407,0.5985719197988106,velocity_attack,1
1471.67609503512,20,0,1,44.46128010424468,1440.0166328053438,1,4,664,0.022322280447059528,0,0.14479655754403606,0.29240303703585874,normal,0
100.15052234237383,15,0,0,5.938370647030999,1141.035119025497,2,1,985,0.17329254999779634,0,0.287682378164105,0.10243549131603123,normal,0
4283.546116352868,5,0,0,13.311393350498351,1665.7651875664944,3,3,2223,0.23299059656530913,0,0.15507839372225476,0.06877599983805846,normal,0
734.6231142857405,6,0,0,44.47775572510032,2957.3590292505687,3,2,1157,0.23398391490039422,0,0.24187589210758575,0.06749322059522966,normal,0
3745.336833606117,6,0,0,37.64938465644246,3644.7300677853927,3,13,2469,0.23625694227970614,0,0.2498022051572995,0.08513392863349024,normal,0
2763.409019458544,20,0,0,14.290346303947555,1823.7179679202643,3,13,900,0.1846086769202779,1,0.06872946943326987,0.07359394495855105,normal,0
904.9024098618654,1,0,0,21.91046405556058,1042.6202648923058,2,13,2576,0.03938286047213189,0,0.12212062208657032,0.017475339724461202,normal,0
1915.3133036777717,10,0,0,49.42783024217825,3436.201918598545,1,5,937,0.07674506500276944,0,0.24165904617404127,0.0784505175036265,normal,0
1121.7015203509454,3,0,0,10.107130312169266,2429.76937584135,0,4,731,0.1933526382846953,0,0.2698611241164368,0.07206911947566477,normal,0
3466.3944058658894,3,0,1,20.980651070030444,1108.2447133432267,3,8,2509,0.172092439512014,0,0.2789189939113285,0.19120645698317715,normal,0
4723.718008821234,2,0,0,10.212047762408083,2359.279043586743,0,13,2276,0.029565021713203007,0,0.10731534054752698,0.22293950871280227,normal,0
4669.518904254629,17,0,0,35.538684158339876,941.7314436891796,0,13,2454,0.264184489105989,0,0.19569260111017184,0.27721643040285643,normal,0
3828.85472413766,18,1,0,45.864902374780634,1763.6295238316425,3,8,285,0.2977236549473789,0,0.28348349133619655,0.09920235919287132,normal,0
3135.502695447111,19,0,0,11.266436316438766,1443.2663582642767,2,10,250,0.14644167679932527,0,0.273444953451856,0.013647958835572082,normal,0
15816.216043194147,14,1,1,310.6343956912694,2629.448537342594,2,13,59,0.5301130430634254,0,0.2433471287509536,0.543718235867048,synthetic_identity,1
2792.691523386304,6,0,0,47.630093087158095,678.2675294950682,1,1,2298,0.20979701852800706,0,0.29878951111527674,0.14468417774082268,normal,0
251.6833755047833,22,0,0,49.5178378862812,3474.2142022677835,1,8,1427,0.1101190325629093,0,0.08960906505781642,0.24863208301885295,normal,0
21167.454831775187,13,0,1,314.9650394575387,1981.5111816161884,1,1,2685,0.6876357467791041,0,0.27132269130638265,0.5222352305798331,account_takeover,1
2069.4614766852865,10,0,0,23.9359949795591,2551.2334243139394,2,10,237,0.11575506276121063,0,0.16386138106053028,0.012596505028531779,normal,0
24709.44649795869,17,0,1,512.8298661783925,3188.7726673197644,4,11,517,0.8966074275058924,0,0.24027814324459357,0.7179705232880866,deepfake_identity,1
3395.0564403226413,0,1,0,44.84136645434732,2693.367507171569,1,8,2821,0.22289617644228696,0,0.06624199157270112,0.03144860257921791,normal,0
654.3967644163873,3,0,0,429.52119249556415,651.7291105323268,11,20,2581,0.28395419446844883,0,0.0907178613705899,0.32931189789474574,velocity_attack,1
12637.199840042706,22,0,1,223.52820746954677,3943.7412925077215,2,12,2096,0.38074905914435075,0,0.046432673217409126,0.4066309919888269,behaviour_anomaly,1
3825.116513459464,2,0,0,12.667939110740345,1831.5133037105736,0,2,2326,0.09550812394334404,0,0.2185495729922314,0.2996499712899633,normal,0
290.998671239539,13,0,0,35.919524480180726,3064.31569457081,0,12,1170,0.12560720265047393,0,0.026158285177463214,0.19617351125412777,normal,0
2990.5966655877023,11,0,0,36.86232441819388,3879.13189593552,3,10,2925,0.2537145971667464,0,0.22972830723117635,0.07720249111223824,normal,0
1237.852083447411,6,0,0,113.93583141230069,2537.2248634323305,9,32,519,0.14596815505062694,0,0.2371765678704001,0.30254325993665443,velocity_attack,1
1664.636824193033,16,0,0,6.337809781270753,2153.372608740083,2,10,792,0.18105353724423892,0,0.22960312670877508,0.11943666661122236,normal,0
2526.366859545224,11,0,0,24.964170058152657,1966.7383494507458,0,13,1018,0.10470629869647571,0,0.246443031715673,0.17358957543930345,normal,0
789.4864874389162,15,0,0,16.070705051000388,3751.9102660465774,2,6,389,0.11666916083705144,0,0.08866677616694248,0.28024620778715537,normal,0
274.3921309517343,21,0,0,39.28853598649292,1945.007806539172,1,13,36,0.08596738352581301,0,0.11384377510149318,0.003600292772087443,normal,0
1076.1548469808604,7,0,0,48.64773665114073,2275.6206733934628,1,2,1294,0.1940947856051246,0,0.08776886695778707,0.1128188424172943,normal,0
1426.1553157106518,6,0,0,9.87719442657793,1976.5943499115806,1,2,1583,0.09485670604947553,0,0.10286625597523527,0.16284215383155182,normal,0
2620.8605059254814,17,0,0,49.68111074820162,1810.4518196126196,0,13,1031,0.12783375530858426,0,0.10992924717930493,0.25165922317180717,normal,0
2202.4056095830633,8,0,0,28.706104688701096,1595.0007470918006,1,8,1517,0.1835339226658152,0,0.1471164174619812,0.026109296276067062,normal,0
3047.614008569138,14,0,0,0.6417800698368448,1684.46620025347,3,10,320,0.10003659848167236,0,0.2965404144261223,0.16934317531023454,normal,0
14030.337375616356,14,0,1,276.0902715725441,1799.4880435016146,2,14,332,0.5991144900372248,0,0.282403671055283,0.7376705374353658,deepfake_identity,1
423.44823628718376,10,0,0,34.61080309222387,2431.1654570840738,0,7,1262,0.18966569047413237,0,0.032947494903196706,0.23882876491558006,normal,0
19598.75400120653,7,0,0,470.26100055406414,3430.6725514645227,5,2,47,0.6071965651114957,0,0.3809072619316851,0.7911447188665373,deepfake_identity,1
4735.030755757224,23,0,0,42.44494487057834,962.1723070419607,0,13,2741,0.20726966616828926,0,0.11119479859813086,0.24344079573101424,normal,0
1527.0227869704054,4,1,0,37.67477807402793,1457.4359919897893,2,7,268,0.28288049222224965,0,0.18835470532026316,0.0013257926696790157,normal,0
438.32494094153867,20,0,0,35.524303414478204,1481.3152922585527,2,1,801,0.025958811419333847,0,0.1883460422328516,0.18149394389748288,normal,0
3793.7957852175514,14,0,0,121.98464539235265,1948.9886166684926,2,7,870,0.5445485022085091,0,0.278467986723551,0.42843635325954155,behaviour_anomaly,1
2114.039502052853,14,0,0,48.15215111971072,2308.3620868023568,2,13,2856,0.12367715832604109,0,0.29624869541926313,0.1741242654649792,normal,0
3978.635192697713,13,0,0,33.71262396424255,3267.6255812288773,2,13,224,0.20740886811353731,0,0.22485852101522985,0.13999635016994771,normal,0
2585.450562573123,2,0,0,2.807522701225895,2987.0971696961305,0,8,2068,0.20512753512959045,0,0.0914802495646356,0.17506165784510566,normal,0
1738.5657770448684,6,0,0,17.863946505202204,1569.6512658912345,1,9,2024,0.17765249680272374,0,0.20599738340487506,0.2067672394494601,normal,0
2953.871025215508,4,0,0,27.22570223046069,3288.936726396406,1,12,2484,0.1794066563345875,0,0.14957056576668556,0.01060863320646741,normal,0
967.8423290945399,15,0,1,19.044357414734804,2715.0179688477024,1,8,133,0.000408576731551924,0,0.029053851753165383,0.2614095133671545,normal,0
31953.551281717882,2,1,0,499.5984026112983,1670.6703712105855,2,9,838,0.3437071244691391,0,0.3538789453756759,0.6479310198007768,account_takeover,1
2075.718005052936,5,0,0,21.13039396370533,1561.754001077887,2,9,2639,0.02316605123168175,1,0.031261299883075466,0.12051626764382702,normal,0
3921.390174702357,18,0,0,33.284877403696015,2865.773073481896,3,8,2378,0.25019022286540216,0,0.19886578328492993,0.24741340904659967,normal,0
4894.774795106789,16,0,0,39.32217019608997,1361.656137604018,0,1,108,0.21722123109873262,0,0.25940338433874544,0.24754371372234257,normal,0
2827.234299660551,8,0,0,40.006897119197085,1531.461118157981,3,8,196,0.1653850188088105,0,0.07418484442889185,0.15508522878764744,normal,0
3829.4955315114744,19,0,0,11.901288974041318,1442.7773946049897,3,4,943,0.1447279093069238,0,0.26378007576170437,0.10346676188368065,normal,0
161.77684788121928,11,1,0,39.5428088843427,2500.4207119723865,1,9,276,0.007726917522173393,0,0.21272699346457102,0.11865692192668355,normal,0
2673.300579968595,19,0,0,15.613621006783756,3376.658536714505,1,11,1524,0.20492319537788356,0,0.05776752755893122,0.02066920815317611,normal,0
1905.7790842464296,21,0,0,11.942601768409993,1846.9049121344342,3,14,912,0.05358135130790437,0,0.14640421142186463,0.119494677471227,normal,0
3074.738935721895,16,0,0,46.80433679563632,1250.6952857575445,1,12,234,0.06897663972320721,0,0.27435875782211483,0.159555577057062,normal,0
13214.10948040157,5,0,0,125.34786415060168,509.2297964618509,3,8,1676,0.4008846755805901,0,0.6394003477852329,0.5506960436366701,social_engineering,1
689.0154226908236,1,0,0,30.982522508415794,3314.338947817346,0,11,1510,0.1989377703164997,0,0.22504764105010516,0.043833408174439405,normal,0
4307.620794098412,14,0,0,12.950103589724577,2202.588810985321,1,8,756,0.09756950630345514,0,0.1997534904790646,0.23879677803799143,normal,0
41012.6348820235,3,0,0,190.86488790913876,3977.155235592063,1,12,1354,0.3237817768671792,0,0.5386350294669295,0.4007104842306999,social_engineering,1
3923.79096473372,9,0,0,12.645953838193208,1101.4230834011519,0,1,681,0.08967361236132494,0,0.2541709733089259,0.026525335384524996,normal,0
4159.499567300674,10,1,0,34.47894351561887,3796.250046283485,1,9,2144,0.05654494634956254,0,0.1240029733207151,0.2891626359485289,normal,0
2935.509502004728,16,0,1,13.307390213220438,1641.440410080858,2,7,1833,0.09506673571864506,0,0.2848716886905951,0.157008428824733,normal,0
3638.501853733939,8,0,0,0.7730387352305024,580.9766816404749,0,6,2627,0.26809660801856666,0,0.09270127449971412,0.09468918241923253,normal,0
3993.433565630932,15,0,0,3.51653913422198,2416.8988750705803,3,12,1768,0.2732971459869495,0,0.1518127065103509,0.2819529317765556,normal,0
1053.6567998538726,5,0,0,33.985076018559106,3463.925229128519,1,6,159,0.24961414127018344,0,0.162746198025062,0.10871257571539912,normal,0
3218.411015192524,22,0,0,44.825411755576575,855.0976525041208,2,1,2142,0.25313897058176427,0,0.00015835310574970895,0.1688059464099905,normal,0
2577.9140445287326,10,0,0,15.57321663407063,3223.4718549020927,3,6,816,0.1480648470729694,0,0.028476504773067044,0.2087114130138363,normal,0
2726.87219508619,12,0,0,1.5515516272472718,2566.107877746437,1,10,1159,0.114094611374293,0,0.05243756285188676,0.1266048616093718,normal,0
29524.866843420416,12,0,0,139.72135528571002,2774.7046330691464,1,14,2636,0.17222985914258582,0,0.48831175801679816,0.20784327819610193,social_engineering,1
576.1648194767658,3,0,0,0.4501674961713442,2912.939583417374,0,5,2464,0.17513568554114783,0,0.043400299517563364,0.2644514021821002,normal,0
2049.187860552581,23,0,0,44.74661893329106,2561.435950326912,3,5,1594,0.043759045523628436,0,0.07660641144298475,0.09691411389742553,normal,0
3899.9759539230968,20,0,0,38.58261002094542,3641.3503080244514,3,6,896,0.237815733550299,0,0.23582929334848374,0.07868534950183233,normal,0
3671.8020805152705,5,0,0,11.539882744732822,2449.9266441257337,0,4,801,0.2794947332934383,0,0.07142102270591255,0.22416426210916712,normal,0
4950.805138710732,3,0,0,35.2513547776264,2298.0428390515326,1,5,2524,0.020730263335618226,0,0.15298966411976087,0.17899075496448688,normal,0
3206.6279451880955,14,1,0,10.988595863242178,2700.0397879046077,1,1,2904,0.25367986024334416,0,0.024545563312375306,0.08550359976655238,normal,0
930.171821563921,13,0,1,461.72578830297874,955.7873774759616,10,39,2079,0.2973425095970298,0,0.02218810137250693,0.6662817045222831,velocity_attack,1
1876.5430031395633,1,0,0,28.402512720151485,1081.6341071484014,1,14,2357,0.022505004786636005,0,0.12730818759991838,0.16176410787578968,normal,0
786.1180780112567,11,0,0,22.219376580607115,2545.1425206218523,1,9,721,0.006799342356577231,0,0.01380623812022812,0.24316503114771695,normal,0
4046.6184135699327,16,0,0,7.927354337467457,1472.924667344403,0,10,2438,0.2054090786785368,1,0.16315346036618092,0.2052627038583748,normal,0
1310.1097182602734,16,0,0,47.08765689557923,3508.740506058289,2,8,762,0.02015155875235264,0,0.2668202373271748,0.2339203169855381,normal,0
1723.6003348049487,10,0,0,14.44123252899131,2259.492378214647,0,7,286,0.08861156287769842,0,0.171318788604395,0.045756338414353434,normal,0
52006.340997492465,7,1,1,184.7041593434677,2477.3894113904453,2,17,656,0.45195953692384716,0,0.37237052128304743,0.4017729174853783,account_takeover,1
12302.468606242628,1,1,0,411.6893527863886,1202.52951888152,1,12,306,0.8570583784271744,0,0.10718855825566134,0.5367501247512667,deepfake_identity,1
4729.352076423897,1,1,0,17.659380038149376,568.1686963272491,1,12,2009,0.2407729796237297,0,0.08626918874846168,0.13782050781811842,normal,0
4187.308525303311,15,0,0,43.56484916112861,2205.488229090706,1,14,164,0.05861276683000581,0,0.12806926245498831,0.01289255148055608,normal,0
1285.279758468311,16,0,0,2.8055739259870096,2745.941097197704,2,12,1489,0.24509579629543007,0,0.29681337371724104,0.21281442888388427,normal,0
4145.983662647268,17,0,0,29.679806747411046,1545.7845130228795,3,1,1819,0.18955335199274273,0,0.146976227238354,0.003775864546144092,normal,0
1408.4385238301645,8,0,0,28.03425409447321,2461.1676865775485,1,2,1892,0.27645938135622516,0,0.10011565727096015,0.03594550317055073,normal,0
1153.0719214783396,21,0,0,37.75927549097678,2625.7653138980045,0,5,1245,0.2633614283029151,0,0.1350444915853039,0.04821450605569426,normal,0
1969.4169967405408,21,0,1,181.09282373604336,2759.5535530512143,9,12,2601,0.24621248666734746,0,0.1978099387728158,0.4004997188896815,velocity_attack,1
2584.5922690197194,9,0,0,18.24871673512843,1188.4816582715441,3,12,54,0.19652780853729312,0,0.03275816250131331,0.21213862342072412,normal,0
2218.4965093764017,14,0,0,21.780398877508645,2478.9540201239224,2,2,1314,0.13867423695967876,0,0.13860080448538079,0.05702800452619515,normal,0
1600.6427418543972,11,0,1,10.933519820233407,575.7794993393732,1,14,1950,0.20072512179661264,0,0.06129942699814724,0.2998681984021257,normal,0
3715.8460680941216,4,1,0,29.795739752495322,827.1213170581492,1,14,2126,0.27710189759678916,0,0.09604339418369619,0.12168754633887087,normal,0
802.0791476429413,20,0,0,46.496533143785186,1112.4592340830343,1,12,2267,0.2316101602745972,0,0.23082807571414038,0.08680663722186797,normal,0
4536.3716844543915,20,0,1,26.134656825540663,2262.077429007125,2,14,2676,0.06770623541415861,0,0.02348728534148543,0.1684693292438145,normal,0
6214.515147009284,20,0,0,293.45414837879844,1121.2678258104236,4,16,345,0.6403438528912992,0,0.3187783301699151,0.5372668327280283,synthetic_identity,1
3715.6948918092658,10,0,1,33.036768381236584,3123.9996065037944,2,2,1352,0.20855773344467696,0,0.12648601831048598,0.04430896902473862,normal,0
4150.100263538175,9,0,0,6.596110421173424,2680.4488378507954,2,1,1807,0.24928585918015872,0,0.10652992891993819,0.010413042836013376,normal,0
219.56382962703628,10,0,0,28.638395143877975,1261.6885939233657,1,6,1825,0.031749059513193,1,0.009557710921730411,0.23214205786509012,normal,0
13196.475880901266,13,1,0,768.2704176485026,579.2793015406509,4,19,2568,0.3082805378512812,1,0.17170372016852825,0.7814314814261833,account_takeover,1
448.07095631561043,22,0,0,17.269261743586068,3198.8427411140183,1,14,2679,0.15435038328763798,0,0.2658996668688158,0.0930445398255042,normal,0
2166.4325416799315,5,0,0,19.629470045432974,2136.032298030221,0,5,2248,0.21909522501448273,0,0.07882931823860513,0.12302586982184002,normal,0
23980.941504607836,10,0,1,292.50162068020984,986.4633472697872,2,10,527,0.5197326289170705,0,0.07563296472197006,0.34286041064289324,deepfake_identity,1
1936.4063401818216,5,0,0,328.5598474873734,2294.1058359135486,7,31,526,0.3741499596350184,0,0.03174319456425861,0.38310888596361864,velocity_attack,1
1936.6421293149888,8,0,1,10.919106512816201,895.0116253483338,2,14,989,0.22777429559050283,0,0.015820195061724628,0.09815466234435417,normal,0
3715.560640951497,12,0,0,21.50753764868787,3086.1639627513086,2,5,1609,0.2859912229187772,0,0.2726944327520061,0.17951489157962097,normal,0
1132.8861975951402,16,0,0,21.341420380716038,1269.034391403446,3,11,792,0.1939420692365823,0,0.27265061169574917,0.2591343872233514,normal,0
25221.57885498616,18,0,1,203.85063207283713,1046.5801149550132,3,5,1974,0.2365896815397499,0,0.7486758365004165,0.6237503900774131,social_engineering,1
907.5925970742419,22,1,0,38.91421830892289,2836.509431725356,2,14,2863,0.14165336479425253,0,0.240978598270707,0.01185934803224381,normal,0
189.28694569259366,15,1,0,16.854342044053688,1614.3132808931084,0,11,2963,0.11084325839533103,0,0.24685802581807983,0.029307634578335327,normal,0
9311.303649243673,5,0,0,110.67294054272587,3751.4993573580573,0,13,370,0.5988750793057266,0,0.384217075865807,0.6457350308498627,synthetic_identity,1
4210.600623585077,21,0,0,5.105754447451844,1738.978476666932,0,6,2930,0.095951702942929,0,0.2578245680113249,0.11240778228034343,normal,0
8367.981691219771,19,1,1,479.1900629303512,1930.647682912804,0,6,395,0.762629478477874,1,0.053703651713627086,0.26749584968627843,synthetic_identity,1
1691.0391537039136,6,0,0,286.30080162919626,2468.3277106092273,8,18,2386,0.4147359086901188,0,0.06657579808422667,0.7680620742401741,velocity_attack,1
1817.5506180021928,3,1,0,29.174826748217917,650.2439648676747,0,2,1280,0.18355740006648358,0,0.2158304684906512,0.11910730317167464,normal,0
4530.792127897069,22,0,0,35.8480850742925,3137.2195756831525,2,6,1548,0.2519818520814002,0,0.1408937703432612,0.05227937829662436,normal,0
1603.205337658492,21,0,0,48.572237252321806,855.2194387306934,1,11,120,0.014569569468034982,0,0.19759378638683311,0.11132488567602594,normal,0
2206.792336921126,14,0,0,42.88235607110934,1311.3561740016366,1,6,2849,0.11775942440346442,0,0.13684096593876383,0.28957193353805766,normal,0
3327.7164297624086,17,0,0,6.315400015616179,3445.7258365585426,3,12,2973,0.19285899747052646,0,0.12706977485375548,0.25076792234049755,normal,0
4021.1693723400504,3,1,1,49.4478887081638,1752.7492044795786,1,14,77,0.39806016904251396,0,0.05304959279804189,0.3904700138348314,synthetic_identity,1
9992.614311569254,17,1,0,136.75385263940166,1175.8950269933712,0,2,466,0.8474108500234603,1,0.29459232404590585,0.7358248059949428,synthetic_identity,1
3238.3326066616355,8,0,0,32.40241867390343,936.9947861234914,3,10,2348,0.04573868226126626,0,0.09643348604359277,0.03330404035522065,normal,0
14166.082348441145,23,1,0,297.81974322191377,1242.165485063549,1,1,492,0.42422841032589015,1,0.4512994018830625,0.8036621989481427,deepfake_identity,1
4376.378227374549,14,0,0,26.028696865741463,1001.2250443197803,0,3,2357,0.1524145650410215,0,0.13789405856486323,0.19429447014249418,normal,0
3805.2003115867055,17,0,0,3.505489636215542,1461.3289405297205,3,9,122,0.2072082311875399,1,0.1307448356980491,0.02755870390271037,normal,0
2902.174129013214,10,1,0,25.15310916264925,2932.620860415653,0,1,979,0.2533823601129748,0,0.025614979587818498,0.2308525758815007,normal,0
3421.2846815192165,18,0,0,12.785072028261762,1824.895686978994,2,3,1389,0.1880996685695873,0,0.2588326827638361,0.010281368728893292,normal,0
24470.04167256023,23,0,0,714.4775024104737,2265.290714376161,5,19,1816,0.38737774418468857,1,0.2870980726817568,0.4926696197111288,account_takeover,1
2241.2798397615425,1,0,0,1.960074954126373,2921.1618576714723,0,10,1800,0.18782466018739963,0,0.11799419999489852,0.07600941866822326,normal,0
1809.2206164504487,4,0,0,40.94535567687299,866.891794922328,0,2,1654,0.13477581901553592,0,0.08547122830189391,0.1832510969379101,normal,0
4719.385693262116,22,0,0,8.53162285316888,973.7863217605084,0,14,914,0.242311867828215,0,0.08358953161462084,0.2885687096926253,normal,0
498.60902514530886,9,0,0,38.683488568252486,3010.705814387605,0,9,2973,0.23736929089511502,0,0.26938994768341973,0.021506605950254408,normal,0
1570.0637719244587,10,0,0,345.0864633216603,898.4022924991725,11,31,681,0.1420563791759085,0,0.033136759607577206,0.4027188754839766,velocity_attack,1
435.44772473453247,0,0,0,12.28773856638915,1069.015010585875,3,11,983,0.03705718158656408,0,0.08818865436338194,0.08481785924705194,normal,0
2634.6183765638857,1,0,0,18.34358532411942,3398.06364939326,0,4,385,0.025021000489971246,0,0.12012307507992062,0.037258672844207794,normal,0
4033.7735806400524,9,1,0,39.26367687569982,1518.224918646516,3,2,106,0.09494869261534795,0,0.2430593857204085,0.2575073508054609,normal,0
2184.9173387955693,9,0,0,48.59934985978358,2589.4989958523292,0,1,448,0.15434317466270897,0,0.050929032032267715,0.1256327516074529,normal,0
2117.6511537640918,22,0,0,9.872616241300403,1923.925185629707,3,3,571,0.1798992483873257,0,0.18120542776170329,0.003685401528286347,normal,0
978.8444504172808,11,0,0,18.570068229999983,1034.01450658336,0,10,2751,0.014835955302708502,0,0.05420578580949007,0.026255643720403152,normal,0
3575.6720595157867,21,0,0,0.5086718523003353,1865.398732272258,2,11,2451,0.09360321470800201,0,0.09981496303204773,0.045718688036321266,normal,0
3708.576754561142,17,0,0,26.339595492569185,3038.173199256491,1,9,1207,0.2748576626449671,0,0.03192636712893954,0.03210984004124585,normal,0
4923.570685447406,13,0,0,14.316972127739492,2386.3267879446157,0,9,2505,0.27940838057319545,0,0.08089528022918464,0.2558394309007368,normal,0
3999.384080236895,13,0,0,39.84060593401271,2556.973109971737,0,5,2605,0.17767464461680527,0,0.2583750720002784,0.13650337603031085,normal,0
2479.3895283310494,11,0,0,14.74281563501178,1582.4046608646647,3,14,487,0.19848884081449633,0,0.04653727072381162,0.06579081461790018,normal,0
941.3001477567029,0,0,0,44.765977767861266,3140.28989561626,3,3,2684,0.17967703380331576,0,0.2675721528021463,0.07859257924175797,normal,0
1058.9919364882803,15,0,0,24.27349103928571,518.9275790658709,3,12,438,0.2328575915058917,0,0.035545990064381326,0.012516137957517636,normal,0
9914.14240071645,22,0,1,11.739826823875198,3790.261684381914,2,10,369,0.7766353552066287,0,0.31205566251387873,0.5333308093956977,synthetic_identity,1
3072.9854511154385,1,0,0,49.081921564364656,1447.6145181368997,2,5,473,0.06945331333344941,0,0.23882530513047467,0.05434060796949192,normal,0
3040.100685784588,1,0,0,24.058982955609622,2418.3040382122736,0,3,1113,0.018881550431684355,0,0.15615689185886103,0.09062417984590337,normal,0
1908.3598066284912,10,0,0,33.027802230060594,1031.4934736755608,2,2,2384,0.18659095077210133,0,0.037734291726580695,0.02437764244758109,normal,0
2930.3955962876707,19,0,1,5.838317991016756,2877.839341272512,3,12,1513,0.09760494926628478,0,0.15380590501353344,0.024576968930218723,normal,0
2842.8028498280746,11,0,0,15.726038383410163,1192.0963028040305,0,6,1646,0.1370623565973131,0,0.10659311003274165,0.2483471655125711,normal,0
3414.692892409175,12,0,0,20.19782499965147,3887.8366995694623,1,9,1244,0.041353698888994005,0,0.21160910123583684,0.23117704302782635,normal,0
12075.05781324254,20,0,0,200.61362293390135,3225.935131926133,1,8,398,0.797340095491256,1,0.124079549706779,0.6891009766353406,deepfake_identity,1
4088.454320579492,10,0,0,1.7165817935905936,1282.4031446114886,3,2,2624,0.1899903128965035,0,0.027098566657087653,0.1831427942762652,normal,0
1560.4558223332715,0,0,0,31.202186520843746,3498.8891479383096,1,6,827,0.25432624846651486,0,0.1986131741730933,0.040287870171679986,normal,0
4640.279363291323,23,0,0,9.711837900332455,2021.1351455502008,0,11,237,0.2371314307638763,0,0.07758216670385201,0.1370649074688025,normal,0
4733.920920301383,1,1,0,37.998351584786214,2909.0770539396503,1,6,2162,0.28940555173290156,0,0.0037627562090501773,0.23893055326895568,normal,0
6552.325762809523,15,0,1,461.7150982819178,2623.125658751738,1,16,157,0.7190009330977092,1,0.39604192387501935,0.4665519234810123,deepfake_identity,1
594.7927234070294,8,0,0,34.93023391557193,2594.7314850464654,1,6,495,0.21205165135294843,0,0.20379164531327626,0.014303818122539023,normal,0
694.4164703137546,8,0,0,316.521674309957,2749.2653087183726,5,39,2695,0.19748929402838955,0,0.0011390350764762136,0.7826831095727682,velocity_attack,1
224.20816089329855,8,0,0,48.0650534697866,2131.510476858455,3,5,1680,0.2760789777085992,0,0.28122876965667865,0.2164030922169863,normal,0
1247.5965175390372,1,0,0,47.50948084986994,2340.86093566941,1,2,1481,0.031356040108118474,0,0.15432304904973712,0.2986560151864961,normal,0
25126.9651221313,4,0,0,10.825784752462486,2731.920980279849,2,10,2985,0.43705049539006313,0,0.44510620548613716,0.41477605770391757,social_engineering,1
3276.3439971584457,8,0,0,28.35124563613053,3270.9552947896746,2,9,751,0.002985272714852305,0,0.20011786389651834,0.13835230843117147,normal,0
4052.658759831401,5,0,0,17.55374528307833,2339.1156036256552,3,6,2003,0.05797970718228287,0,0.1884635602627253,0.2800993145924166,normal,0
3601.5200212303052,2,0,0,38.84311764180559,1962.931426516875,1,2,1530,0.09773839792824153,0,0.28339912528018335,0.040629164969869944,normal,0
1550.021249157058,13,0,1,147.53813867314986,818.4803649359469,12,20,2432,0.26151543160757207,0,0.38577060743331204,0.3605118974938494,velocity_attack,1
188.8078011240757,18,0,0,43.499568445729736,847.245358952457,3,1,1039,0.08559705788098838,0,0.17926769222253622,0.07915486128449169,normal,0
1424.927103284175,1,0,0,48.55858845144241,1792.637566154604,2,7,1783,0.2907546911813218,0,0.1508982576385793,0.017364305875417308,normal,0
4645.986187656544,3,0,0,40.39175682636312,3402.3858329326617,2,8,307,0.06614387861033555,0,0.17112437505478542,0.0840768262518103,normal,0
885.1054447848808,8,0,0,28.386638999050962,516.6958966234371,0,10,2229,0.011307539094103558,0,0.26510662134741425,0.19411774940952328,normal,0
936.4709802311529,23,0,0,44.997507336183006,2337.4746485949636,3,8,951,0.017953811575874078,0,0.06438679416430666,0.06681048902666822,normal,0
3877.5170387558546,12,0,0,36.9488297969268,2994.493148722794,2,9,200,0.2384159259794129,0,0.0741123625826249,0.08149121481036042,normal,0
2872.1502580051174,16,0,0,10.764261253859575,2684.266163995649,1,14,2602,0.1816695317862738,0,0.23159574384620651,0.29478575576488664,normal,0
2374.768746722202,14,0,0,10.270316529990437,1947.6450204478053,1,5,806,0.22654071293129519,0,0.09408606883410685,0.2093833609965032,normal,0
713.4103817924971,5,0,0,38.982091120819426,851.2838164155853,2,11,2478,0.14066926335365879,0,0.04883309540420274,0.08580811343710913,normal,0
4991.9028058254535,21,0,0,49.411801492741574,3472.8169638596014,3,12,2076,0.04832959429392657,0,0.14855706741504565,0.028104132805868532,normal,0
2028.4211469209463,0,0,0,19.930047772045217,2610.955626250342,0,14,1153,0.05082712205922317,1,0.28641194770766276,0.007875644582852491,normal,0
4648.760956679855,10,0,0,36.80729858341253,1561.6362409820947,3,6,2194,0.131421845054286,0,0.08727622512997861,0.28802632641277637,normal,0
3978.737314256658,19,0,0,2.137676887464651,813.4412286032963,0,11,586,0.08991925516091098,0,0.09881252258923691,0.1694608127678308,normal,0
2982.1911080471136,7,0,0,21.90075881290406,3547.633235494935,2,12,194,0.15577782792413353,0,0.025899979215707324,0.24122057160384297,normal,0
2848.5960605233927,11,0,0,24.566780958711526,2860.6708404445553,3,6,1744,0.28306659486911395,0,0.24419456284181285,0.27483130708900055,normal,0
3446.7331897401486,10,0,0,22.19995103733631,928.4699978872466,2,5,2450,0.23238022391663504,0,0.007557394281573437,0.1952603160964341,normal,0
2684.258148401114,22,0,0,39.37282714540369,2039.6039360258894,1,11,2350,0.09776392816652561,0,0.18002098849738613,0.19887158146106973,normal,0
2912.3543437381513,22,0,0,19.707809006697293,2826.949273378519,3,5,2758,0.17741857325955918,0,0.19394804558286355,0.022481556585183103,normal,0
4643.171315449318,16,0,0,37.49916585151592,2182.4639463448702,2,7,2173,0.22127249164567733,0,0.0649358320452989,0.29693573253224426,normal,0
1174.1485380544173,0,0,0,10.397617024890533,3776.9603918431303,2,6,269,0.06121765262955586,0,0.04441908635744289,0.0029881594452242474,normal,0
2466.5474732182406,13,0,0,44.33065714358106,792.7983858532043,0,2,2159,0.2773036104118948,0,0.2721672277966188,0.20613663930602158,normal,0
3766.101169039347,21,0,0,28.81715064907993,2444.855181290418,2,10,1851,0.12049242268956224,0,0.21581793642572236,0.009681185396804348,normal,0
4924.88172367009,10,0,0,15.47544793811158,674.449275307042,0,1,71,0.06752002974437306,0,0.046236595263792764,0.1563994824067309,normal,0
1375.2278536789731,11,1,0,494.8207963118921,888.5698162754784,4,20,580,0.4899124565884464,0,0.14037676723268752,0.30801372886533235,velocity_attack,1
656.0202540788864,18,0,0,0.2324084462640319,2982.5040567180467,1,4,2948,0.11228359717705622,0,0.14294553553274902,0.2264743123069461,normal,0
1363.7238525202051,6,0,0,13.158076257288693,1886.7795904640143,2,14,2761,0.12406501966361393,0,0.17561141033088998,0.22226814100087006,normal,0
12860.81086736164,2,0,0,59.28403568300445,3985.550574381359,5,3,1210,0.2264754915296036,0,0.3209195004527744,0.5729647793468786,behaviour_anomaly,1
918.0701348612737,15,0,0,3.3130041530455845,1339.185970670714,0,12,2110,0.054780429550159604,0,0.1403975392602078,0.056991565941039324,normal,0
3057.1161706125554,1,0,0,16.617028000759028,3158.2038092275984,2,4,887,0.03993348396670763,0,0.07096679955369051,0.28485042486902884,normal,0
451.5354588341421,8,0,1,59.41885867995866,728.8786312833241,8,20,1994,0.11816715823844834,0,0.15897936828103645,0.3421324024118164,velocity_attack,1
2950.5095723638146,18,0,1,4.706575011835529,3275.638625070115,0,5,2125,0.21173408749560718,0,0.20330599770512697,0.12311959602277715,normal,0
2468.1419963349936,22,0,0,7.314625136059494,1925.689581858619,1,4,1939,0.003925765152843053,0,0.1411394285514666,0.25352401923774426,normal,0
3912.3236914088006,3,0,0,34.011809814155555,1895.4644494977613,0,9,955,0.12798998353599353,0,0.2903873422816714,0.06353581549699429,normal,0
12378.892415810078,22,1,1,1100.5538117820377,3524.106579382958,3,13,2107,0.26270282204445095,0,0.389122309278785,0.6504033963986793,account_takeover,1
4083.21494473738,9,1,0,33.31306513306854,1191.0004794019983,1,2,2239,0.05139941890844526,0,0.22008717723978113,0.0315565787596888,normal,0
1191.1127877031163,7,0,0,36.48963660591619,3838.7168003944334,1,1,1946,0.27606128442569855,0,0.008569800014115203,0.2490230064597545,normal,0
242.9318418617959,8,0,0,43.37921764842458,1646.7066159261326,0,5,773,0.17837649364364164,0,0.1716482610677253,0.13837590747450582,normal,0
10263.544522404985,14,1,1,82.47899382548853,1100.8446429265164,3,9,2632,0.24518902804225834,0,0.6668756277192704,0.43507673808855857,social_engineering,1
13992.555019376014,22,1,0,288.48278307101305,2807.446379878604,4,15,146,0.8874649944164359,0,0.1719501114689499,0.7104974835870628,deepfake_identity,1
969.4009704015637,18,0,0,30.174964748585044,3039.6786729464347,1,10,949,0.27912367788387116,0,0.26000942849291897,0.2708424178367057,normal,0
2471.547904080761,6,0,0,14.027905858641981,2014.7520897264412,0,6,2540,0.25386629117954235,0,0.04214762329290765,0.2198996659349531,normal,0
37301.528468598495,23,1,0,259.2097637875263,1509.563525736697,2,1,996,0.12952678139934962,0,0.35143628168853025,0.759812192539193,social_engineering,1
3057.2911518554924,15,0,0,18.183405671858655,2119.205177363287,1,13,2335,0.2982124357548455,0,0.2777043021075257,0.2738258424482804,normal,0
757.9467694211501,1,0,0,10.677837074784103,2468.1157390951603,2,3,563,0.26264243248356733,0,0.10960524650527634,0.058784515318176474,normal,0
493.14535374204684,2,0,0,8.177585566147322,1213.0701938492236,3,9,2025,0.15069759147827164,0,0.22178235094654894,0.200544537322631,normal,0
1611.4945792984718,17,0,0,4.602766054873114,3428.8618316924385,3,5,713,0.2805094972898569,0,0.19117186021027302,0.26666609104257993,normal,0
2150.108713553834,8,0,0,22.624353748038512,3566.0800277842936,3,7,1395,0.0033616179172413774,0,0.29943489438008425,0.11397864659262656,normal,0
2974.457199589947,23,0,0,47.77179228968308,721.1975399526482,3,2,493,0.17214406007278713,0,0.262324898209584,0.024664306693109383,normal,0
2196.0883553057256,1,0,0,6.852601887602905,1718.788789615377,3,13,2927,0.05564385100692668,0,0.017005624086260194,0.26078118119859955,normal,0
4497.092742375567,13,0,0,14.478895296500937,2893.8544501362476,2,14,2485,0.2590975532628873,0,0.095314165067568,0.1393405444419175,normal,0
3921.269845577414,17,0,0,8.156545749088567,1391.5972502255054,1,2,1192,0.12281597499068378,0,0.16544311475723159,0.171502405342844,normal,0
36476.04533006588,3,0,0,128.60183082038634,1428.6457831232894,3,7,2791,0.16964217460730613,0,0.4960932019296809,0.647594287829433,social_engineering,1
3694.71046475087,14,0,0,18.47043056024691,2564.983519767288,2,6,1802,0.012750013526547177,0,0.11594600898103351,0.29831060374271484,normal,0
1908.767349665102,12,0,0,17.215688932577102,1785.3477201082721,2,1,329,0.2874207166014314,0,0.08250125661829866,0.05116729137353271,normal,0
3135.987753553219,9,0,0,11.508731694789715,3876.070634186606,0,9,1807,0.2184897946895428,0,0.005062471361927878,0.11186498073582148,normal,0
174.16496347436635,21,0,1,389.7903379462293,2374.899247872917,10,14,2138,0.25557721262363153,1,0.21127501078551392,0.34359915674047264,velocity_attack,1
998.6820982818257,2,0,0,45.63791159733693,1141.385100047137,1,6,998,0.18421453223145978,0,0.2151975419294001,0.0035992942404545645,normal,0
456.19539575082274,17,0,0,417.19682854092997,1451.5511823347301,11,35,1998,0.3984530810628825,0,0.0628297338767652,0.7198193220037479,velocity_attack,1
3037.359584327711,12,0,0,37.691912959268834,1358.1258496038101,0,6,2955,0.25000458346634274,0,0.034980971113674285,0.013212880864173993,normal,0
18242.85534667305,14,0,1,195.07391699102072,838.5095260026383,0,12,72,0.7101351874172306,0,0.3911737245607244,0.7334159832370601,synthetic_identity,1
2919.259948332583,18,0,0,49.5524086399475,904.8606183096938,1,11,294,0.1425269636506772,0,0.07311338274289476,0.2674533763593766,normal,0
9616.348799263653,22,1,1,58.59708925019458,3236.7065353985154,0,3,420,0.21818173409970887,0,0.04873147724669974,0.450154893424498,behaviour_anomaly,1
57265.17926596552,21,1,0,657.0716398493159,3206.5200563975764,2,8,1794,0.2765077542531158,0,0.2706706804785392,0.854679191926369,account_takeover,1
420.2460699148176,7,0,1,47.504935951891035,1595.5833103453956,2,14,662,0.175650827299346,0,0.001647420260865673,0.15092097638008967,normal,0
4690.43006396215,7,0,0,17.247005221087107,1093.3495799328052,2,14,1304,0.08009081758162337,0,0.14926013391179913,0.05059505770410761,normal,0
367.70865800476423,14,0,0,29.735974795356253,892.5514280305383,1,8,1468,0.25288942133403547,0,0.08226183968707518,0.2397190642774023,normal,0
1432.5355931503989,0,0,0,22.59065392054603,2351.5880505829955,0,5,1081,0.12060865268499997,0,0.09426046721707464,0.25819596781939536,normal,0
1868.7720950061314,9,0,1,17.428375334036446,880.330638558987,3,5,167,0.17852282087887947,0,0.28340088840267624,0.10405676869097098,normal,0
2495.599375783012,9,0,0,24.72838122690712,3223.2226877073176,0,8,1884,0.2975939472858503,0,0.14551721809914756,0.15465706276996033,normal,0
1141.957444218371,10,0,1,14.433003029240222,1431.3924066997317,3,1,372,0.06356896766819171,0,0.18422122875188013,0.031313796508198564,normal,0
1593.2803673920532,10,1,0,29.60124082638611,3961.431634557314,0,9,803,0.19237928315666583,0,0.010358647131636955,0.282386691629314,normal,0
429.55397844010247,10,0,0,37.05972138914323,3048.6998373651545,0,7,626,0.19117692812102807,0,0.27969024974164874,0.14087060306918134,normal,0
3733.673931487465,18,0,0,44.19231498686232,3647.5204213575303,2,13,2089,0.21156100560056837,0,0.023816249272800415,0.22521640209812532,normal,0
4989.155625546937,14,1,1,120.01138154325743,3076.0318631110094,5,6,2041,0.4545295234874132,0,0.23435475930740862,0.9017044038678905,account_takeover,1
1416.519060986236,10,0,0,41.743725313449644,1074.0368479212016,1,7,2596,0.12502817328031024,0,0.03984637377995017,0.19269434916004455,normal,0
3307.7883656431773,19,0,0,39.917208027241514,3767.4888792279303,2,2,122,0.2447916323334285,0,0.09512744698604687,0.2015660242783915,normal,0
3473.184590611471,0,0,0,26.127241565565345,529.0265830324995,0,5,1966,0.057519101022632246,0,0.09005678460643414,0.0803222087663157,normal,0
45933.42074691791,6,1,1,282.01385615096274,2372.3172126835016,2,6,2633,0.8323607199348197,0,0.24518756488887278,0.9985472792745487,account_takeover,1
2664.6154657343955,0,0,0,28.889572748024523,1395.470970753204,0,2,1877,0.24915214589981724,0,0.07172731169501646,0.182080705755728,normal,0
1273.6477154423294,16,0,0,223.04499219652286,521.6598808540286,10,11,2280,0.14438379536195636,0,0.3938379617651941,0.4019760084653235,velocity_attack,1
40308.14523148112,11,0,0,248.16329272851007,1956.1604724151657,3,15,2959,0.30231036535324946,0,0.6612864205678284,0.40215927882583064,social_engineering,1
1532.6772410197464,0,1,1,7.126389701470426,2572.836896413348,1,12,2420,0.09221949494490941,0,0.29829307622002743,0.07870106288955815,normal,0
2379.507500190219,15,0,0,6.629304820247938,1043.2749972971417,0,2,1716,0.15926748735542315,0,0.2278876903179374,0.1327007754050529,normal,0
1108.3924472481663,17,0,0,14.925169527352445,3988.151464158432,0,7,2101,0.21969265721221623,0,0.04212044701558867,0.2475202065731268,normal,0
648.9906206234565,18,0,0,9.699010605300273,2947.794582105168,0,14,1772,0.29262862849969173,0,0.2956267472876835,0.2216153649616951,normal,0
471.7303077324532,16,0,0,14.822325564499378,773.100324999488,0,9,946,0.1569618980905897,0,0.1291974235747644,0.14876061803432258,normal,0
4831.630978807322,12,0,0,20.927548758338833,1280.3502269157361,0,3,2049,0.27964125805210543,0,0.2994096825658772,0.27009525927350153,normal,0
4322.2854285579915,15,0,0,7.529024705171139,3720.4962009466713,3,11,666,0.1994688916717493,0,0.03356963126507061,0.160694493551044,normal,0
3718.4011253314998,4,0,0,18.072682919198364,2407.669387228987,3,14,1984,0.12342414072550886,0,0.03919640866080961,0.04237782464365334,normal,0
358.54976351205283,14,0,0,2.3016890780681254,1429.1807158888773,1,14,245,0.29287925175308416,0,0.20968301805788872,0.003731903053422969,normal,0
2458.5863430130858,20,0,0,3.5049149429644375,3960.636960183412,0,2,1757,0.1583832502979426,0,0.272419848145192,0.04229863332413673,normal,0
3045.4635575417233,10,0,0,32.29859774732155,2207.4457521722225,3,8,997,0.016004110177495423,0,0.07970794842189138,0.29651620806296464,normal,0
4675.372172707203,3,1,0,12.565535086148882,1633.803833062676,3,4,510,0.16204351874523126,0,0.18992753320524935,0.0008301300328764416,normal,0
434.9306815187972,17,0,0,33.50812887696411,2552.9862677625442,2,2,1787,0.04815644566673035,0,0.18037408730874752,0.2895918823843192,normal,0
4390.828377767642,2,0,1,17.23348515490436,3537.008157942624,4,3,1480,0.40870744150538096,1,0.42969532169329405,0.6869117723573713,behaviour_anomaly,1
2148.909461997718,2,0,0,24.38768547854893,578.3629312507228,1,13,611,0.11193225204483793,0,0.06743449052701773,0.022334556484540777,normal,0
2469.373668927631,13,0,0,40.038189328577914,833.2348360291851,2,14,259,0.2076641777781553,0,0.2545452390930594,0.14940672174416522,normal,0
1245.4121735600734,4,1,0,241.63847470320698,816.9012458056797,2,5,2779,0.17180273272191154,0,0.4615066708829969,0.5319998379685784,behaviour_anomaly,1
3884.3601195046326,12,0,0,21.589086792551537,3625.28446167196,2,4,1321,0.01045571501343907,0,0.22992120482897807,0.23285106204867584,normal,0
3264.0527124201626,8,0,0,19.92203474311533,1661.57002128155,2,10,2051,0.00982026368555121,0,0.2088684192430075,0.07524094410167365,normal,0
2184.638549220442,5,0,0,11.224734420121047,1316.3143944163116,2,13,1763,0.004223727656280851,0,0.11723626140738198,0.04544135669125499,normal,0
15318.161715667313,3,1,0,225.16332099169134,2772.7374624517756,4,5,612,0.26849664464255807,0,0.352796508276265,0.6452094996945515,social_engineering,1
1340.1975419800829,8,0,0,35.62825389391877,717.4126530098955,0,14,521,0.12263874550277867,0,0.05763166715461521,0.13603565538412601,normal,0
2263.4994567295475,11,0,0,45.838375133344236,2927.630080693426,3,7,1246,0.2129779700086208,0,0.297010426909386,0.20380628424353484,normal,0
3318.222513149041,12,0,0,28.550987545215182,3489.349394877591,1,4,2285,0.06991110196772943,0,0.2377824409656748,0.056153534603513085,normal,0
4749.539132541333,2,0,0,25.849929160630886,1643.1100809169195,3,3,1097,0.02834563212212375,0,0.04934668621685904,0.2623019325376064,normal,0
4939.8397097065545,14,0,0,6.541521428677621,3980.2336026588764,0,1,2809,0.29060608933884574,0,0.18828510055047235,0.06101759032115597,normal,0
1368.0219098400828,1,1,0,26.828850889171708,3772.908602247051,3,6,881,0.051929897371591434,0,0.18737010553283695,0.12401997040952425,normal,0
3638.123714598548,6,0,0,28.626493681189203,2676.323442386931,2,2,449,0.0826810794660897,0,0.28122447197878186,0.09121496006960851,normal,0
2751.4577419063394,2,0,0,33.64001390922395,1019.629216691411,0,4,1765,0.0600462250706468,0,0.16669827770610465,0.28402296138069444,normal,0
1181.1901921465676,9,0,0,17.40787200720431,1898.5029054997951,3,8,2155,0.2612523829001028,0,0.13175052233945458,0.058607699198016935,normal,0
1731.7093739851698,9,0,0,4.032877716976834,3439.780481818871,3,8,2276,0.27629174076334573,0,0.1737046054099822,0.27418401145790794,normal,0
840.1836697264112,8,0,0,48.488485660813296,3630.2888153590616,0,3,2228,0.1262049372319211,0,0.09600135591364148,0.28151111140440843,normal,0
14438.757682704932,5,1,0,195.43751882996958,3223.453469692389,1,6,334,0.7026870976971751,0,0.15525098225954975,0.23401315839909015,synthetic_identity,1
4389.894386939893,21,0,0,38.55282854532327,3328.2195153928583,0,8,879,0.036333461607990544,0,0.07560659241725033,0.20769719235032316,normal,0
7746.973153643722,19,1,1,101.97846725668076,1517.9341794459256,1,13,2914,0.24543255596722877,0,0.13488890311164292,0.6679347458325403,account_takeover,1
1018.3185260781529,9,0,0,5.0265775393109555,1284.4266579118062,3,8,1552,0.24212624980523004,0,0.1484559031030043,0.05176688591915054,normal,0
1285.277141153157,11,0,0,29.079386648034482,620.0029306214672,2,6,2904,0.23058726896648934,0,0.274195647065202,0.22468519451653476,normal,0
1848.0913007985876,4,0,0,29.621972503946743,3904.614606475398,3,6,2750,0.19456740434011233,0,0.16003848057635614,0.10172189793534604,normal,0
4201.886176370196,16,1,0,30.01011040350806,1472.760601208284,1,11,195,0.050170838638474165,0,0.05391273634078808,0.17492583125514496,normal,0
3432.689781625472,22,0,0,32.62674824704822,1687.650625590027,0,14,2049,0.011733746418320512,0,0.22110140196668157,0.07706564666255834,normal,0
2549.7990606274634,22,0,0,31.747341480148222,1065.3884598154943,3,4,1749,0.14897475773258634,0,0.20844933281765615,0.27071511364731093,normal,0
4061.1881205790855,3,0,0,16.433256555272262,3075.8577763399876,3,4,919,0.16820475792722525,0,0.11814255493652545,0.10639030934801087,normal,0
3331.172514201788,17,0,0,19.3592856305573,1964.8900994002488,0,7,2199,0.1699342048235621,0,0.04972241745997342,0.10261122570241406,normal,0
2026.178850867126,12,1,0,13.894719892037488,3456.43219128454,1,4,762,0.2560063830451921,0,0.04515235484954222,0.2101760324748996,normal,0
2863.2058771025563,3,0,1,4.045970608783966,3865.361372138505,2,3,2649,0.06191473938649263,0,0.054380358765731794,0.19039716345123864,normal,0
2140.871716329007,11,0,0,10.587575686539807,783.8585435489249,0,5,835,0.10424128515075769,0,0.20657057434516468,0.008754248217548643,normal,0
4236.435199949066,11,0,0,29.282060631920842,3880.243126527962,3,4,2311,0.02338750324211768,0,0.04305484004162158,0.060436372135234104,normal,0
1849.4437854530597,18,0,0,24.58305627691118,3702.639803427929,3,2,2316,0.09868627940464461,0,0.011108429183931822,0.021832434496527862,normal,0
773.8526263153669,3,0,0,40.75135521254275,3676.4899677827366,1,1,2881,0.04412685549894,0,0.03391370671622489,0.1574842650512684,normal,0
288.2891099153925,16,0,0,30.79895872052225,3517.252940625403,3,10,2192,0.1841568208262024,0,0.2298771557879938,0.012615025890613663,normal,0
4104.79602984486,20,0,0,21.21309318142875,2589.9463683820463,3,6,279,0.025943581306821305,0,0.16557536101898113,0.26675532348633557,normal,0
3557.370726954741,18,0,0,19.06175928285519,3868.5786596151647,2,8,2857,0.22567567684862128,0,0.2264521803710365,0.05496900482141643,normal,0
4518.69273987652,12,0,0,48.352252695218176,2732.4197128872456,2,2,2734,0.17028606823884854,0,0.12679122001384757,0.21835755115987607,normal,0
9737.092526189053,4,0,0,36.647422850235145,2028.9783041214553,2,16,1188,0.3702694599243084,0,0.05003779146536863,0.47629779918777915,behaviour_anomaly,1
4293.112568638353,7,0,0,8.568218264774307,1501.06195990607,2,14,597,0.10634054660827862,0,0.06249429026140395,0.0048353487639702705,normal,0
4818.341688664141,6,1,0,2.158375714061156,1514.9839111065562,1,14,1365,0.18051471916155426,0,0.2693506707668928,0.12569397479681801,normal,0
1701.2940587031092,17,0,0,22.10385367194489,972.3475375415799,1,5,550,0.11799729332802478,0,0.014991236719654966,0.08157409483278678,normal,0
4292.910859803943,10,0,0,38.54578230177117,3002.2309424739356,1,2,644,0.2761585189340602,0,0.04843642189507578,0.05358333041149288,normal,0
9870.304459434241,22,1,0,487.8300191303895,2638.053805657206,1,10,2800,0.371649394487503,0,0.22333169594385,0.4026936200262342,behaviour_anomaly,1
2828.2460635481207,2,0,0,38.24696198359567,3388.718442266292,1,12,827,0.005751871515926132,0,0.2869405405811643,0.2581922503924743,normal,0
3904.5924878486508,9,0,0,43.91887098477997,3719.2211029085784,2,8,393,0.0010180944644581635,0,0.2578936330792869,0.06064428613667376,normal,0
697.241857351043,17,1,0,25.086232339166298,1048.8606704738909,0,1,2516,0.2382991965796099,0,0.1516977111215488,0.11404142441802928,normal,0
2980.069868224771,15,0,0,19.216461088185067,1361.2056130129365,3,1,2323,0.020695917726071354,0,0.24671715253291532,0.1702904820461132,normal,0
10703.710935516177,18,1,1,273.5728231128075,1218.0466080462063,3,17,1487,0.262463580528111,0,0.6469067095615813,0.5694673998052094,social_engineering,1
1617.9605101245863,1,0,1,45.11476443702113,2263.177511331044,1,11,2197,0.2100136423738527,0,0.0943368452590012,0.050063077030080415,normal,0
4116.161860783461,21,0,0,17.22713333992963,1108.7356695340445,2,8,2244,0.2900448607258569,0,0.15924221248328535,0.09810015666125628,normal,0
2132.6457120546247,4,0,0,12.890482136490578,3269.7773017240274,3,11,2245,0.2282681316332894,0,0.2259396447354009,0.06573182099321377,normal,0
505.7134728331197,4,0,0,46.75438400204622,1452.811797066724,0,9,1080,0.28163679925642415,0,0.13832214749809427,0.266072426566878,normal,0
14221.988796881054,5,0,1,253.98026562182557,3576.840076844189,4,16,588,0.20996209463498916,0,0.22088661195029963,0.5826783736913175,behaviour_anomaly,1
8096.097791183306,16,1,0,172.57322866613856,1865.5407622663122,4,14,548,0.4794196800389541,0,0.06250011623199414,0.4946695044548408,behaviour_anomaly,1
4377.434595794401,17,0,0,29.5201629514031,3704.5319237154617,2,12,1584,0.23932573502877016,0,0.2829488162725484,0.041357965378422054,normal,0
1232.2961790850313,23,0,0,11.045888358794532,899.0617917139914,0,10,2415,0.06298048749869284,0,0.2749785151632197,0.29064426100742013,normal,0
4442.359324278865,11,1,1,31.40089029995268,1027.2148920051732,0,8,2424,0.1738017332387243,0,0.1373188598136463,0.2931574350156898,normal,0
4466.601257120548,0,0,0,48.43497733718258,1849.0362101343603,1,1,72,0.20499970344698545,0,0.10526085104395827,0.2481967389969429,normal,0
476.11450325481627,0,0,0,47.59187177084043,3243.7387883507627,3,6,1865,0.2413361769985868,0,0.175003996479731,0.0636615438621403,normal,0
1092.1547448096633,4,0,0,34.92404048640944,1490.282065480739,1,1,1783,0.14524369513295754,0,0.16405434029014468,0.13987135439784332,normal,0
3115.5618211220935,11,0,0,47.09237470442238,3650.4933799729138,2,3,2139,0.11381118475184958,0,0.08600013637739147,0.24940252460971496,normal,0
20751.60475855088,22,0,1,87.56662110525214,1380.0128550953805,0,17,222,0.6351926251550302,0,0.11136292020118467,0.3291394003575891,deepfake_identity,1
4250.5980522211075,22,0,0,20.206805555684614,1785.5235437355584,2,12,1266,0.005321622272575521,0,0.2944947604116152,0.13060062639823306,normal,0
1157.5230347345316,4,0,0,45.661311406717246,939.9869057936501,3,8,2953,0.24203505633704128,0,0.1606723401706724,0.22215727621857187,normal,0
3223.4065173412123,14,0,0,10.320443384594762,3359.863733012405,1,14,1228,0.16786394062343227,1,0.1596985825159838,0.03627611226243679,normal,0
4762.006070772978,19,0,0,42.175276939639176,1087.3555150752186,3,4,2339,0.034338250777410435,0,0.28790021428850554,0.25063316043657335,normal,0
6497.30766658256,5,0,1,71.89021668691598,2721.0389703969877,0,10,300,0.6006328529497624,1,0.09901651672055298,0.7621079929760377,synthetic_identity,1
4441.290966357317,15,0,0,44.57866405193719,3582.3906646791133,2,1,801,0.03152383366698116,0,0.15553546011467767,0.24240218051297782,normal,0
1311.4322645755676,22,0,0,16.459390332392392,3890.8809846000913,3,4,1800,0.20304323948583688,0,0.027950382563708465,0.037579400610686806,normal,0
4241.09217233057,23,0,0,5.82603736456882,1119.195768604473,1,7,2556,0.07987062225725529,0,0.21918170971709694,0.09329946538324908,normal,0
725.1434836982625,6,0,0,4.239900812317332,3908.6653494446387,3,9,2843,0.21122101037010127,0,0.27241149350108457,0.060794329291595714,normal,0
3142.486037060638,12,0,0,22.3166870220414,3055.39703265595,2,5,1791,0.15467585006748127,0,0.28505971706879996,0.2792436219239291,normal,0
2267.2396467105627,0,0,0,26.4246444844559,1459.080918397669,2,1,2511,0.04132478298608937,0,0.26357331242211784,0.14945250176739883,normal,0
384.65056519371393,3,0,0,44.89001848483012,1479.2565515414758,1,4,2202,0.07830017072397245,0,0.12045840818776443,0.14756569054640625,normal,0
2158.053921048748,14,0,1,22.36261732598061,2541.501707704715,1,10,755,0.19867406205922689,0,0.08524537194593453,0.272282320024631,normal,0
4708.24706332928,3,0,0,17.733137588247956,3999.2106716193507,1,9,2789,0.28175073444762183,0,0.06746610290386652,0.06586640898217004,normal,0
14083.14261514255,21,0,0,449.41372060358907,1779.6765928107916,1,6,89,0.4156003830802694,0,0.3284059682569579,0.2950559565369676,synthetic_identity,1
3358.0674499873685,3,0,0,7.72696990145747,3102.8633267489454,3,12,210,0.13226310025434126,0,0.29651887470530447,0.1643362818061485,normal,0
1737.767761610698,4,0,1,43.074931142701104,1222.650948376585,0,1,1564,0.2995421626423323,0,0.12668763950514078,0.18847810996165623,normal,0
3510.5460037073676,22,0,0,24.90735785391745,2086.590377495516,3,3,1883,0.1896720551118288,0,0.07180618054612177,0.11451235925105635,normal,0
3317.492261168593,3,0,0,28.18567071953801,3649.8225124529895,1,8,2522,0.09959969063414212,0,0.16501685990568277,0.28495535980011555,normal,0
648.4061350488666,12,0,0,16.0251696836869,1127.1661534303062,1,5,2310,0.16605056192960574,0,0.20307580226565686,0.05893702999031505,normal,0
248.8965925145006,5,1,0,37.35002930693652,3068.1328729581287,3,13,1789,0.13078444441209455,0,0.024817952294798662,0.28043598157812544,normal,0
4233.883353853937,17,0,0,8.763380996296217,3195.129582919267,2,6,1615,0.15444432882836853,0,0.2047712864910659,0.003559391143040191,normal,0
1900.918669228504,11,0,0,49.974135201192624,2888.213286878301,3,5,35,0.21425212352291853,0,0.2235257791958247,0.25260796805256885,normal,0
3774.313663312517,12,1,0,11.08320941364967,703.8805858531896,2,13,2212,0.09246747042093323,0,0.20032930690608422,0.09246069904769956,normal,0
4238.292052821845,21,0,0,25.567782124425047,1907.4141830958415,2,11,2923,0.1791177396236587,0,0.013283313489899628,0.17077463113462613,normal,0
18433.397202752887,14,0,0,116.88920540450142,2137.9849664801054,3,4,170,0.5104570632716824,1,0.2073902249671971,0.2914101618880695,synthetic_identity,1
9145.623761318257,7,1,1,956.0974999392872,671.5020959114906,2,19,709,0.563984881563873,0,0.18933791416900153,0.860068369869986,account_takeover,1
4762.304479866258,2,0,0,49.06938683924273,1663.0283203205947,1,13,2095,0.2407859557353093,0,0.11293977145834831,0.1735539183481136,normal,0
6858.136473625868,9,1,1,351.1804082394009,1738.417362279627,1,1,2602,0.557954131855108,0,0.11080061004153086,0.4951282611792316,behaviour_anomaly,1
44517.93697103575,20,0,0,191.01345697233194,3260.1104138702412,2,10,1717,0.21938735186887898,0,0.7628504469699464,0.4055177645755498,social_engineering,1
131.25731269229433,17,1,0,26.713524330095595,1498.9968979356568,1,14,1033,0.24854263200696497,0,0.2701684305006868,0.17265010773572032,normal,0
2821.281399594393,20,0,0,15.556306398876135,2877.862615193461,2,14,159,0.17170475473147917,0,0.08887932103460283,0.017655385500521058,normal,0
4787.930126057814,22,0,1,31.25472792806932,1719.4189483108553,2,8,1833,0.013803407289424386,0,0.16871934217159562,0.1435997592660717,normal,0
1394.8789585350262,17,1,0,97.121887404927,1466.4971904242202,12,22,2971,0.3772150080689727,0,0.22288110197093047,0.5247363859453382,velocity_attack,1
668.7559384838895,12,1,0,18.825982034824246,2452.456887636894,3,12,2381,0.27437236089786143,0,0.2647344533882381,0.018071549933394104,normal,0
1092.8999072631814,11,0,0,43.48365661512537,3841.141547484004,2,14,1053,0.29720279334774247,0,0.1983284397914887,0.024579330787939623,normal,0
3886.5799563588876,10,0,0,41.96180740568812,3372.4288641516137,3,8,1380,0.26437809788046973,0,0.05572154216264331,0.23051895829412544,normal,0
470.9286638179586,16,0,0,29.19591892711575,3742.247643495271,0,11,2615,0.10107690484795073,0,0.14575875069508315,0.011465253639380169,normal,0
529.4494591428088,14,0,0,41.900253797560815,2434.906513353227,1,2,2812,0.0685767267888946,0,0.010856789180599147,0.21254588143780184,normal,0
4105.503571606839,12,0,0,14.141090576418847,2576.6862917668145,3,12,2785,0.21039098534924433,0,0.10909232449409757,0.12732172735376496,normal,0
3771.910239560289,7,0,0,42.7408282284559,1515.1550776821714,0,14,1387,0.13214374415318622,0,0.08785705134151384,0.08916878345838931,normal,0
19709.022615564743,9,0,0,192.15545769181062,1321.6150281046512,0,11,1290,0.36818908317904225,0,0.825096013972036,0.7355581669240263,social_engineering,1
2040.2553160460288,22,0,1,11.957151125074345,3943.5716679598236,0,10,720,0.06598303119989575,0,0.23779985551489163,0.02198694347610076,normal,0
1276.713532013146,20,0,0,19.78357460684148,3492.842687181033,0,10,423,0.09386370634374816,0,0.0637097196824962,0.2948692574004036,normal,0
4801.925557173064,18,0,0,30.131724337624423,2902.7751476758444,2,3,1522,0.2367812364186859,0,0.27630729719485303,0.0955162687401183,normal,0
1575.1257813881339,9,0,0,38.09688875801972,2954.1876434929623,2,5,933,0.1763681724652301,0,0.20216925419209042,0.12806341086785708,normal,0
1509.4003723140231,5,0,0,10.341946734096846,3821.6002783305917,2,12,43,0.227918057823805,0,0.05129038558300777,0.20899723340260817,normal,0
4836.608613313981,4,0,0,16.261265026573685,3304.268919719197,3,8,108,0.29380881605678816,0,0.062388339571260984,0.2561535289751916,normal,0
2485.4606097891847,18,1,0,231.06950220641215,2474.2744399631406,0,10,349,0.6016004320031579,0,0.1214061455876179,0.6311094401413511,synthetic_identity,1
2326.29257303151,23,0,0,44.49644085942532,2221.4368652331923,3,3,347,0.18419622213948736,0,0.0715287811608969,0.1333576917320773,normal,0
204.22011316689697,14,0,0,4.338664102949746,2556.5342719651994,3,14,1809,0.1764891173931779,0,0.27645989207857274,0.1465613491505073,normal,0
4225.792909161301,11,0,0,37.45742618404647,1723.1565539871037,1,8,2984,0.11145402100424678,0,0.19006900666613916,0.12810071938572726,normal,0
4696.029634026082,3,0,1,45.21051568033963,3025.18671751662,2,4,2262,0.1080839977085772,0,0.11187170810403785,0.17969741478884357,normal,0
18442.07551140723,18,1,1,69.2671164529049,1175.8789358349609,3,2,409,0.4793042752081242,1,0.15251147500815793,0.4916740398506009,synthetic_identity,1
115.76949166096554,0,0,0,4.316834482580129,3658.808493472026,2,7,1987,0.007431352689944503,0,0.2528567718621567,0.13677203124078294,normal,0
1553.0243483095105,23,0,0,12.177327296096186,2347.053016349335,0,5,1740,0.023774755932415636,0,0.07838066129910211,0.18999444533646126,normal,0
845.3109877891371,9,0,1,44.07501111308096,2202.9228320691936,1,9,1008,0.20000389207012628,0,0.08589120945677337,0.20413886395390632,normal,0
3885.7293427398354,4,0,0,225.73195990889394,2498.7525063783205,3,1,319,0.5121622141280938,0,0.16436785828577705,0.6967898856731282,behaviour_anomaly,1
4347.174737079401,15,0,0,37.9763167994215,769.0127278243633,2,3,1487,0.022330596809189338,0,0.17346199239648874,0.07635212742243157,normal,0
17641.411579025083,21,0,0,370.52748025789805,2280.480255997044,4,14,247,0.7247140324512942,1,0.24925407618433731,0.4205985907345504,deepfake_identity,1
1171.7065036898437,1,0,0,36.16379702453855,2662.228967805413,0,1,777,0.25038742197259156,0,0.050546801497616874,0.16676916205043193,normal,0
1690.912041761294,16,0,0,36.572413035434984,3962.495950582457,0,10,2591,0.22025364477150441,0,0.19810980753402627,0.2721596131989137,normal,0
424.2094252887582,10,0,0,47.57521060175799,1259.116914491151,1,1,2689,0.04839552203446429,0,0.12350271397391169,0.0646668273835255,normal,0
9229.294767669899,20,0,1,119.8111360601048,2263.323020439121,0,4,475,0.42057955324873925,0,0.39032156048175404,0.5721469730063762,synthetic_identity,1
13857.28122843193,8,0,1,474.2940135183573,1292.682054109498,3,1,133,0.6917590091386795,0,0.07405667684371432,0.4752597296736171,synthetic_identity,1
3923.843005497804,16,0,0,31.371707518719788,1614.3784350490832,0,5,1724,0.20462795121706487,0,0.27299999995697577,0.04060344483118939,normal,0
1042.2161921624868,16,0,0,9.955114519908669,2798.4612802661536,3,7,472,0.0010521455432083492,0,0.07294002893747581,0.09130371241011233,normal,0
3690.727569354628,18,0,0,45.882454001092945,2740.9987865109715,2,7,1635,0.03996065292412616,0,0.26042231592769466,0.0022690243921822174,normal,0
3510.27360985912,3,0,0,1.7991798104341983,3718.9210683303863,3,4,485,0.059125693945509705,0,0.1868950515410909,0.07003345155202627,normal,0
4384.105937271695,11,0,0,16.211194427961008,1444.5155199147007,2,11,1647,0.19131115724335968,0,0.2563747185843157,0.2626585952798656,normal,0
2288.9596966429385,4,1,0,13.996888581513344,1313.0248056773387,2,11,51,0.2549439196071485,0,0.2310984248544804,0.13779766925540263,normal,0
517.0070819869482,21,0,0,6.671027660772088,1673.2688532022523,3,8,2751,0.0886278920532663,0,0.19459486757964473,0.006158585394536053,normal,0
3432.548238690166,19,0,0,43.367434426867874,1368.9033992554562,3,8,855,0.18827572989919553,0,0.02637995170340077,0.10955936688226249,normal,0
34718.13275186342,15,0,0,44.963272337059834,1626.7940259334869,0,10,174,0.05915374508143061,0,0.5343653800692936,0.7113643576522812,social_engineering,1
1465.367674759396,0,0,0,19.96654164635936,3996.228779621665,1,1,599,0.10439739459335533,0,0.2743840347544326,0.15735254458639183,normal,0
4060.514234959763,0,1,0,9.671497970403491,3129.093233122603,2,2,1901,0.2324977624316876,0,0.138962686416805,0.2644422378180724,normal,0
3500.352993499768,17,0,0,15.015557846128136,3528.6158284473345,1,4,1674,0.016033520850170044,0,0.293935514987974,0.18417950581288564,normal,0
249.4512247013422,3,0,0,25.88940852402847,3404.1055317866976,3,8,1243,0.2731828648928715,0,0.2518948560084443,0.21953199932297557,normal,0
4541.136486964207,16,0,0,32.26339736236664,3598.398617295252,0,10,2265,0.12746551136989534,0,0.2332685778632639,0.027567372981152638,normal,0
1895.6615208698495,10,0,0,40.05379601247469,1698.812609195206,2,1,2329,0.01847115709415842,0,0.18336111732228474,0.035044681039982574,normal,0
4335.833638658362,11,0,0,306.8437227525923,2025.6074346546427,5,11,1435,0.3522243859980678,0,0.1006255248078542,0.8135691502560038,behaviour_anomaly,1
3195.886282381675,17,0,0,20.478545090237905,2704.453638361032,1,14,2391,0.2573998293541264,0,0.09613218694166863,0.23644452418333176,normal,0
2309.1129198802473,6,0,0,9.211456513599197,1306.0725519337961,2,13,505,0.23941044323935257,0,0.10616668701459575,0.0037504983440352913,normal,0
155.9481189249608,19,0,0,32.887873251310104,3407.245524047233,0,14,718,0.21925706124438346,0,0.013627795868954384,0.24965074197039785,normal,0
3580.1897132542263,17,0,0,46.356455971625195,2031.631857774553,3,4,2292,0.05140257345681891,0,0.21878941205440894,0.17117079322596523,normal,0
4851.645800710087,6,0,0,20.518918769447996,886.2875404122956,3,3,2294,0.10639180388407891,0,0.26573824956977615,0.1831466408100019,normal,0
3286.5958630999908,15,1,0,34.16597877563513,3931.7039468145504,0,7,2751,0.08280963083717896,0,0.04968772267309587,0.12815609901806616,normal,0
2638.5859545701956,7,0,0,20.80699075042437,1003.5058243715476,2,13,931,0.061052409227386625,0,0.01225588173027361,0.24248899582310765,normal,0
4925.721874915439,5,0,0,2.6055664304918293,3303.376676687364,2,10,1066,0.16921387977558536,0,0.033638915304532245,0.02738003082743169,normal,0
853.0861099366023,22,0,0,13.025322463011596,608.5205076587047,0,3,2129,0.16213138029431648,0,0.06745360720767496,0.21836136053018548,normal,0
2126.8491071013127,17,0,0,17.133133184556844,3386.144156583502,3,14,602,0.11677504847270548,0,0.13626085884264197,0.2554260111760847,normal,0
2542.0020864234507,20,0,1,19.22918964301091,1083.7710131747324,3,10,2280,0.1884027536747158,0,0.15581370692185392,0.20308909435387168,normal,0
3820.5332839005205,10,0,1,38.23134455138974,3387.9065669278,0,3,1571,0.03517482706753557,0,0.062464429181222136,0.17215153456007204,normal,0
4961.464633445055,20,0,0,34.50145567109114,3697.942356143563,3,8,1016,0.19694708173290068,0,0.19454036682024203,0.14645759272709674,normal,0
12564.668662408278,4,0,0,149.87773040241083,827.5491860960693,5,7,443,0.41914107391720407,1,0.22599362191478467,0.5992604217459612,deepfake_identity,1
3728.333046572244,23,0,0,3.430331826998173,788.5035172158075,3,4,2893,0.19819690081477362,0,0.259719356064842,0.11529440354990217,normal,0
1318.6999356793865,19,0,0,5.9487829716359295,3977.8472642195966,3,6,2896,0.09026269908729569,0,0.214992258312498,0.1944476717591831,normal,0
20927.57731761555,5,0,0,51.37404104852414,749.0884827340567,2,2,735,0.42935983953466683,0,0.716192841009416,0.6147011290134923,social_engineering,1
1672.0979725001519,11,0,0,199.54401653514893,1565.1150625587654,5,10,814,0.1958888489240589,1,0.2268155150844481,0.46693792538276213,velocity_attack,1
1724.9225606283865,17,0,0,46.29229743668285,2995.3606221755035,0,4,392,0.1364100201423532,0,0.233324974932748,0.1677095991326297,normal,0
782.3449468450494,10,0,0,4.094626410000241,3111.35836646861,1,13,2655,0.1018407066659114,0,0.0627015970212526,0.28379125080369777,normal,0
2820.1555550906237,5,0,0,11.95568796799082,2922.916664041881,2,4,403,0.2214306642509015,0,0.10707839272642183,0.06609707207984582,normal,0
3373.779647367079,19,0,0,448.75039650628554,3212.9827744011845,5,16,2972,0.27595749888623944,0,0.1604893121663698,0.752488514763061,behaviour_anomaly,1
1060.4648589952437,9,0,0,271.30247700221383,2694.8824309304473,11,35,2461,0.40120416143595045,0,0.22178894595628262,0.7446397090640329,velocity_attack,1
2537.945275515901,18,0,0,1.423561293841058,2868.7976005614596,0,3,1410,0.03790776749166479,1,0.05863968318965574,0.22032330927262353,normal,0
4107.387659257605,0,0,0,9.390265841799167,2115.61125869962,2,14,417,0.22408231459899938,0,0.12004164154499616,0.201229969645208,normal,0
4371.739476301788,12,0,0,15.61986873593596,2449.86178057257,3,6,2134,0.04886985845783942,0,0.24796731360600488,0.16441677484755945,normal,0
3781.266729431458,6,0,0,12.237197029941505,920.6276521852809,1,13,2216,0.29221707386104556,0,0.012157182017191992,0.13630502652243648,normal,0
47218.7628596695,15,0,1,241.06427328058027,965.5457350228156,2,14,775,0.20708159479034316,0,0.5162483778611823,0.6897498641134858,social_engineering,1
23162.881273587216,4,0,0,56.4975273409008,1696.050074095313,1,2,1589,0.36899266640633016,0,0.5695741854625449,0.7219428345271097,social_engineering,1
1432.553658030292,9,0,0,3.8737778628979536,763.5507237984742,1,13,1579,0.06903118646314156,0,0.07685039584016294,0.11601015355348814,normal,0
3316.745175924363,1,0,0,44.40804160100546,2219.299757400777,3,7,1985,0.15019531204854825,0,0.11545860137538538,0.029588980360378568,normal,0
3166.7135869997583,13,0,0,0.10056321727178741,838.2817885366651,0,1,788,0.17075986564169146,0,0.05238166514101537,0.1493906966503454,normal,0
3594.7421301927707,9,1,1,617.3461031913135,1161.512829322116,1,18,327,0.7820073363419473,1,0.22276579586156997,0.5181432341455514,deepfake_identity,1
2806.5940753044483,8,0,0,32.52499922569702,2539.0539903688486,3,10,2534,0.027480149729684787,0,0.2758640368350162,0.24841102888876576,normal,0
2061.040151663393,10,0,1,33.12436980177293,2859.090835530395,0,8,2810,0.17650979598758113,0,0.16523967817796478,0.19922060923517937,normal,0
3514.012110284338,14,0,0,12.239853107764775,3377.3998389261865,3,14,519,0.102764179352727,0,0.09826648090807456,0.158599740969583,normal,0
1774.9050233195921,13,0,0,21.5891247082748,1194.7813349353146,0,12,2967,0.06721189299810529,0,0.27771413430231623,0.12411990640280968,normal,0
3027.403288609758,11,0,0,47.703392249006846,2549.5532639469625,3,8,639,0.2208653146629049,0,0.11499019792780786,0.22311429215944348,normal,0
1233.7651182465554,8,0,1,44.90098706067392,2287.3939444036446,1,7,1235,0.2715904995547713,0,0.2530567113431893,0.27143324972722394,normal,0
546.9099049385828,18,1,0,16.929867712717638,1277.3249088939692,3,1,2355,0.2919735399519263,0,0.013861379295027964,0.22011576440184719,normal,0
3122.9419000411367,17,0,1,9.40126188853641,3136.6907726171917,2,12,335,0.1618570264578831,0,0.11622939040340598,0.016462419365609337,normal,0
488.4733946928395,1,0,0,48.38200327699666,1821.2509268296294,2,5,878,0.003095204791056405,0,0.2505356176450613,0.02138737696826869,normal,0
3657.182826464173,4,0,0,35.36724795955281,1840.9055257389143,3,5,232,0.0879975373251347,0,0.16315731290575794,0.2513242272589466,normal,0
3392.2744436337694,19,0,0,29.905893926776784,1703.7469379322727,1,9,2045,0.08995927903002662,0,0.1920881750853258,0.004665674350976278,normal,0
2746.058381562102,4,0,0,25.573196216375877,1938.3384206282135,2,1,2941,0.2482597463818726,0,0.25952391335205305,0.10467685636021877,normal,0
1999.4791467326706,12,0,0,36.16155754773561,558.2192933341875,3,2,65,0.07717080262749546,0,0.18899128704884702,0.007350565471891335,normal,0
3184.832714769509,15,1,1,49.6901263350598,2130.8638206939095,3,9,508,0.26758057777190564,0,0.051846076629095794,0.2715665241120652,normal,0
19500.582431747418,16,1,0,147.11524670440207,2724.3928346814814,1,7,320,0.4130459750952438,0,0.16655113457416204,0.5370591247126288,synthetic_identity,1
4223.0930101153235,20,0,0,26.064339524959472,3722.463981763498,3,12,665,0.238398577516291,0,0.10119077305931894,0.0732340923721737,normal,0
1216.8822964555143,23,0,1,30.03568218509373,2120.3305987352674,1,6,443,0.16210946177217805,0,0.22051089498725748,0.15221449997979808,normal,0
1640.3443072740008,6,0,0,1.601863338486409,1418.1947797297478,3,2,884,0.1537643755253289,1,0.2608264943357002,0.19274357791646818,normal,0
2711.493154101543,3,1,0,9.065647617758737,2039.0319102109847,1,4,2602,0.15833036754325422,0,0.2356881068491437,0.2974443654919602,normal,0
2624.9354407912097,0,1,0,325.43239873884175,655.0313709236572,3,15,787,0.4957876314915407,0,0.31094838187294993,0.6086330862961162,account_takeover,1
3077.985399038341,5,0,0,38.178695673328775,2926.081482376793,3,6,584,0.17077305113962718,0,0.23753963098646155,0.028531902070540193,normal,0
16313.952497993645,15,1,0,1162.9291734241162,3124.0686003481455,3,11,2797,0.23483452417679196,0,0.46735418296770664,0.9253514576533026,account_takeover,1
2436.5329947573036,22,0,0,5.144312266102558,3422.9814673458372,3,11,1211,0.10685446175051361,1,0.19960594627361292,0.1842578886124846,normal,0
3482.581949813572,22,0,0,4.180673451576316,3033.0224167989572,1,1,833,0.11405574686102865,0,0.15575888895388695,0.19807507379595526,normal,0
322.68726367314355,20,0,0,16.605350576889823,3052.6249261936277,0,11,1042,0.2716489296752525,0,0.28503627714885993,0.07448154473882375,normal,0
4159.349487601055,11,0,0,44.0661979901644,1401.7522040048516,0,3,2174,0.1525346059136393,0,0.07217092604175503,0.20375699965672647,normal,0
4502.093686261771,23,0,0,9.356860429891073,3006.6924066357683,1,1,2603,0.05416077377146163,0,0.28133317821729437,0.14405278859576617,normal,0
47910.29454260587,4,0,0,88.86004037850205,3775.201636705945,3,5,235,0.08304129049612152,0,0.6281286945795027,0.38135462333448567,social_engineering,1
2069.2472794645773,10,0,0,49.45749553333363,3751.438453179723,3,12,2445,0.07961865760709776,0,0.011916664347282413,0.23549906887023167,normal,0
3814.398062954961,14,0,0,14.041303433062785,2535.6000543389096,1,6,2525,0.07298762304488418,0,0.2864045951335839,0.2163982581672684,normal,0
1683.6943669017007,9,0,0,32.95299252479757,3898.525869473041,3,12,539,0.2512400068267023,0,0.035224813399516684,0.13707939628543842,normal,0
1181.7711026649258,9,0,0,41.55231236880982,3808.631032351014,0,12,491,0.2859926589801651,0,0.15620909252491882,0.14808163270803687,normal,0
4257.284357543571,11,0,0,25.247756279615036,2335.612103153435,0,1,1574,0.06685048476206612,0,0.23079080185188405,0.2597634838831322,normal,0
4118.330760072682,4,0,1,0.5938495370766461,1795.0169366989576,1,11,2778,0.20864902527019114,0,0.17400517555203465,0.04747874238431767,normal,0
3352.739926778353,22,0,0,43.07774523351156,2922.4152734902045,1,7,1738,0.11198683176185749,0,0.19155429025343773,0.21919331626108632,normal,0
3430.2025937362037,23,0,0,48.706194317305304,3726.7936469518554,1,1,259,0.11577539327880682,0,0.1332143036592918,0.12898731846259198,normal,0
11687.892744409575,23,0,0,324.40122386040565,914.1763724179045,4,13,1450,0.5646506996217286,0,0.14309659360297433,0.8361164967149447,behaviour_anomaly,1
3165.8413700806277,23,1,0,13.138201895712703,1204.5537074728195,3,11,983,0.1519583857619283,0,0.00011622389113336018,0.20076514848874213,normal,0
3289.2991083312513,19,0,0,49.27101750006083,3281.9821612924256,1,7,923,0.12429792924807397,0,0.14877887427562092,0.2417999867387545,normal,0
2894.4059997838135,4,1,0,31.69691800975623,2349.053378045138,3,2,2528,0.16197465781880332,0,0.17663731215284875,0.02414644917435166,normal,0
4391.827109233579,20,0,0,23.167965319881738,2228.704889857291,0,10,2543,0.29864417937652765,0,0.21945221089990818,0.02620310286282925,normal,0
2444.7890126056604,17,0,0,28.30432005340392,3992.6447829786193,1,10,840,0.026163120275686413,0,0.08617417421199286,0.0352982643126416,normal,0
2283.154029835265,9,0,0,13.809314496277947,3715.5488977343607,3,8,2047,0.1489612470247821,0,0.005090433482231082,0.2789500085185343,normal,0
1661.8872643671425,21,0,0,43.07461898593126,570.8101159678929,1,9,444,0.09580578463524275,0,0.07203201376466645,0.20926985396995748,normal,0
4008.039593122222,5,0,0,8.10709394449477,2009.1425949808581,0,8,441,0.28908945362395116,0,0.14513168740139912,0.05442991100259829,normal,0
2384.289796525029,18,0,0,47.40262714604359,3596.601846940078,2,9,1495,0.09662080829544026,0,0.16858835135868852,0.23310163814878587,normal,0
4635.285713243204,4,0,0,41.791663045492,1045.616531092988,3,14,592,0.14138725531025712,0,0.12944109529966805,0.1907516606845515,normal,0
1880.2237077539278,4,0,0,369.42787874581285,2058.5154964709213,3,11,285,0.6762685092898444,0,0.3632141405925771,0.45284441399361686,synthetic_identity,1
2027.2712848874246,0,0,0,7.760338958964169,551.0643869512572,1,9,2494,0.1872237863849479,0,0.18300352271202877,0.22983775897236602,normal,0
3608.644868886508,18,0,0,7.863172362366866,2939.7381352088296,0,8,874,0.13315910834611522,0,0.19393316176642209,0.1357174080949959,normal,0
1187.6635934714523,10,0,0,9.828983804087443,3605.557370144285,3,8,2774,0.22898095068028618,0,0.07637548043177887,0.18704473210434686,normal,0
3394.680832129348,9,1,0,46.522187084009886,2268.071859995137,3,10,152,0.18542757571119925,0,0.2128939179766644,0.2262328008309963,normal,0
2826.6767230092278,23,0,1,46.777755959959194,2494.293679046499,2,9,1871,0.08783812675416897,0,0.2027150231776806,0.23893905637706983,normal,0
17469.891127257826,20,1,1,1076.1563853793534,3333.672327329366,4,2,134,0.38599726171333737,1,0.03956070113871224,0.7634173151424749,account_takeover,1
10355.26694945864,6,0,0,100.24581890393101,1611.6030068902269,4,6,1571,0.34594030049775004,0,0.8343504006975171,0.2603693767446733,social_engineering,1
393.7221742204106,4,0,0,16.724030406202832,3306.847731557442,2,7,728,0.08353191398120868,0,0.27019759518224273,0.26577189779814847,normal,0
4620.246967768749,7,0,0,46.92475791653855,1997.4331494338971,2,12,2305,0.26655140771742136,0,0.26871571729393057,0.17519804288225757,normal,0
445.78686226210624,5,0,0,33.930096152383356,2150.1347705237285,1,4,1380,0.1972978532546646,0,0.06885250245179453,0.21160128327604125,normal,0
1401.3558814971698,6,0,0,43.48651675543272,3327.328229459811,0,5,362,0.07232704486120642,0,0.24098864214460886,0.07683917808323518,normal,0
4859.835960804034,20,0,1,24.981600387487113,3542.856550958218,3,12,325,0.11619275941721648,0,0.15438553996232962,0.08641373361978448,normal,0
1654.0985415477562,18,0,0,443.63887123851003,1672.3510940279905,4,37,2778,0.12163007583187987,0,0.12637989747070397,0.6079691379692227,velocity_attack,1
3464.290576113773,18,0,0,28.647423684870915,1031.8006046760438,0,3,52,0.25008887983718886,0,0.028166431266354895,0.08648485983893138,normal,0
1495.7184224495913,19,0,0,33.309754918644984,779.0846357526924,3,8,2975,0.013131908388904056,0,0.221595567843177,0.1701613599660623,normal,0
679.0076553461156,12,0,0,37.53251292513341,1187.8785809131218,0,5,2607,0.22717763254335613,0,0.25228616839058143,0.013527161413895138,normal,0
13659.329152888964,5,1,0,426.7157220443603,1247.5819885715018,5,9,1771,0.4740409555228512,0,0.2698331470091989,0.951836172620889,account_takeover,1
2484.677812981044,13,0,0,15.31751540925972,3846.829507340852,1,7,568,0.05814423433755847,0,0.21584193632062607,0.10667807450302268,normal,0
4191.241307902578,12,1,0,8.918683173851448,3954.232516183184,3,2,986,0.016368162519338304,0,0.17681368851396165,0.04847817549822063,normal,0
987.7980673454057,4,1,0,49.85676125006254,3238.237062707266,0,14,1156,0.033698328254290755,0,0.10548039824573475,0.29298770026126647,normal,0
4948.310541728776,18,0,0,47.802234368902056,1115.5852203555633,1,4,887,0.13341386742183073,0,0.16825803754409796,0.08334752581206968,normal,0
4490.847369625117,23,1,0,6.819501982142922,745.9954722419295,2,10,2173,0.17805214207761,0,0.25474028912218216,0.2759760655038122,normal,0
6902.281617813687,0,0,0,183.03833554199244,3720.3811346492193,1,8,58,0.5570258009008078,0,0.2858364257995083,0.33949695200189794,synthetic_identity,1
3250.1213592876675,6,0,0,7.468072371521567,2882.4028686811603,2,6,1813,0.22301607708755708,0,0.2418777783356133,0.07865441139051098,normal,0
4017.110954654309,7,0,0,44.07676490058408,3247.3530813910306,3,9,663,0.09421118608584968,0,0.18020717964253444,0.1771069761375686,normal,0
1886.509268167946,18,0,1,9.069399351564023,1449.9005583828302,2,14,1616,0.294845317048571,0,0.00014919451593693454,0.2565665736004442,normal,0
40056.623704829966,9,1,1,1005.9738830475077,1319.7350027901753,1,14,2521,0.6634516266984727,0,0.23869325167883787,0.9112790048123192,account_takeover,1
1132.0347205865437,0,0,0,83.84307434205407,3120.7039403772396,4,7,428,0.4338798640095311,0,0.23875264501944743,0.6136655302048485,synthetic_identity,1
383.437802291087,8,0,0,31.393238497193448,2487.703500982165,3,14,1113,0.2381123498063979,0,0.15145642466461412,0.1480167187473414,normal,0
3395.340434777488,3,0,0,9.266928444016804,3819.8421523552474,2,5,93,0.007094040321054106,0,0.06437828196948865,0.0343772186914121,normal,0
797.0219065672612,22,0,0,28.565921789306365,1968.3241620319984,1,4,1476,0.10578299493782228,0,0.020877328332374767,0.11296551322959077,normal,0
1055.378479511417,12,0,0,13.940013132881973,691.0845524680853,0,3,749,0.07059756361383367,0,0.19909675407866986,0.15309540581926248,normal,0
435.4072175734822,2,0,0,19.9757149023408,1923.665973935554,0,9,378,0.11946949896516054,0,0.23761922304960917,0.22889182269373623,normal,0
2447.9912003856816,19,0,0,17.8515271492289,2431.883524987157,3,5,1475,0.09995407289733928,0,0.1995719847460737,0.00465382231034469,normal,0
1308.3578113923206,9,0,0,31.54638232492305,1956.3308886322923,3,10,2192,0.06114674413898956,0,0.10745973616304197,0.19551161355818744,normal,0
24892.373007052185,20,1,0,509.9626375478839,3960.4276724145557,2,3,385,0.8323590353587624,0,0.05485574646453786,0.43289733114241913,deepfake_identity,1
2077.066044440746,23,0,0,24.714265570242453,2161.1403503626975,2,2,2125,0.06608957754517249,0,0.25422842432428705,0.15891437490359428,normal,0
4782.06611017918,18,0,0,5.880431731657704,3366.937856099613,3,13,2064,0.1063655018665386,0,0.2885224649820008,0.24177101486439254,normal,0
35062.52441714199,3,1,1,500.0855825013402,1837.8648832453034,3,18,1281,0.4625448910511098,0,0.361516636411824,0.9917286354766706,account_takeover,1
1507.383925105239,13,0,0,36.25673132908408,785.6804315595282,1,10,2092,0.11801022318998042,0,0.29819742696158286,0.03367660436003881,normal,0
395.31021241884815,21,0,0,4.234710579334861,795.8507147522727,3,2,471,0.20874285937939654,0,0.2360592449195032,0.12103446910523867,normal,0
18629.38727083242,14,0,0,496.57294609537666,3721.2790333768053,3,13,370,0.40664488603102206,0,0.16884448795425944,0.7490829961744077,synthetic_identity,1
4821.7378877373385,22,1,0,4.480353019621059,2410.357475433093,0,10,1877,0.07221024711390152,0,0.19204793927469996,0.2811551983568201,normal,0
4585.892658181405,19,0,0,13.587489336026282,2563.8964082396933,0,12,676,0.2183742289715822,0,0.0718263264366137,0.2689579350571194,normal,0
1003.9336403548328,7,0,0,6.8111637082982455,1763.3377165891013,1,6,1959,0.2535607605837653,0,0.06578146320422956,0.22374793475484334,normal,0
1061.6040118602116,3,0,0,21.356650959878575,1618.2676180053445,2,1,1398,0.031004594257432603,0,0.0234224671425624,0.009659392783591613,normal,0
995.5857069619499,0,0,1,415.4408048395285,2369.8747618244997,7,35,1336,0.2402553680513147,0,0.39851491019754254,0.7541272026424675,velocity_attack,1
3791.553107768814,6,0,0,23.51060605821195,2212.6587806384987,0,14,2094,0.08196206646921864,0,0.10242844535127858,0.07972256146521271,normal,0
16097.508549902746,0,0,1,337.1315808005451,3554.5563288342287,0,14,292,0.8475144212676204,0,0.2205019437520095,0.3130881063258332,synthetic_identity,1
4782.682389605798,16,0,0,23.981361860871125,3975.703129906014,0,9,1845,0.22614902354632901,0,0.115117889924083,0.1865199183517948,normal,0
2351.961880346753,15,0,0,8.952061922538117,1614.1883274564943,3,13,2180,0.08678404011790163,0,0.28303769017923364,0.1586092490338498,normal,0
26848.538397381402,4,0,1,313.54495743687244,2962.477419536635,5,7,2572,0.6614022517276319,0,0.0680476160226085,0.8731603295973069,account_takeover,1
2429.223618090672,13,0,1,44.06576954357173,3942.0762823283626,1,1,303,0.4883894672647156,0,0.13298297256183278,0.7114264597410482,deepfake_identity,1
26991.274809650222,20,0,0,139.31982956153902,1878.6378000866323,4,15,1654,0.11148324028443911,0,0.7241544990185748,0.7031243080837544,social_engineering,1
1910.9135771911886,18,0,0,33.3830261563678,1988.375492146672,0,10,2984,0.12122477998837898,0,0.016384878644685862,0.1302226494023178,normal,0
4008.8880904062485,10,0,0,32.971928055805186,1033.7381622177843,0,1,983,0.024551896003369798,0,0.17939545171835744,0.06211397678381381,normal,0
3014.752159559357,18,0,0,36.09748017372624,1501.7065401741797,0,2,1535,0.26362582335376084,0,0.04844385808169475,0.10822988739890692,normal,0
16162.874343811793,4,1,0,42.701816630481396,2658.381884365689,2,9,156,0.6920486999524275,1,0.15797175273390857,0.5416237786320222,synthetic_identity,1
4905.622783558804,23,0,0,45.363254029723855,3060.2227643172014,2,11,1061,0.27884747077194566,0,0.08700559207551299,0.19511017474603803,normal,0
3398.151441464963,4,1,0,14.422097611912326,3579.2763233346514,1,3,2753,0.1802051337788643,0,0.16892153427282397,0.015001019214889832,normal,0
4803.327733295931,14,0,0,22.706278792602085,2535.096392311345,1,8,1280,0.2915334987619141,0,0.236372299123334,0.1757457651478397,normal,0
258.9728856312161,23,0,0,20.889183565661384,2224.2059937975846,1,5,1031,0.04322418964228557,0,0.26492646722604773,0.20137486350763079,normal,0
1127.4823594079842,14,0,0,26.807096389847228,3199.454156728469,0,14,2844,0.04010843777464603,0,0.26096795289617747,0.05276546808081279,normal,0
1062.454157772885,15,0,0,11.326432261349966,3135.836436219009,0,6,2793,0.044518427327285635,0,0.24156922180406165,0.12581936094647422,normal,0
3017.295213768676,3,1,0,2.413728178032354,3351.1491876958435,0,2,2553,0.11243258892404791,0,0.28792879237741276,0.06193687860440624,normal,0
2640.1993075315,5,0,0,48.8717832334399,3779.41631398668,1,1,1345,0.20369834407360154,0,0.24404860951111326,0.12616283407719545,normal,0
3196.0023396320166,18,0,1,1.568984400842649,602.7820481381669,1,10,1090,0.2328169704019932,0,0.21779682592031166,0.17028112467758016,normal,0
3175.7694600499476,9,0,0,20.382357732934842,2459.418037148732,3,8,1686,0.14436047244700703,0,0.21936499566744566,0.027963206958790742,normal,0
3474.2949836085904,23,0,0,44.82953103127385,3925.1960790626367,2,10,1430,0.25851625379457643,0,0.09676771052403799,0.2383386058378936,normal,0
188.73990072211848,1,0,0,32.134628922760925,2143.1398025345998,1,7,1664,0.034162861148702796,0,0.054510716261281046,0.19372636936270224,normal,0
100.05701030129408,11,0,0,44.20014425699485,1384.928909292417,3,2,2805,0.2488587748147456,0,0.03440394757260261,0.1521660543438008,normal,0
731.4623506198815,16,0,1,15.72512377771414,3346.2464998898276,1,14,2773,0.04971314612148792,0,0.29529276956033423,0.2146888222387416,normal,0
2215.131776525429,22,0,0,38.81553264893228,1313.0263439936498,1,11,1054,0.025226895536008376,0,0.24552611399188387,0.23436919530084482,normal,0
21337.96071123941,2,1,0,252.02095697639834,2417.007704338632,5,8,172,0.5231666855561918,0,0.18790666373680182,0.49010252778927627,deepfake_identity,1
3161.440927668072,3,0,0,25.344203307212503,670.9255473810979,1,6,96,0.09836134847475554,0,0.12144596785235537,0.01732944568724639,normal,0
1833.5668778085364,22,0,0,36.46037946149065,2258.8337014283525,1,8,2262,0.09218488367003151,0,0.11132806557742916,0.1239590460465049,normal,0
3489.1126941460534,11,0,0,43.36055512576823,2452.600742313503,2,14,883,0.18081778363718215,0,0.24729376822517335,0.20933481180288363,normal,0
13529.501051209196,20,0,0,370.98140083295897,3850.259144584208,2,16,110,0.40687925823950233,0,0.0753576099297446,0.5481630138344264,behaviour_anomaly,1
3348.9312398367697,8,0,0,31.444147928384332,2533.5333184256197,2,5,1127,0.21693720924991847,0,0.2101994001212615,0.17553502760437964,normal,0
3817.7050737032114,8,0,0,25.51795405973236,3471.1056535506705,2,11,2819,0.24566326534101357,0,0.2433148157906978,0.11671862762732613,normal,0
1053.6503079217487,6,0,0,23.619998441968214,532.7458876759937,0,7,2227,0.03440447359702413,0,0.12791426464592717,0.1346109604850278,normal,0
844.3231982102424,9,0,0,38.13265446725551,2184.92524648804,2,1,668,0.05861563938445252,0,0.08518759907610045,0.19140808365280593,normal,0
1012.0658989914049,2,0,0,7.214032534437459,1705.3386186801333,3,11,2596,0.07267854276316323,0,0.17838824503574915,0.16075520329805218,normal,0
36422.14187528209,16,1,1,1125.000163358648,3456.679095415107,4,15,719,0.2979957834084728,0,0.15756443031816775,0.697666323806189,account_takeover,1
1245.1892013611218,23,0,0,29.77744481446033,2885.5416203763175,1,4,2034,0.13474234681491556,0,0.14714553589962717,0.16801940416623087,normal,0
13608.920370305888,23,1,0,66.62216838558214,2875.167741951698,2,5,2609,0.3641129650926514,0,0.3737971626673263,0.7613145330541751,social_engineering,1
57533.79180869032,12,1,1,268.1568852377362,2556.945303035403,0,9,1909,0.7646060569060793,0,0.17428673038118847,0.6163965140584331,account_takeover,1
4697.747070391449,23,0,0,13.80620392240688,750.7458288003766,2,8,1150,0.08461233787875916,0,0.21007855522474692,0.10365694219733759,normal,0
1389.911997938255,0,0,0,6.348507474196635,3381.8085338866617,1,5,797,0.1512118224474575,0,0.2488132880049419,0.2202963148542267,normal,0
2777.646854467809,4,0,0,15.597500459290803,2225.852134055701,1,14,2890,0.27009573649901825,0,0.07379914001598246,0.032157270514950806,normal,0
2718.633038783185,17,0,0,489.61049856405873,1003.4896955824793,4,19,1494,0.05196365097118869,1,0.44706046850442366,0.7373486187216194,behaviour_anomaly,1
1582.0849555612015,1,0,0,48.23739074712133,2484.034728613847,1,2,2037,0.08064608453599938,0,0.09710940960516487,0.08998259739627651,normal,0
353.93533042989185,3,1,0,47.588380916997096,3307.300105301913,3,11,2685,0.19745631373879177,0,0.056615939694345294,0.2531353295753798,normal,0
12414.823129677294,22,0,0,419.80701988047866,1521.7985597620072,0,11,1637,0.5452616889506993,0,0.18221319091693,0.5002216552436074,behaviour_anomaly,1
3306.033506392313,22,0,0,23.15979389827241,2221.5018568664846,2,14,630,0.023373647541246035,0,0.14682320432013127,0.1567090594264717,normal,0
1762.5958098168805,15,0,0,11.019475229022735,2054.3833843383463,0,14,938,0.2968363541175345,0,0.014331679585033008,0.05447475717767225,normal,0
1019.8397878920351,23,1,0,49.233274722785076,2635.755906358206,3,12,2336,0.13445877533023015,0,0.26621709750700495,0.22382070781036653,normal,0
1040.1498911218403,17,1,0,11.570854664624164,1228.485261157409,3,12,1540,0.01415592451867792,0,0.26127104292339115,0.05936582239006507,normal,0
821.6502614052455,21,0,0,41.15564454261324,3112.8580338662355,2,11,2752,0.15259465848480075,0,0.06539487639167647,0.02916149860633331,normal,0
47359.532848669005,9,0,0,208.6587770052063,668.5432498761759,1,4,1224,0.44025291715979487,0,0.5185640909260714,0.3980667232258175,social_engineering,1
21239.64158717517,23,1,1,863.4914037064883,1612.7976276230577,0,7,2591,0.6140748307989424,0,0.34253227285470284,0.4750252541626714,account_takeover,1
1364.853820235525,2,0,0,36.57877388141668,1883.8736724299454,1,4,1792,0.08289488553010586,0,0.2770932693822135,0.2076654677271779,normal,0
12642.90880523771,2,0,0,488.1023379674076,2390.624484533945,2,16,437,0.7415021075772836,1,0.24618466674254752,0.4521315080309284,synthetic_identity,1
1519.7821192774634,11,0,0,47.455602686386946,1847.6073843148883,1,6,2689,0.050017077917713815,0,0.25923384225712753,0.20991192838516112,normal,0
34739.11901065121,16,0,0,284.64261781185576,2670.5636832388473,2,11,2129,0.20997990560907986,0,0.5621285361406089,0.4184314149586968,social_engineering,1
855.3107115745868,8,0,0,25.276005931502066,2232.9564532098975,2,8,1508,0.26866568580423134,0,0.08397706580431505,0.19053685247148863,normal,0
128.2174364407957,4,0,0,42.71123195853522,3373.154684113765,0,5,1621,0.02926172807421723,0,0.24543507173960677,0.004474611462717592,normal,0
44635.005391516985,10,0,0,113.81180073945654,2738.328559177089,2,9,2903,0.1613093297155413,0,0.5264483055699873,0.29379035935208764,social_engineering,1
3715.9596422482014,7,0,0,34.044363000021505,3077.1633555147064,3,4,1795,0.1505817061317483,1,0.2695100308207308,0.14917495246948786,normal,0
618.7841592443336,23,0,0,38.965332559421576,1943.666518663507,2,12,1594,0.23001941718520008,0,0.2366418116245075,0.15948777911809744,normal,0
2883.0740568487945,0,1,0,3.91199462171381,693.2972951426501,0,12,1328,0.2354363978828733,0,0.0106136698583994,0.1792451487112066,normal,0
2745.928360607692,5,0,0,34.60337421355973,3830.628996567466,0,5,2244,0.10902804841127263,0,0.11284768683280853,0.11738956881222411,normal,0
759.423708810128,8,0,0,17.001206764798987,1044.2348207461885,2,2,868,0.23369124570505198,0,0.049375377812691024,0.07499464977509225,normal,0
3776.302243300327,17,0,0,13.304804620477412,2330.7564833219803,1,5,1050,0.296366840095118,0,0.0349239030526071,0.1773202537742978,normal,0
6277.4044659657475,6,0,0,98.24124888120639,2039.947246656525,5,19,2382,0.39435925424149365,1,0.042375668654018706,0.4199003507585785,behaviour_anomaly,1
148.56240790665285,0,0,0,12.211266679968908,2673.1996451291743,1,11,1599,0.010671875110211925,0,0.03152512325770433,0.17254536256162484,normal,0
1396.711631934251,13,0,0,0.4396306517629289,1339.4514747833841,1,12,1505,0.22605694610887478,0,0.044944971890928144,0.01910714239665424,normal,0
3413.2700541696267,8,0,0,42.905819159962334,3725.469115030226,2,13,204,0.011289295245562813,0,0.21910249117432218,0.0670705854403557,normal,0
3114.1327886518793,20,0,0,22.629997746885564,3148.841367348227,3,7,1938,0.17833737138199202,0,0.11543029701928244,0.11458775305550772,normal,0
3216.8706274067567,22,0,0,45.99240123510978,2315.6818010955767,2,4,2934,0.011083405785498934,0,0.1967399127959739,0.14772801572655292,normal,0
3802.2005788609385,21,1,0,3.973475167580276,1723.6017633210586,3,2,1039,0.2906727262855966,0,0.12377195979452116,0.12309472631138835,normal,0
327.60702232798883,5,0,0,10.95999016947023,3961.809189496372,1,14,1692,0.1908164884236493,0,0.005429811626857816,0.14164536416268333,normal,0
4897.007464356564,21,0,0,0.6056558049945759,3435.057153696679,0,8,2514,0.27438557681113795,0,0.0667266398498035,0.07642357859660609,normal,0
3491.0477098947495,1,0,0,28.736682576943117,1851.4690055048256,2,2,813,0.2793662761106942,0,0.08102192039418728,0.23712521099843104,normal,0
4705.177405706028,23,0,0,16.47267179787702,3695.943011649621,1,12,1801,0.12847132216061616,0,0.23609026923671622,0.1662536196680317,normal,0
3203.664186151956,0,0,0,25.98892431689885,1830.9270751466233,1,10,489,0.25391041603727194,0,0.2847680650281344,0.25970950228232825,normal,0
7357.040593396165,1,0,1,350.63601536908794,3091.893999933852,2,5,1533,0.5629875786826654,0,0.42496158889243313,0.4659845511704866,behaviour_anomaly,1
4276.092984516789,20,0,1,6.963923657213017,3928.9153618686328,1,10,2268,0.10945424810883816,1,0.004794766617344737,0.1712997795656247,normal,0
3343.0120302619553,10,0,0,48.545989426343986,3224.675691709589,3,13,2813,0.2749131613541226,0,0.04921936505772545,0.14404346401423165,normal,0
4575.10604312356,13,0,0,14.362211758909776,3874.7052002172454,2,4,2001,0.012299804447889239,0,0.1482548609303905,0.16003625035280558,normal,0
1669.966302087053,4,1,0,24.018405337860933,2787.7225924239224,2,11,880,0.08015561673515748,0,0.12507523775788695,0.28239371775961525,normal,0
1357.5258009583429,8,1,0,221.37678428531865,1302.0713265231789,4,27,171,0.4250065111361361,0,0.37864614780160544,0.5456613598730007,velocity_attack,1
1574.7214780393997,2,0,0,4.824100986758423,3715.2524592499617,1,10,881,0.03528288357592868,0,0.12387610042027804,0.27174451681463657,normal,0
7992.932958920152,14,0,1,402.0290527871494,2016.2400001285087,0,17,15,0.4909043007627973,0,0.14880162334098818,0.7887097324519585,synthetic_identity,1
717.409936533572,13,0,0,16.716939020761785,1112.4268105225888,2,2,1768,0.07344970143846277,0,0.1710732873784225,0.14253656832584824,normal,0
13714.87255557796,7,0,0,453.2827297800254,3538.6658350579337,0,4,183,0.8261599930492949,0,0.13582283858733513,0.6326038176446382,deepfake_identity,1
3194.148083656801,22,0,1,2.2331516928715986,1319.5118213704816,2,12,1266,0.09333719243754496,0,0.06831481715244124,0.009470103681745246,normal,0
331.2638383171571,6,0,1,18.263647101765358,1484.0255652797555,1,3,2104,0.14166976282995306,0,0.09086975482790023,0.014223592528253648,normal,0
3463.0032637618774,21,0,0,34.62059794701705,2199.7147825763195,2,9,1778,0.14660536343660727,0,0.07429459667637424,0.24988411892603443,normal,0
3743.190455828878,12,1,0,15.507610615076317,3880.4063929930603,2,10,639,0.2965613272885536,0,0.06615554052067592,0.20546517114509635,normal,0
3376.0059689422787,2,0,0,49.35043751544796,3915.6196136971957,2,11,1411,0.17573876168649175,0,0.185003856898741,0.08805071338232727,normal,0
3657.301558927948,22,0,0,9.1054631171533,3768.3652016906876,0,9,1244,0.06081212386255255,0,0.2060887311984969,0.15735265302566953,normal,0
206.93464419989857,20,0,0,46.87202644937216,3148.956786454945,3,8,1478,0.14813217617059674,0,0.2626297221443094,0.21460146881219136,normal,0
1685.6900738327522,0,0,1,6.634430591292295,1436.5656241474849,3,1,2180,0.27480346415611345,0,0.15550909162124524,0.270660517623993,normal,0
1429.9059641889005,6,1,0,25.869009172672524,3350.7621852330694,3,12,2908,0.07994966901178159,0,0.2542734093652064,0.07159162486658412,normal,0
686.0118050976783,15,0,0,23.23701547561237,2163.7021580779347,2,9,546,0.0496808999439702,0,0.03116932735892639,0.11856352871215327,normal,0
4370.530350146644,17,0,0,0.016648394255397436,3044.6839584346712,0,6,2733,0.2320935547367694,0,0.03687343256341308,0.22035559690703885,normal,0
3417.009836684503,7,0,0,41.5577827278006,1383.6826613670987,3,7,2302,0.029588407116073776,0,0.17709414791260303,0.2821375597174601,normal,0
3129.44838049845,21,0,0,4.025750489965524,2433.8757843629974,3,9,2524,0.12154752132001073,0,0.2801035759040486,0.24782768335823585,normal,0
4935.745989342535,1,0,0,1.436984848606132,2970.7133870939624,3,6,897,0.03256650393589853,0,0.24145622846844514,0.1921209414745102,normal,0
1291.543735897325,8,0,0,19.147370434904815,1468.6164753073406,1,1,1198,0.23468628161317404,0,0.009429541944235875,0.07154798270687303,normal,0
1794.4498822110825,5,0,0,40.8554697596057,1357.4596539177915,2,9,2956,0.1334550183204493,0,0.08541672861514381,0.23176372405825185,normal,0
9603.430688581719,10,0,0,68.86188903585492,2962.747706828984,0,17,2332,0.3469509678263553,0,0.44450363743949667,0.48005320869363316,social_engineering,1
868.3822560523479,19,0,0,28.878882994098436,3973.9911649937135,2,7,2303,0.05353069456235959,0,0.14692910074372253,0.22700880195607037,normal,0
2864.7359017542267,2,0,0,9.671225552134628,3604.7637079273504,1,2,574,0.02920133986918968,0,0.2889268343551965,0.027904228633570227,normal,0
1635.4047961672013,19,1,0,22.74798321831044,3712.1632776705496,1,14,44,0.010131652092681942,0,0.0635737937940248,0.2384157616965623,normal,0
3760.6835089322417,9,0,0,15.891547320895572,3278.980458344423,3,1,1984,0.10120020662358725,0,0.17579460420708468,0.12447156697716932,normal,0
3328.7273153597416,6,0,0,11.045660139829987,3544.828303707467,2,7,2864,0.06568587030364814,0,0.18475715276971033,0.06779109912124491,normal,0
1965.0541380352424,21,0,0,9.518046900284105,2101.894788983219,2,13,1897,0.07539261717757388,0,0.17571366481906697,0.099001809384157,normal,0
1864.9341429151882,6,0,0,1.4294604969857516,3523.357030639537,3,1,1183,0.1096063929045424,0,0.19934649289936796,0.04873108501829484,normal,0
1359.2358950022513,9,0,0,40.601805269107395,1166.3756260795358,0,13,393,0.2105521663264896,0,0.6928126016823459,0.6521170816479935,social_engineering,1
4741.518029180907,0,0,1,27.145700517217513,1225.3629678472037,1,7,634,0.2156164926078703,0,0.04847898891324826,0.10319369612204594,normal,0
3719.1275448484203,13,0,0,24.075254658881605,1252.0609408107093,2,7,2842,0.12171285866470577,0,0.16173897868525092,0.13849589897736617,normal,0
752.7286282694806,5,0,0,20.886908822188133,707.1618090641953,2,3,2064,0.032236903840990504,0,0.1791340515292291,0.12719901069467207,normal,0
354.7478246907667,0,0,0,30.91565406880917,3946.882373647822,1,1,454,0.0675290561737075,0,0.24466094967809396,0.04918300493923172,normal,0
3787.094854173822,3,1,0,19.472583151217513,1273.8696333832409,1,9,2457,0.12234504248389784,0,0.2031619155610532,0.2524948877127707,normal,0
1341.0346792613038,12,0,0,45.61242350032203,1352.6088979910105,2,7,2943,0.0810444821129831,1,0.09408837887125332,0.1576838300422095,normal,0
4090.4952184169306,19,0,0,13.54370276605003,1473.5589619757532,3,7,165,0.2715615395452688,0,0.11221195187211173,0.2779952915395286,normal,0
4536.218145584712,22,0,0,49.17430270958011,3970.5257817285315,3,7,1056,0.1837410844368628,0,0.027875235474942705,0.04352991015149523,normal,0
134.21308321370577,23,0,0,23.95841058740667,2955.7738742773895,2,4,2712,0.22468445647579718,0,0.16125743780039548,0.09722045825548148,normal,0
2992.703683247987,15,0,0,44.893346597100006,1523.1963886231492,1,3,1301,0.27898116097422176,0,0.1091678190947911,0.27403800720807353,normal,0
596.7271980104798,14,0,0,5.475309026008196,3075.489488603208,1,13,1725,0.15265327284174543,0,0.004429911478648762,0.2288336006173443,normal,0
432.49157901952526,20,0,1,497.25153040148143,1311.8006105199727,10,10,2919,0.12383012534436226,0,0.18985797642105992,0.539550551372493,velocity_attack,1
1379.695919303215,21,1,0,9.763656058961063,3877.427536161389,2,2,1182,0.21207483248483341,0,0.02024970609789828,0.19506382316953486,normal,0
1427.6192217501905,13,0,0,21.310238614465614,796.5147390802983,0,1,637,0.24321332967221465,0,0.15542001451007317,0.0440212168263045,normal,0
3641.2640927213192,23,0,0,44.33777030433937,1416.5730946516346,0,2,286,0.2039607695928418,0,0.007819467771829403,0.20560019859144438,normal,0
4150.866062733288,22,0,1,29.359585023355855,2508.5160754875537,1,6,569,0.11502766645161609,0,0.08101025726998679,0.18421050438042655,normal,0
4832.5783666198295,5,0,0,25.086911050134958,2571.0005778950836,2,12,1845,0.1240032692797966,0,0.06367166990515247,0.03780472021486657,normal,0
7143.862888954419,13,1,1,122.74693220763847,3493.7606495640402,2,8,379,0.8926155939646793,0,0.35210289771208403,0.46844615224684427,deepfake_identity,1
1369.2499445707947,3,1,1,215.8989481323807,1083.89324925985,4,39,813,0.3562151624090971,0,0.3676956301573371,0.31679250000993037,velocity_attack,1
15983.29852163511,13,0,1,474.53168050120223,567.3322700606049,4,7,553,0.5225198111520639,1,0.1577442968550904,0.7617680251310995,deepfake_identity,1
1273.8532642681648,1,0,1,48.38311379042421,3371.58878273291,0,13,1030,0.00775234172160697,0,0.21409188803316034,0.29730204449601433,normal,0
690.7777403086661,9,0,0,28.072319184514612,2006.223242756496,3,3,715,0.25523292319200086,0,0.00021150355084567085,0.23995459270114522,normal,0
2237.019992763052,15,0,0,26.187717223719748,3658.292350438539,2,9,2424,0.017024727045795617,0,0.04237738596118782,0.29497620714568407,normal,0
918.5053487146544,2,0,1,42.3930644880951,1550.9021673098691,0,1,1643,0.1539530005781867,0,0.05414095860339939,0.15916007730377432,normal,0
12680.834420023817,17,0,1,487.0757483747458,843.4897321270104,5,12,1008,0.4375678591629732,0,0.3422836666854964,0.5550230482769949,behaviour_anomaly,1
2139.1545910808313,21,0,0,47.39260365359168,1460.5019297052836,3,12,521,0.27063175938073813,0,0.18142213691861242,0.024377003928116123,normal,0
3052.0022656362803,17,1,0,36.86093582184702,2246.4378174282324,2,1,2559,0.16731175209000224,0,0.04637328170164695,0.15403919137890668,normal,0
1723.6258718079534,16,0,0,33.96586828283475,2914.9772718042177,2,2,1871,0.07380525536207225,0,0.11427115475100029,0.0867866377226373,normal,0
629.3261952403877,15,0,0,4.075551801697158,590.2543014995442,1,13,1667,0.15093677315004037,0,0.23567800126300564,0.26076766668787865,normal,0
1007.4582825505929,11,0,0,0.7790897750257986,2840.8134673161776,1,2,2974,0.172222804754238,0,0.10897702013478344,0.09985915248091765,normal,0
4541.71334372628,12,0,0,15.229399376119746,3735.1444907874093,0,6,2904,0.11164832994555356,0,0.17071128483973017,0.07130224449830282,normal,0
3127.451476985948,0,0,1,9.406956040316134,2725.596688861727,2,13,2428,0.18785064512658498,0,0.2799224000519487,0.23246332877137002,normal,0
1372.7935404255984,16,0,0,36.430023999831946,560.77426559731,2,14,2535,0.29764482680883786,0,0.28695933988953815,0.13000535231185936,normal,0
4349.741584703032,3,0,1,26.492290166973426,3330.141308844057,3,8,1777,0.1011858640150769,0,0.15286252299669978,0.12202449875998658,normal,0
5697.4463384937635,5,0,0,68.80676192548782,1506.6203029555948,1,15,2074,0.3515436286579673,0,0.4651717969744968,0.6899894770994734,social_engineering,1
6891.428978362264,12,0,0,234.53696359347197,2350.2491544196887,1,14,400,0.18057326197027773,0,0.6865079552593747,0.5747140683762264,social_engineering,1
1394.9536894773325,12,0,0,31.882664194094897,2570.7726463372182,3,10,1289,0.2551064348320809,0,0.07352751538178971,0.2398829814795276,normal,0
1123.5253476253024,8,0,0,29.598629643802916,2370.414809452646,1,6,387,0.04599250345635821,0,0.1653931952499141,0.28989722252990313,normal,0
891.1433869147764,12,0,1,27.7639781112249,3045.327367342527,3,8,2732,0.24374734128278866,0,0.11091163186788919,0.1642383809293199,normal,0
4458.6446241144395,6,0,0,47.159414537513825,3721.5155843694483,2,9,2763,0.2684223828849235,0,0.19438765526626664,0.017610447789439352,normal,0
4852.4062508674315,9,0,1,46.283178816044575,631.6681714304399,0,6,1450,0.0692521839741733,0,0.19174264571177002,0.18732090227328133,normal,0
24399.205040208806,14,0,0,407.3583809495597,1780.3277027392849,4,19,597,0.4035176298194063,1,0.3657895422644888,0.4786040897953604,deepfake_identity,1
237.6035725464799,23,0,0,485.18552442141225,2842.006007334127,10,16,2006,0.31596756223632816,0,0.21126959819709332,0.6033389894846566,velocity_attack,1
1080.7361967995694,18,0,0,43.85154302547464,2472.01201753341,0,1,1609,0.12324642685747582,0,0.05989075693909513,0.13806433875713245,normal,0
1199.1609383822786,23,0,0,0.7312021505008703,3838.4608719181692,1,9,2514,0.05436200451808066,0,0.13428323465829037,0.29647038340937226,normal,0
9635.946782449802,17,0,1,149.95140614527654,3210.9530124606713,4,5,2440,0.37824163960481394,0,0.4576747344335067,0.7204495811846875,behaviour_anomaly,1
3591.844532182713,5,0,0,5.934030762869175,3268.4181953805287,0,6,2306,0.1915790054071775,0,0.12625013580017427,0.15462085519777188,normal,0
1536.423878278965,3,0,0,42.411456627642444,3771.704277792667,0,6,2778,0.11590665649725924,0,0.11543119359658284,0.15104747271280453,normal,0
18306.610343080985,9,1,1,610.1791503508756,1512.5375958318305,3,16,89,0.819992757639288,1,0.30115523645208525,0.8409102709233911,deepfake_identity,1
1986.9788701494338,12,0,0,13.951008870932268,1266.0270908339544,3,8,2963,0.12790127999704798,0,0.030024268471041015,0.08725253405341689,normal,0
1103.9182433384915,4,0,0,21.654725226017003,1379.123741068449,0,3,1771,0.08720234834197117,0,0.1994533638295141,0.280401515696254,normal,0
616.4267687282456,6,0,0,44.15917451763664,1833.2851087699873,0,12,623,0.19437716056781965,0,0.18286757385122623,0.2678867351013026,normal,0
1926.1737333603385,13,0,0,40.04937043497716,640.1444825017734,3,12,2456,0.1693392083145502,0,0.026411108503253112,0.2936352197098182,normal,0
1569.603646384225,7,0,0,22.986573231514807,3350.166855224393,1,6,2244,0.17359521852456933,0,0.013857521868329004,0.2582340483161402,normal,0
1741.7557981921377,11,1,1,662.6310462678596,2256.9024836519748,3,9,231,0.7182993743472491,0,0.244777971994029,0.40896571575266755,deepfake_identity,1
1060.3160258538114,1,0,0,28.19730641344388,506.78058197903397,2,8,2474,0.004389353851567024,0,0.07553197021662948,0.22012406244586546,normal,0
1700.5323221869635,0,0,0,49.592839762385424,3874.3175595699367,0,2,191,0.06284448063022688,0,0.26759808997480666,0.16444548248161048,normal,0
4130.742747232325,0,0,0,25.58315986789783,2473.2104800338457,0,10,2170,0.15338226199670926,0,0.12003121037307962,0.2190371231012071,normal,0
3422.2791475394115,1,0,0,40.188702543210944,3446.5007714251246,1,13,1173,0.14963377439685552,0,0.00582000885648074,0.2730961315421453,normal,0
4184.855651328344,21,1,0,22.560507162878352,3559.456865404478,3,4,811,0.2442547939453413,0,0.12122248406383383,0.10604010851667506,normal,0
1961.781420940778,9,1,0,293.52671554997727,2303.110035856608,10,38,1768,0.282927452026624,0,0.35123086102828976,0.56172809243267,velocity_attack,1
145.72493715275715,18,0,1,18.601444468511563,3424.630469103957,0,7,1375,0.06785838745349586,0,0.2426127493029397,0.17493464271479,normal,0
124.20590657860711,8,0,0,8.339448537685989,2846.7251334766333,1,6,174,0.09553230538789759,0,0.007415456607710591,0.016800734143013762,normal,0
4027.531848226649,8,0,0,24.768459531718957,3811.999437296087,3,11,1459,0.2609268896176121,0,0.10214789552070637,0.0417516302316558,normal,0
901.756723839179,4,0,0,19.785157721995937,2178.7439514120574,3,9,329,0.07222403772469596,0,0.0917630285793024,0.12343818343225839,normal,0
1899.504391482753,14,0,1,167.93863843417316,789.7776859929571,4,37,2479,0.4160140485950178,0,0.06742472050304493,0.6544382542378494,velocity_attack,1
3105.715807132468,2,1,0,6.898656657034668,3434.9814950325845,2,3,1014,0.19884328087492945,0,0.2158067735625457,0.22966783854436346,normal,0
2107.388161542364,5,0,0,4.78656036429716,1526.002756501335,0,3,822,0.02659525214823679,0,0.20399174618341653,0.2580836942128425,normal,0
1515.5362006549117,12,0,0,35.419448405468444,3703.8629546765815,2,13,472,0.2254601733614135,0,0.12638090279682088,0.02000000389368024,normal,0
285.61908944265,17,0,0,290.18551568515693,1453.308308471385,4,25,244,0.33124956921437493,0,0.05809785355374922,0.4222024042101669,velocity_attack,1
3921.2424362406036,23,0,0,10.080994940529763,1323.0006494717688,0,6,82,0.05243488273929151,0,0.07124958247384067,0.24334506937367154,normal,0
14036.583581767867,4,0,0,516.0695700585796,2508.5751120283903,2,18,2699,0.5054877095943685,1,0.35246782965319834,0.9036837849691455,account_takeover,1
1330.5641060353041,14,1,0,476.6919428345856,1598.2810280847068,5,16,2696,0.45412591072996933,0,0.3228401388102638,0.6049518218672323,velocity_attack,1
3984.5147565067828,8,0,0,0.43396207979375934,1185.990790712111,0,6,52,0.04414653965285854,0,0.2762899166748089,0.2223214649334517,normal,0
26241.553977349246,3,1,1,1062.9238892719789,1471.5963765716867,5,14,2352,0.24287194664160597,1,0.2708228614168582,0.6596074999835917,account_takeover,1
3220.821355528242,0,0,0,34.24117460335314,3123.9015519335576,2,11,1996,0.007436499611066538,0,0.21079143626657343,0.2953616076895488,normal,0
500.61925654947237,2,0,0,42.81686624178537,2032.0338557557527,1,6,1473,0.29881443747570546,0,0.24859553827726352,0.21338926015963774,normal,0
1342.3601946060871,18,0,1,394.37295956678605,2457.587477106482,9,22,1736,0.2557035290547978,0,0.2951816366186298,0.5480034557798898,velocity_attack,1
800.0922105631174,9,0,0,49.65318583586804,3550.1928920981445,0,1,205,0.00019466087316729607,0,0.19818673893647926,0.11228812829299996,normal,0
2685.6195844863055,23,0,0,14.537136040208198,1754.4642432104527,2,11,1587,0.02437487450086586,0,0.2728727361096212,0.2944640499852442,normal,0
3958.196431086431,18,1,0,21.40513854538767,3582.6847280206716,1,1,985,0.2034379203102439,0,0.28882454105888083,0.22843659936104174,normal,0
1421.152938930281,21,0,1,434.24684268911426,2253.036497233483,7,25,728,0.3108717153647567,0,0.14232619836810745,0.6866473560744879,velocity_attack,1
896.8230027899674,19,0,0,12.152872030235395,1153.7489778978747,2,12,1490,0.22124338397024454,0,0.26676581262837706,0.2672255109301462,normal,0
2326.4489393438084,17,0,0,28.768890966499526,2219.54142454397,0,9,1612,0.29915262113003016,0,0.10379759278598673,0.186292150868988,normal,0
4348.654361042508,21,0,0,15.320419746675034,1216.5214224607907,2,14,2185,0.026860529136851607,0,0.03417751691633991,0.08410026340212567,normal,0
1984.1055054595815,11,1,0,30.354339060127533,1188.8082106290576,3,8,2894,0.21501698501553626,0,0.20783286351204613,0.11374030844459829,normal,0
17168.219779441708,0,0,0,201.67791563606937,777.1673538696479,2,11,678,0.37752216916302034,0,0.7289880158745354,0.4697688513466172,social_engineering,1
4270.63860358731,10,1,0,12.70915330221975,3795.7899635251174,1,9,2626,0.05250898221716733,0,0.14157627967844175,0.030659444777217635,normal,0
2409.3071202510064,5,0,0,23.555601013612065,3185.814940380633,3,4,2787,0.19487813524003303,0,0.13978129046499158,0.17462019359737976,normal,0
15517.353076082582,20,0,1,96.71006322804581,2015.3282968430183,0,17,2426,0.30692169833751537,0,0.10334536464520039,0.7976039595460722,account_takeover,1
2110.8763228745856,5,1,0,37.577315371905314,1290.851392231783,1,9,791,0.09376158990009864,0,0.14763489145861175,0.12841585786716223,normal,0
9613.619501296514,14,0,1,506.1797625703937,2790.861638160879,5,12,2598,0.7239724960221343,0,0.015748752212756678,0.6004980721052168,account_takeover,1
367.3705005852249,2,0,0,42.79572377160222,3253.6071222140176,2,7,2030,0.08388330332523473,0,0.1617973008795335,0.271279627553928,normal,0
959.319265254903,14,0,0,34.65616060883537,1667.8748235429878,2,2,2004,0.01554357650889203,0,0.1610079209267216,0.05688577100994948,normal,0
853.5401570147593,7,0,0,47.79264372336458,2819.4043419655113,0,9,1138,0.04934895987519561,0,0.08552330036095969,0.056898338720625025,normal,0
3135.0108498958593,7,1,0,39.8810757342267,857.7112410568038,3,1,1608,0.15299444245919716,0,0.16447666915385298,0.21556442094831713,normal,0
2018.4759210713637,8,1,0,29.347921757693673,782.6568147980087,3,2,1252,0.27730348665093035,0,0.29792140334083456,0.2759064751170161,normal,0
4672.704930020601,16,0,0,40.14165221251037,2087.5051999756224,1,10,1377,0.22841546558531714,0,0.26661475969448606,0.11141321104205544,normal,0
1560.5243857330204,9,0,0,3.343428859467712,2215.8050424869375,3,4,1014,0.06002658326473387,0,0.26784566746693567,0.2475672931354606,normal,0
2097.162622011703,1,0,0,6.7775060313244655,3571.6844877688545,0,3,541,0.07706479750746333,0,0.16392527615685581,0.02650450104782447,normal,0
4726.905796655827,22,0,0,7.228042681109859,1543.276758171182,0,2,2713,0.2184325171032278,0,0.14216791183674823,0.17100499509762443,normal,0
4406.99661138311,0,1,0,31.57380259187083,3824.0234674869985,3,14,2439,0.10592315353295423,0,0.12227256349024816,0.21958260231002055,normal,0
2493.6286000335363,15,0,0,11.70803700508335,1724.586739717289,0,2,247,0.10295822024018722,0,0.10880043261910095,0.046370050267638505,normal,0
1536.732781320516,17,0,0,13.372270719770585,1866.80691195393,1,8,101,0.15760615197993352,0,0.2079889791660027,0.2521261375356788,normal,0
1649.1649143860775,13,0,0,12.790990159646732,1368.329739078637,3,6,2370,0.22871924326384452,0,0.2884431913854557,0.22034099462770856,normal,0
21486.36338956225,20,0,1,29.862771634896802,506.34337708834164,2,14,527,0.531722937272521,0,0.3057654198053016,0.501922427963684,deepfake_identity,1
1156.3066928188591,15,0,0,248.95781454074117,757.7031693645471,5,15,798,0.29947204576905473,0,0.022940926856964517,0.525536912399713,velocity_attack,1
1817.8790381523252,18,0,0,7.9433586447952065,1064.2535456589258,3,12,991,0.25101015428210666,0,0.26745194986952464,0.23538611747887522,normal,0
4849.582424533585,13,0,0,22.99227591811239,2254.911081572498,0,2,1705,0.007677452174850962,0,0.26007285832543614,0.020962443054939637,normal,0
2613.0862372958118,4,0,0,20.15044999659599,2264.268818570597,3,11,1223,0.27585191225276556,0,0.015249682252031781,0.27894418803721327,normal,0
2536.5176788726885,22,0,1,33.99374070848133,3061.570742400166,1,2,2826,0.05634654329840319,0,0.21160607534305334,0.26754019347406865,normal,0
4921.664499731275,12,0,0,14.870696475391748,1805.3817446105693,2,1,41,0.2901100525775192,0,0.015196051576266256,0.15348899996541193,normal,0
492.5627472849082,22,1,0,35.32831701243635,3318.957577196826,0,11,693,0.234918499072434,0,0.27323603815697955,0.17150031283132094,normal,0
11684.185904970986,23,1,1,5.0478543312447055,572.3627370623894,4,8,1846,0.255232243323778,1,0.15873160829177918,0.5704194459834329,account_takeover,1
1538.095233719796,20,0,0,20.850093530484383,2864.811738932786,1,11,2298,0.007715070721097594,0,0.10362053559251672,0.08564474032161173,normal,0
2357.8159633603564,3,0,0,29.249698926225452,2008.7972400966466,2,12,749,0.03821301714560025,0,0.11255183307847737,0.1297874724822436,normal,0
324.135965681313,9,0,0,28.076795155066836,2682.740944198458,2,14,613,0.1181278413871878,0,0.037518845916374964,0.04838763137233299,normal,0
1438.9716822912258,11,0,0,24.39900775416296,1927.1280611256925,2,10,2581,0.29419691178895785,0,0.2219443872143803,0.16482947875386117,normal,0
3367.6348619759115,23,1,1,22.661590062500014,3196.123269114374,3,6,2396,0.20251022243120673,0,0.19832372928223682,0.18010586431727463,normal,0
3327.6680999542928,17,0,0,0.1646614431942417,2149.2866292289054,1,10,2139,0.24347917123963858,0,0.07183897168073634,0.02772839678936163,normal,0
480.8997211284257,2,0,0,0.4587497076455449,1181.9607618861132,3,4,572,0.24985468508153477,0,0.07986750759796793,0.18231138224031304,normal,0
39351.84020277557,22,1,0,856.7640733916036,2956.677098327227,5,11,644,0.2538806803236255,0,0.14435041590493458,0.536306036361382,account_takeover,1
702.7161461063537,12,0,0,47.67009731259936,2001.377778547157,2,7,1871,0.13646689874074608,0,0.2747642174179308,0.07943053148419746,normal,0
4000.0392970031617,22,0,0,44.48045136578236,2695.279481016397,0,12,2940,0.09192054877438803,0,0.16198606473649868,0.15736601745945486,normal,0
2094.821796715575,2,0,0,2.2446557187210336,3617.114989853841,0,14,588,0.046961083949453385,0,0.1889118454988458,0.007387773250212259,normal,0
988.0420242117348,3,0,0,32.90494424037516,526.7364811902058,2,2,2065,0.08551933086103027,0,0.2754751884667881,0.2776448792643472,normal,0
2330.5787305008257,16,0,0,13.462809129949072,1527.4085251323838,1,12,1805,0.0039209319176622065,0,0.2978617066300707,0.2427882085563975,normal,0
2423.6496616215727,10,0,0,23.19735948821437,2443.1320987527524,1,1,771,0.002520457283471611,0,0.1439229279435493,0.24397340129781683,normal,0
3031.951673059018,11,0,1,34.20821935288903,1517.0847541042526,2,12,2191,0.2544951831054089,0,0.06391699975534078,0.1291396131899433,normal,0
1989.0083332109193,5,0,0,27.27958846423518,3515.619364062601,1,4,1371,0.1678453913290723,0,0.26643751213380557,0.13883600747161443,normal,0
3379.0812883965846,13,0,0,43.35820483088384,573.1367427195095,2,2,2492,0.11468380911834233,0,0.030379851084671915,0.13183602082148427,normal,0
21369.205639361935,5,0,1,1198.160770232462,1165.3362290700982,2,14,2929,0.5248294980821795,0,0.036977302873264395,0.5694579247098637,account_takeover,1
4551.329304208939,20,0,0,29.101717361247953,550.6129601383382,0,11,1601,0.24859201169582906,0,0.2807484379014693,0.0030615075446597693,normal,0
1446.1844750456455,6,0,0,9.239405753707015,2186.5122833520295,2,6,1078,0.22865943164799266,0,0.19485241898115344,0.28283532923029675,normal,0
3277.4763288111617,22,0,0,21.99476010127913,3299.7989776395307,1,10,2434,0.024100551206314234,0,0.021314207417204755,0.12483829993081584,normal,0
207.37531099754386,11,0,0,18.333698572709988,3878.665724810219,0,11,1418,0.15998537750061925,0,0.1439209727014281,0.014097249297063852,normal,0
8373.858668063323,13,0,0,464.9564471519974,2256.5699048077786,1,2,430,0.5620738065250817,0,0.16800003021533327,0.4497090918828238,synthetic_identity,1
567.4564588347321,1,0,0,46.6009075662364,3872.4581691390754,3,4,1134,0.10080037429003026,0,0.09102688312985265,0.2680076478400064,normal,0
4784.631003698472,10,0,0,33.3256839256554,3525.34198909856,3,5,1953,0.01746716342137835,0,0.22089581845908682,0.20119285577385665,normal,0
3049.2197892179784,3,0,0,45.27712918247827,1828.2389158976484,1,4,2620,0.2613751663245395,0,0.08129207307467723,0.06390908662582725,normal,0
4291.756861653936,9,0,0,48.34943157179617,3130.480954652066,1,9,1040,0.2598004590776401,0,0.2682179264784346,0.2278347392713397,normal,0
17343.953519958726,0,0,1,420.4590988481019,1062.1729662278672,2,1,370,0.6582808059028011,0,0.21849867688570457,0.3633183275096545,synthetic_identity,1
1804.9129167526164,19,0,0,4.009608072245219,3297.885098171927,2,9,756,0.2869425074313393,0,0.12831889044416583,0.014146306000232799,normal,0
986.7870682764999,8,0,0,32.965709718940644,588.3220995538073,1,9,1456,0.21533020041059217,0,0.10169154527307535,0.1405505803087376,normal,0
3491.1608704194077,8,0,0,19.262914005313025,1659.929747899406,0,5,2535,0.11352016835727843,0,0.056880276012312665,0.07895754919921112,normal,0
3938.160116484634,20,0,0,16.385167442255945,3733.156891541212,1,1,1890,0.2953585840238125,0,0.23215974598055988,0.17022844182173175,normal,0
4463.006634374709,7,0,1,31.057219453465674,2805.625598731791,1,7,2969,0.22188195988397919,0,0.2412778911106111,0.15850820803487062,normal,0
2206.9275491931926,16,0,0,41.926859489879895,1620.7644056544148,3,5,2876,0.02643570399884797,0,0.08879302468412471,0.20655067484287246,normal,0
3425.4827876955674,17,0,0,31.34874392011533,2861.138306302174,1,4,2967,0.1342264716947156,0,0.21323695837463089,0.10362817099404283,normal,0
4554.95879386257,23,0,0,40.01283396522253,3484.6409829295217,2,1,2475,0.20501480683055823,0,0.003710072668548536,0.07097405608986482,normal,0
2914.9182545815684,2,0,0,34.12859601533821,1899.8296720642452,3,14,2256,0.25159541948378933,0,0.19769019446314612,0.28481875817985486,normal,0
2892.459455869451,23,0,0,41.318167142609504,2590.907334387624,3,13,2937,0.033218853311854764,0,0.15250239842596666,0.18067107235099775,normal,0
2381.4302888490547,13,1,1,16.19359750102832,2589.098787513551,1,10,1729,0.2915198880071556,0,0.24687551713024652,0.028592518794766472,normal,0
1107.86758475822,17,0,0,23.194701022021334,1052.2159922735582,1,11,148,0.017018275088655666,0,0.20708783635161196,0.07267089993374135,normal,0
1682.4867174121052,18,0,0,21.68479585041179,1936.0870823700157,3,11,127,0.026407208757068066,0,0.2627826217091588,0.08359864588816382,normal,0
4402.3642129378395,14,0,0,36.24901229994176,1582.0853216448056,2,7,394,0.16148742226316068,0,0.24156434115502984,0.1839216089646139,normal,0
1468.0932058834012,13,0,1,365.9991368491771,1083.3116334449942,8,17,2768,0.45697181667747827,0,0.09022280943151824,0.795564642583783,velocity_attack,1
2020.3617584251542,14,0,0,29.991328467815524,2540.3759834309903,0,12,2779,0.19571048184105985,0,0.29550611165784285,0.18629109187818624,normal,0
1963.9626899550074,19,0,0,1.8219743051697046,3560.360377422093,1,9,1710,0.2660151466843954,0,0.16867566700790768,0.027689652512676497,normal,0
5413.623316739035,7,1,0,655.2224594858122,1201.4757183506936,3,12,466,0.49632353945479185,0,0.06686261948999941,0.4744623412901485,deepfake_identity,1
3043.1902260869438,12,0,0,10.256709044306362,2175.8789408578123,0,1,1757,0.1811607008476869,0,0.07792812664285154,0.29115187086807287,normal,0
2269.7108690643136,15,0,0,22.830851669986114,3822.815110149207,1,14,1389,0.08770263833515825,0,0.16149511500258643,0.26323590928782875,normal,0
4147.068311895079,8,0,1,39.746781839539686,1535.090966273499,1,3,1336,0.25422311175204565,0,0.0037221418282483818,0.2561971130104491,normal,0
28428.142625566103,19,0,0,176.6699522298062,3635.5945678273238,4,4,221,0.2906011405959982,0,0.8335480699544302,0.7744048341748155,social_engineering,1
2920.407800336402,9,0,1,4.959207343709143,3739.231486190302,3,9,172,0.23570327794869805,0,0.019731237684046044,0.19383102842778507,normal,0
1073.7068395174447,7,0,0,10.54582780703399,3977.951831858717,0,14,785,0.2393978315974208,0,0.012173884171560845,0.12967223448216916,normal,0
4289.647987937682,11,0,1,32.96127939504347,2503.8440540891793,1,3,478,0.13671490364626077,0,0.18947519685479766,0.23184563173941794,normal,0
3018.6298289784368,23,0,0,11.256096853357123,1503.324554982111,0,6,2576,0.2695334234973909,0,0.01705916963609112,0.08488183568761119,normal,0
2982.925882817451,15,0,0,20.781110496177558,1239.909315251652,3,10,2321,0.23782280530828948,0,0.26534933695103613,0.04592037349222365,normal,0
3517.3593095095157,8,0,0,39.42231303964992,1186.674621592986,2,12,106,0.28739442954352884,0,0.03550547278306998,0.13967474566502008,normal,0
2313.6616258124227,6,1,0,25.415443337801406,1808.2821151431922,2,7,681,0.2755591355357354,0,0.15597105848820123,0.14891094389935808,normal,0
1964.5367783624831,22,0,0,10.268394186936597,3090.5276153784944,3,13,1159,0.11368200352349504,0,0.044452663956047585,0.12160612775361135,normal,0
5989.9635261394005,8,0,1,383.7920250803199,3453.5929101110414,4,10,230,0.4073747119173082,0,0.3678639592182963,0.743407979959138,deepfake_identity,1
4101.3372534107275,2,0,0,45.98067463766151,3628.9183600708675,0,8,403,0.16573521769046104,0,0.2908705609563839,0.2200966982871267,normal,0
2209.625522473881,20,0,0,22.725000586020506,2348.787028306781,3,11,2211,0.01427539969135174,0,0.06616412217194309,0.1793959819549033,normal,0
885.7904899867415,15,0,0,4.7257750675034575,3160.9052313557268,2,14,906,0.1306100798963571,0,0.06694041896414063,0.09458082146348777,normal,0
4042.0237479159296,5,0,0,45.29201460711521,3949.2043898864486,0,11,1019,0.09741043063836213,0,0.0463238233224488,0.18586141252938626,normal,0
31061.99860983571,5,0,0,64.69812494207125,3049.9332902761857,3,2,2970,0.1203823965116536,0,0.6659011183401629,0.4025329883058322,social_engineering,1
383.4030879575131,9,1,0,198.9163427250749,1505.9394766779346,10,37,1882,0.22772987425975555,0,0.1785611383698793,0.7800965828458837,velocity_attack,1
3507.7893127803245,1,0,0,11.61543881910908,2893.5414924332968,3,2,1637,0.1875788691831808,0,0.17479434093534676,0.10978484308355246,normal,0
4639.672609985306,2,0,0,4.585980766038467,3056.2374991325246,0,7,1131,0.18705890986330587,0,0.1481075898309196,0.2699472775665019,normal,0
5769.485976997733,23,0,1,140.24463392724294,2479.7392176232024,4,9,94,0.7315764871706116,1,0.09625805804372004,0.797846504382453,synthetic_identity,1
612.3824176385613,7,0,1,28.63076960725639,1707.6153826277193,2,8,2163,0.03722420429305679,0,0.1013669726313859,0.15713807780454864,normal,0
964.9873568269904,18,0,0,32.34180182987673,3662.402573873248,1,7,2032,0.17827414469208683,0,0.04685810800352018,0.10321885030325954,normal,0
4637.691843109501,18,1,0,10.565797948342247,1958.095539991222,0,7,2064,0.27723434502069016,0,0.16286485166146658,0.10573274655529041,normal,0
1837.9350246756032,17,0,1,46.94171801561531,1782.7724476198948,12,23,2979,0.07475214000911175,1,0.21699325497413657,0.300983191314567,velocity_attack,1
1478.9576189527377,12,1,0,334.4025352135538,2032.927332069119,4,20,2732,0.4197297703985671,0,0.1470288169963437,0.6149389310898257,velocity_attack,1
2069.1937290600235,22,0,0,16.55076745655127,2847.4688931945047,1,14,2437,0.24432308818121629,0,0.2061373171638705,0.10412158908466587,normal,0
5367.933191278431,17,0,0,163.47207098019285,2702.1115034982436,4,10,1085,0.3278695621828073,0,0.710422603598265,0.5440642739020665,social_engineering,1
2532.1946112860583,10,1,0,14.121363317133738,668.6523106621055,1,12,1900,0.0018966268627950366,0,0.28178566369929897,0.28665089473078803,normal,0
4735.257360243437,5,0,0,38.87647824886157,2030.6843078199038,1,9,2938,0.27603561875707117,0,0.033501517157038106,0.02802929687750888,normal,0
2361.2395766611976,13,0,0,47.55635161336889,2830.0068726898858,0,12,266,0.051591723292641466,0,0.015485212578980377,0.07387116425613476,normal,0
47649.702413409206,2,0,0,100.79761224929396,3441.247757788767,2,15,765,0.23725521771774377,0,0.5928052216196145,0.33012567183075825,social_engineering,1
2205.399480440225,16,0,0,31.703817731062433,3223.9857015411812,3,7,2997,0.2096865046429156,0,0.22057898892593378,0.12042739925226252,normal,0
11017.411174177609,9,1,1,277.4156924214665,787.7652416645817,0,3,133,0.6847771950654664,1,0.1977511466427273,0.7133004445990079,synthetic_identity,1
7737.022782318192,15,0,0,433.6367394334069,1327.8168956371321,2,9,129,0.43839804719351283,0,0.18257152647845498,0.6817447298550168,synthetic_identity,1
2052.6731985471297,6,0,0,0.0004647987792372188,1684.518034808244,2,10,1155,0.27939464372205997,0,0.1805557597297741,0.00823853368627575,normal,0
3510.791321678492,19,0,0,28.26678415215369,2150.6049045612754,0,5,592,0.07882793331451353,0,0.07489619477681729,0.015243227565835848,normal,0
1413.5118400320937,11,0,0,32.493801461575984,2783.5630429854705,0,11,1865,0.24957298867647817,0,0.21890291316410568,0.20796360624870544,normal,0
4417.672816881992,17,1,1,428.47654881610265,730.415728829252,4,10,436,0.7943362464344087,1,0.2077635279893451,0.5443377917150527,synthetic_identity,1
2648.3333037712728,16,0,0,2.016799376637607,2789.62775661921,0,4,740,0.2295365410397658,0,0.21891240954352215,0.2340338145349931,normal,0
850.4080504113854,16,0,0,4.976120408703832,1819.6509789908062,0,7,2256,0.21492441388305275,0,0.0038334439901591354,0.2699903557489538,normal,0
29771.10797405827,22,0,0,79.76439442607074,3522.9768766864822,0,15,2105,0.3607625494097994,0,0.42859611189424945,0.6161678782746844,social_engineering,1
1916.1465206277655,20,1,0,44.16341736064424,1056.9233000518443,3,11,61,0.25815187764432085,0,0.0475083552841709,0.07293615772767668,normal,0
379.4318786177349,22,0,0,26.25266039007833,3207.4827093252043,1,12,1935,0.057414803627771294,0,0.288861572758463,0.10874340492176708,normal,0
2975.9888821386444,14,0,0,37.37584483737532,758.4761906225262,0,5,105,0.06965861355546024,0,0.18343406362474327,0.12358763683889984,normal,0
1091.045484570221,12,0,0,12.959551055384422,2658.0201265013206,2,8,2814,0.04403938078250003,0,0.17560508670127106,0.0918453659465888,normal,0
2036.141447296366,20,0,0,46.29669261865493,3619.7326485114595,1,11,236,0.21369746817787702,0,0.22208879208640261,0.1849348868305729,normal,0
10426.539908910358,6,1,1,588.0587686553733,1664.4713785469737,1,8,201,0.4732129617893597,0,0.22191854979258246,0.4596886200035317,deepfake_identity,1
1615.9263175276321,1,0,0,40.767706707518286,3416.742899336709,0,12,1109,0.2050927291458478,0,0.06202996656883006,0.08736379627359649,normal,0
1835.9295033643568,6,1,0,19.84858312071125,766.5973166217371,2,13,446,0.22048122454480082,0,0.29161648994128775,0.1423182052820634,normal,0
2085.0032031850756,16,0,0,21.861431583057506,2419.487435328566,2,7,434,0.04463234357519952,0,0.22511428654779786,0.0743814076456032,normal,0
4829.081612536623,9,0,0,41.36715791691209,3226.2292953398733,0,7,132,0.018403922968535855,0,0.2489115805621675,0.0250068166320896,normal,0
4901.282197567782,15,0,0,252.70923364178813,2016.8975504574555,4,14,516,0.3106536170150723,0,0.2496470884803783,0.5995299787468646,account_takeover,1
2075.7321026007317,11,0,0,10.189227727043843,3589.7922842609046,3,2,1609,0.026480631133364584,0,0.23810101446712648,0.13537753197155183,normal,0
1818.4878957133797,12,0,0,12.141477209667034,1753.1921928133931,2,10,148,0.007944023415912993,0,0.24662772011115056,0.03643219694583677,normal,0
2560.7555506230888,20,0,0,18.688462740635092,1059.7528988783233,3,1,2163,0.21965498218701154,0,0.2877449323077473,0.049980211602670875,normal,0
3598.858344552821,0,0,0,46.17033031591974,2841.4953698955146,1,3,1268,0.27691097912283197,0,0.26347784753598485,0.21658939141966715,normal,0
1753.525966924722,7,0,0,19.50235325819224,656.7100475386566,0,5,1137,0.0983018689119919,0,0.04126058117525084,0.29589005308342176,normal,0
4022.874825634506,7,0,0,5.17669935925274,1008.8542510831018,3,7,2596,0.2652567683399347,0,0.08539163615215987,0.11650588077968833,normal,0
3855.9237427096646,18,0,0,26.769855051204512,2808.6764218336466,3,1,454,0.2837389798172257,0,0.02390793263284796,0.25646487103014054,normal,0
2960.486624519147,0,0,0,38.82527087333354,719.9425781716033,3,6,771,0.2247250924007899,0,0.025905498396168146,0.11996385039483917,normal,0
20822.202214491357,6,0,1,461.34810036162196,1995.4036798557195,4,8,525,0.47275215809483545,0,0.44709736999152677,0.6114446271780148,deepfake_identity,1
40201.06621115438,9,1,1,618.9601271900771,3878.368626993625,3,1,379,0.5528409059773056,0,0.11025337972597332,0.8701708322121213,account_takeover,1
4761.876376812619,8,0,0,25.176752327906684,1749.1504692789686,3,8,1779,0.23040244159276635,1,0.03974281455308328,0.09574255818983492,normal,0
1196.706312630853,8,0,1,36.28845078361803,674.5409480732432,0,5,2112,0.17375733490960152,0,0.05802827220086963,0.16909878306186377,normal,0
250.19726080844973,1,0,0,17.246746797190976,2047.372147275491,3,1,211,0.23973498550366812,0,0.13354055968288064,0.29513065989414144,normal,0
1223.3318366399433,1,1,0,41.95342877088415,2263.040345594225,1,2,1128,0.13209761944434906,0,0.11648279391182471,0.09154272107508936,normal,0
12021.415049504243,0,0,0,72.49390467334055,1776.0294540314376,5,13,656,0.43431944512978193,0,0.2663077986036307,0.46582450673886944,behaviour_anomaly,1
4398.962831566807,4,0,0,48.990419961909154,3504.4358885903393,2,8,1172,0.21192285419041965,1,0.16526785812144226,0.10430695652681783,normal,0
1762.279239751798,1,0,0,12.491160654305844,1246.2369463450277,2,9,1310,0.22086454465620792,0,0.12607217480272628,0.18032174807083567,normal,0
378.7188491104681,10,1,0,22.02408446492071,1845.572256337398,1,8,766,0.08829380359294114,0,0.038861654373173134,0.18112337611057214,normal,0
431.301561601853,5,0,0,29.89211049974887,1818.36301623507,3,12,80,0.29234620305025527,0,0.033299675159287966,0.24317795033430872,normal,0
4750.005268530306,17,0,0,7.075265045013257,517.4178197843199,1,5,1805,0.08367712340907864,0,0.1299350334283066,0.08349604122849198,normal,0
1858.2693722051622,14,0,0,49.55713868715685,3944.423769588437,3,12,847,0.10990093272358949,0,0.11706367231866399,0.24686208495475997,normal,0
2144.247750966425,11,1,0,42.795038157525795,3526.2394445947343,0,3,208,0.2840453754720469,0,0.13213111513657436,0.20869704032813371,normal,0
18345.871898786474,23,0,0,396.42890694565034,1600.1832141482732,4,5,148,0.8137167086709978,1,0.1891920619300655,0.43762064872113493,synthetic_identity,1
131.29077141248453,3,0,0,31.542139070202328,2739.411873317976,2,1,764,0.10382192753244171,0,0.022454522224085626,0.29678726938690414,normal,0
2225.705355924995,9,0,0,4.7416306909604415,3731.7639400706216,3,12,1239,0.10943040954538674,0,0.035825431980296515,0.09912240415872181,normal,0
3919.631836977911,18,0,0,40.74916822392704,3528.7471822024204,1,6,2762,0.04690439092516686,0,0.12107839179776177,0.2687634095317565,normal,0
4545.255650458566,21,0,1,35.376565065046954,2552.63335867341,1,9,2982,0.12208831149570393,0,0.19308810357920317,0.21260952942012215,normal,0
2033.4227704284674,6,0,0,26.423416975393728,3799.1249893536415,3,2,2305,0.13462058830886267,0,0.09843595719847456,0.04246466265943757,normal,0
4515.674251405846,23,0,0,36.176117837457625,2534.9740062841606,0,14,2277,0.1203844462401717,0,0.2879321253768659,0.0399170429727548,normal,0
4740.744268831743,14,0,0,39.781764608673356,1167.1707373852976,0,8,2120,0.01815346840234413,0,0.04848693927116617,0.21097836673013556,normal,0
2178.687845310184,8,0,0,13.813268956571239,3993.0553553856066,3,10,2129,0.09444386345678238,0,0.20315736517215086,0.07901897462420182,normal,0
1022.9820966108311,16,1,0,312.54269276500065,3616.41855530159,5,18,1524,0.5145933312520523,1,0.3904713350801245,0.8482060039202993,behaviour_anomaly,1
1550.066944239419,16,0,0,44.51960674834163,2654.79186095726,2,2,1713,0.06902965614815403,0,0.1992442896224285,0.15635273648382667,normal,0
4988.378657270567,21,1,0,9.001115343204225,2741.4472872014185,2,5,2795,0.10921898532808767,0,0.08204092863144323,0.13303306194896425,normal,0
290.8934471074747,3,0,1,13.291027036131242,2910.5887890160952,3,9,2412,0.24055997199783782,0,0.1791044252105581,0.18533796122154647,normal,0
3076.969774317048,7,0,0,36.66303629516498,570.9498043896542,3,7,2639,0.2199700193702833,0,0.24131874046018315,0.07968541191037079,normal,0
4741.688364097895,5,0,0,30.010977033887826,3882.951926996774,2,9,1613,0.16280343818744178,0,0.016477626934918308,0.2623072712577103,normal,0
1869.2661590710823,20,1,0,13.664893336448813,3832.5152328341997,3,6,30,0.151659030574469,1,0.13100259127187772,0.1151275862767027,normal,0
1947.5642619083242,14,0,0,2.6973738418056117,1317.964401987851,2,4,2907,0.11602530900275448,0,0.2527680163118768,0.09330833071318158,normal,0
15770.35092002776,15,0,1,576.5045023284332,3374.356400676591,3,9,239,0.8923101011962573,0,0.19705450058955742,0.5814645615594729,deepfake_identity,1
854.0899410652898,17,0,0,48.90336544231113,2554.945110401903,0,8,279,0.01419085980105652,0,0.2550126400743258,0.10039822678779513,normal,0
254.00300986499784,23,0,0,15.840256658282875,2705.873976374657,1,14,959,0.11701129437818703,0,0.057102762322809926,0.22643717764251697,normal,0
4240.694279593548,12,0,0,34.92957092932617,2702.303263098149,2,12,2964,0.07134554951202149,0,0.15237566167478955,0.10246780889792009,normal,0
2747.4530057725055,0,0,0,35.76478309287321,1908.455420270093,3,2,1962,0.2913414135866582,0,0.234624582459102,0.05017756675490862,normal,0
24717.915389629456,12,1,0,214.75144992764183,2613.707034210204,5,8,243,0.47592437326059867,0,0.18512998054423485,0.7797387868991325,deepfake_identity,1
2863.0753131714714,2,0,0,23.346369412016234,903.2990946982964,0,8,1348,0.05582499949228154,0,0.10832198014255505,0.08422896716542728,normal,0
3809.5357620232644,4,0,0,46.07915670302632,3014.456718292052,1,14,1998,0.06426514564589476,0,0.07931759320254163,0.29112740035504414,normal,0
3886.766909122653,13,0,0,46.42249184721259,620.0693902258558,2,12,1646,0.14738742676356723,1,0.11351584683066071,0.013361529968151065,normal,0
1373.1578759074673,14,0,0,9.251138849387958,1559.6801270387632,3,12,224,0.2401392363641673,0,0.26311632702609605,0.2893289964975472,normal,0
717.1804622588554,13,0,0,28.808333706343348,2878.522625133575,0,6,2183,0.14101947650753718,0,0.27636852376218257,0.09127177747148431,normal,0
2321.1152902653353,0,0,0,27.543628942364563,3048.6093566342697,0,12,1398,0.03164017854169574,0,0.2208996717060147,0.004004601703724797,normal,0
1346.9585249294753,7,0,0,12.644813674518568,645.7089343620935,2,9,34,0.28597104087331865,0,0.2671908584336635,0.257209904345893,normal,0
2956.903648751492,16,0,0,35.94864696532221,1112.0631461326695,3,14,2060,0.2443035179269416,0,0.042132057818075226,0.17649665111996718,normal,0
2290.5721646514844,6,0,0,18.30203534015326,520.9926259093693,2,6,2517,0.18011250045729532,0,0.221742413244968,0.1287445562613756,normal,0
477.20155816108564,21,0,0,35.15317688187578,3623.2637827289327,0,13,1985,0.1143561555516784,0,0.12086865200925534,0.09160039871592854,normal,0
1347.5180913170022,13,0,1,376.3694181946683,2269.2510931885145,11,23,1005,0.26431950757195105,0,0.35187228630611805,0.3485460988103671,velocity_attack,1
3924.575024694923,15,0,0,16.052664268999266,720.2639965698156,1,11,2002,0.2416485293899802,0,0.21798195675159085,0.26204260247289207,normal,0
19260.413296160634,8,1,0,94.13797181165916,2884.879813440216,0,8,603,0.3177390979969865,0,0.7583904874700256,0.3823115051212345,social_engineering,1
290.75682029577047,11,0,0,8.524243194803555,1025.4213853466254,1,10,2886,0.002367667802415285,0,0.25946399298093104,0.007248978302278741,normal,0
10218.600642213998,20,1,1,528.6306556510248,1778.7102974182883,3,9,106,0.4338189864501208,0,0.07196398839775414,0.6880544361543097,deepfake_identity,1
10036.036367848146,8,1,0,437.79120198674553,3064.0270785583775,5,9,710,0.26038993755274403,0,0.4730365789759307,0.661651094035818,behaviour_anomaly,1
3794.4133276242414,11,0,0,17.659461908567003,2850.7529838894743,0,5,1202,0.18872178985853122,0,0.16569651999500515,0.14264553435530816,normal,0
905.5870924865058,3,0,0,45.73685299542621,3042.2808081550397,3,1,1056,0.19365066655155974,0,0.2935736491420071,0.028221395231061774,normal,0
3589.7996015961367,13,0,0,123.47078574906799,693.8043412066288,3,3,496,0.5838971731882501,0,0.38431624766488864,0.5713930089854342,deepfake_identity,1
2754.007651838248,20,0,0,20.955810863441947,3792.9093213730375,2,12,1789,0.012583378800257327,0,0.16177945994825896,0.1938741141902649,normal,0
2293.5997845110496,1,0,0,36.33185141369238,3452.758954788166,2,2,1719,0.03458339738452713,0,0.13143944544041594,0.2130051930783739,normal,0
34636.86839127834,5,0,0,245.96564257160352,1008.8498243067115,4,14,1506,0.13506693543407344,0,0.6525084656753745,0.35662258258638324,social_engineering,1
2612.0718571864404,16,0,0,26.087821878605737,3124.36211546252,2,13,935,0.037487056394035025,0,0.22401467226127372,0.16978593951377932,normal,0
353.1767361240094,19,0,0,45.487535931568715,1889.0011595391468,1,14,1470,0.06676119813492938,0,0.15266126855822007,0.19507910979438522,normal,0
4524.185476440737,17,0,0,48.994548553267165,1926.8536035184056,3,6,2300,0.14416225718694872,0,0.17269114079467526,0.25100387284428066,normal,0
5177.0187990106615,10,0,0,383.18835323874725,3271.7975165980183,2,15,2996,0.2682541916793813,0,0.2582007877268409,0.6849375566753952,behaviour_anomaly,1
15032.568254248146,19,0,1,236.2910678511212,2838.1128071900043,4,17,355,0.46689542674112133,0,0.11327133904810076,0.749963379882794,synthetic_identity,1
1230.2820774170175,4,0,0,25.190604538819354,2763.0392718301628,2,14,1583,0.1061111874292434,0,0.277172589227231,0.02372052013615783,normal,0
4782.692341325792,6,0,0,17.406376229730103,1464.5634882549527,2,5,1730,0.2907121633242446,0,0.018738356505692586,0.14809685540394915,normal,0
4540.647444553079,13,0,0,47.04285684337017,2832.675418825825,2,10,2975,0.17807429720187407,0,0.034656076209562514,0.05516160169554102,normal,0
23169.999784398613,12,1,1,366.68745695766853,3157.3686180964623,5,6,200,0.48368471106889416,0,0.2901673898081767,0.5522584421071777,deepfake_identity,1
2736.3112562831243,19,0,0,27.448145464794838,1905.9012469801908,0,5,465,0.27195227079087514,0,0.17235517811227644,0.026423721857829183,normal,0
654.8664246197008,17,0,0,30.677545516787987,2225.670262004699,0,8,577,0.13348439348159652,0,0.04956893429350918,0.03241987920220293,normal,0
693.0225023774459,0,0,0,29.10479661412709,571.2486229384311,0,4,2308,0.12604796920999442,0,0.051272204557778346,0.07722977720552208,normal,0
4264.800719465707,0,0,0,39.86498290909968,2530.0590988550275,3,12,1593,0.17449282197067964,0,0.09346458952825014,0.24493135459657686,normal,0
2746.3255015867817,2,0,0,468.6884106332878,1263.0274224646319,1,2,100,0.3272192086266012,0,0.07214209732954696,0.7400336018355411,behaviour_anomaly,1
743.7542823351669,5,1,0,51.28184582376466,1656.8917618690316,4,17,118,0.0808984293909401,0,0.09600290949224584,0.3741018160771144,velocity_attack,1
4189.801542936026,14,0,1,249.02821816670902,2372.805976824124,2,16,122,0.48603799599792286,0,0.27936389792943345,0.31610752247638607,deepfake_identity,1
623.3234496115819,0,0,1,35.34004442214639,1645.8716010259236,3,3,1062,0.24967608321466883,0,0.1382325631235556,0.030202202349146556,normal,0
1260.665738974962,21,0,0,9.04325276045993,3571.535697785083,1,14,136,0.17362901799064054,0,0.028675224350025095,0.17910997031474504,normal,0
363.7695720514495,2,0,0,39.50835686226102,3664.3878439583664,2,10,2409,0.16904875729383528,0,0.11488688664538728,0.024894594277638647,normal,0
2033.290269627736,20,0,0,23.134677993739196,3039.105584418829,3,1,2566,0.5813247907452274,0,0.070159936135676,0.8220553861838662,behaviour_anomaly,1
3506.2083148332094,16,1,1,13.75637046896665,2142.2620187614066,2,13,60,0.2783371114391779,0,0.17128071769144898,0.10144601265197102,normal,0
1217.590882549769,17,0,0,7.242605511271338,1192.3944636163574,1,7,371,0.2808667957154508,0,0.10572830923437944,0.2773721710876528,normal,0
1167.6735158494514,16,0,0,17.63224607785491,3719.7797351273557,1,3,1807,0.035259332851491305,0,0.18832901480963324,0.20494795192635096,normal,0
17267.09945653296,11,1,0,624.3576237070534,3055.0634832669234,0,11,1380,0.7335244910117322,1,0.11008987730857644,0.821531372195138,account_takeover,1
346.7126821498309,18,0,0,14.32785120725637,775.9628139519882,0,12,2858,0.20465371776774866,0,0.13915403321695038,0.06548315994183158,normal,0
1909.4757740561513,15,0,0,15.971367929226993,1581.4266876175345,3,13,1572,0.2703269584979384,0,0.05457428812173215,0.24673929101017328,normal,0
1169.2169193056438,22,0,1,1.9791864762948974,2561.596379936515,1,7,740,0.06390964742907733,0,0.1945975171483885,0.2309181910934264,normal,0
4126.97163826826,17,0,0,38.06539993779912,3046.257019687559,2,8,2987,0.2705127895808181,0,0.29178554363910286,0.11966066632211529,normal,0
1797.9684229683194,15,0,0,45.660899263832164,1642.0334297903194,3,2,823,0.14530315448303363,0,0.062437590094315674,0.2768918687732643,normal,0
3091.6790995755805,0,0,0,45.02249930868366,3578.1561476733978,2,12,528,0.14897002527430728,0,0.13007470501019996,0.12718069600977075,normal,0
2556.250658666074,2,0,0,22.92255304745815,1035.6315664298954,0,14,1358,0.008538966505069755,0,0.11766536960238438,0.023768682649571136,normal,0
749.3708964350573,20,1,0,15.12097780563989,3245.6124961914907,0,14,349,0.16122399956250655,0,0.12535444392273454,0.14471557544767918,normal,0
1180.9985682849351,6,0,0,13.537090674474555,3148.9709118400174,3,7,613,0.1590656078601725,0,0.2185683666748218,0.11749381373844309,normal,0
4758.786267883556,6,1,0,16.537914360022164,3864.2713765567805,3,3,885,0.24654043582746255,0,0.20032495186526963,0.11689621211155217,normal,0
2494.351632982862,19,0,1,36.89792859546661,1034.4414097247695,2,12,1258,0.2926791766793739,0,0.15587765286634347,0.17216885686062638,normal,0
14227.203471442615,13,0,1,433.2927923343242,2401.3001903142076,2,3,1815,0.14175941455900282,0,0.23008169358852126,0.6967834722907981,behaviour_anomaly,1
1344.3466123483433,6,1,1,169.5820047584663,2733.008663642888,5,32,2094,0.18312072624008785,0,0.36797100436326347,0.6841353899340172,velocity_attack,1
1465.9233748313097,0,1,0,21.378045006034856,3933.4810330908917,1,14,1697,0.2867561492629328,0,0.06902382063491033,0.12993275221848585,normal,0
4519.506964070835,18,0,1,4.527440514578402,2761.1539282897197,1,6,840,0.03237007234476747,0,0.20733525979539905,0.22481933336310342,normal,0
1370.740996853763,5,0,0,8.751557290901445,1579.3665960048438,2,7,2700,0.27614532851168566,0,0.24189035740091033,0.14961551671027304,normal,0
19546.007395229535,16,1,0,221.74156826532223,545.4011912174924,4,19,2312,0.26779263481599214,0,0.3576623722818718,0.5885846675504636,account_takeover,1
5462.946512568935,15,1,1,155.8230709161956,1468.601534669238,1,8,429,0.5444158255724525,0,0.18438926467741856,0.7442165365073339,deepfake_identity,1
4937.653033643228,12,0,0,28.763364715693314,712.8359151816702,1,1,928,0.09381843482018833,0,0.03161877360711827,0.00022942989674943346,normal,0
2315.8679103600552,12,0,0,34.43198094268545,610.2779135100975,1,13,1320,0.17599121727541484,0,0.22707724699872497,0.0853692534838298,normal,0
859.134024602869,0,0,0,29.71341530150439,3831.3290007744326,1,11,1645,0.13197223739501157,0,0.017760395705821653,0.18934666185587537,normal,0
3417.891134701546,2,0,0,27.141260837085913,1372.15340342945,2,4,827,0.25564778517447406,0,0.23379279163558359,0.10666497395977427,normal,0
3560.5869130668316,4,0,0,40.916916781723515,2776.2474069505142,0,5,38,0.2606356389519672,0,0.28327955091040674,0.0763227780121492,normal,0
3762.607596855407,19,0,0,12.185932279069005,3384.67828833282,2,2,150,0.16500649252662614,0,0.15615754140423063,0.165478641709865,normal,0
1236.5407709682795,16,0,0,20.10794986368239,2736.544079747016,0,9,2392,0.17231174926355508,0,0.13225136727714396,0.27245794587834204,normal,0
2638.5797403976894,22,0,0,5.472166355163438,1092.2411996727474,1,7,2954,0.24597430514957272,0,0.19557148823486134,0.26331042327151977,normal,0
210.09961076857525,22,0,0,11.547948507357974,585.7013875154173,0,6,2319,0.19973634570970603,0,0.12468249416418707,0.10732598782034643,normal,0
492.9151083793551,5,0,0,12.757766937718989,2247.522517898426,0,2,1545,0.15630822506588024,0,0.2233466343697183,0.28617108704976457,normal,0
4605.702020814644,21,0,0,42.01520207890699,3688.482185443733,2,2,915,0.15386803749785355,0,0.006795339667910449,0.14665057832774966,normal,0
4701.431722713191,10,0,0,28.36548154207931,3785.2271074052687,3,1,2976,0.2956763522644504,0,0.05705645836168522,0.255636287645469,normal,0
174.04235265092768,13,0,0,37.97057234434406,3514.134313039616,2,6,601,0.22837356071646983,0,0.08854186390835174,0.08935409768845066,normal,0
4229.288320586719,14,0,0,45.4781330063786,1939.5153837679366,2,14,1540,0.2386724714809569,0,0.09574162258776353,0.19747227789112223,normal,0
1373.037547214383,13,0,0,1.2739716788153277,586.0356482984741,1,13,1066,0.14112132777736927,0,0.17109627627744334,0.19673612195690351,normal,0
1457.361369197296,5,0,1,34.05644756621516,1890.7631422479928,2,2,716,0.05889743523816712,0,0.2602726530354514,0.06579668167895,normal,0
13318.473454237066,9,0,0,119.05817941604235,1355.3844411010728,4,2,273,0.40137845467852795,1,0.15729956378172588,0.424504421458968,synthetic_identity,1
1111.4642316269558,20,0,0,18.158825040804793,1806.8513659156963,0,1,959,0.15267730059859852,0,0.15088574975542426,0.06251382317659611,normal,0
3745.1354177805447,8,1,0,49.472605507004175,1605.5894842034581,0,4,259,0.06992168792973437,0,0.27986621801506034,0.2521438353075894,normal,0
3141.236351140462,19,0,0,0.08013844592533736,3110.607416757729,0,13,913,0.2534295574671034,0,0.11105905233633462,0.11365728980861901,normal,0
4178.968939922066,4,1,0,24.078904096844916,2796.248909420221,3,7,1058,0.16647430362838644,1,0.04200361684605073,0.013262018449374214,normal,0
4399.558226888864,3,0,0,42.64747771697775,2932.2247762395145,2,4,814,0.05524411943541506,0,0.11612980362297912,0.014461337630350957,normal,0
2965.6562753983753,19,0,0,5.483211074639915,1417.1053266590066,0,6,2030,0.14165855950216713,0,0.021378589277432778,0.0473595678041092,normal,0
2933.662157159767,4,0,0,5.826202374537709,2760.111404089028,3,14,1738,0.07174661967916754,0,0.07335387166228385,0.11675400331338445,normal,0
6628.951392849285,20,0,0,1.5583478293701547,3643.9704626651874,0,15,1781,0.244212927015875,0,0.3553204205129119,0.5775562782645558,social_engineering,1
1136.0952342830687,11,0,0,24.010360386071817,1165.171949012748,2,14,1495,0.24911665980922856,0,0.2029509339679295,0.10119601342055469,normal,0
1608.0774359364307,11,1,0,30.848914043362928,1462.8795308646604,3,3,575,0.26873730077306446,0,0.18494056750276988,0.06294921359460788,normal,0
3690.225347892374,14,0,0,16.162561794921814,1849.547517725422,3,7,1212,0.28800973664072355,0,0.12121538939534457,0.06643903958407928,normal,0
3240.0489419820105,19,0,0,40.15960348549502,710.5280930913134,0,10,1361,0.0999328091988806,0,0.15099557097105568,0.007486721624851222,normal,0
6820.970320285025,14,0,0,2.1084060934216664,1139.0976663341098,4,5,120,0.7773059948897558,0,0.1285477370402075,0.559032409994583,synthetic_identity,1
395.7252115537626,4,0,0,12.032240675718825,3127.300768650987,3,12,1703,0.29760246990060085,0,0.13261485518265267,0.16771986737811523,normal,0
21156.76104208162,5,0,1,298.8151828274565,3990.0060528388117,0,9,536,0.5967503258339248,0,0.07401010013770021,0.37108894647426716,deepfake_identity,1
1059.3121298493759,15,0,0,20.48734434286925,3324.4209104875063,3,4,518,0.07112084103310728,0,0.0964439248891406,0.07760088963251206,normal,0
919.7662322193906,3,1,1,383.47535585543943,2220.705490824266,9,16,2192,0.43248454146692766,0,0.1422777268014578,0.4913064650306331,velocity_attack,1
4837.542949016498,10,0,0,46.65817557749401,2864.491567282844,2,4,2938,0.1368441152995199,0,0.13445651277670598,0.05446034012358213,normal,0
21171.27996433627,18,1,0,459.6518598580935,1141.9431481711094,0,7,511,0.4203174918255741,0,0.3660310292741285,0.4895850385522051,deepfake_identity,1
2655.0838763135885,6,0,0,8.340625346287162,684.5988546728809,1,4,255,0.07052136987266396,0,0.11780808931043607,0.14773886581210124,normal,0
2813.186278254255,23,0,0,38.671327836357314,3855.116839548374,1,1,1452,0.11494674262878403,0,0.1425814440475204,0.021212227685833262,normal,0
2166.9580748402736,18,0,0,48.76057314870758,2971.5611309335104,3,12,1171,0.11138254212134648,0,0.18368980863902387,0.20020242761876683,normal,0
3752.653423503217,18,0,0,27.637591661756307,2792.865277353662,0,10,2559,0.23815006972451253,0,0.25273517135587403,0.013232356040945548,normal,0
673.6283804952687,1,0,0,22.55867897700084,2513.789424419658,3,9,2218,0.12384942593486638,0,0.22490166561511407,0.24768352740387176,normal,0
55101.24477392987,21,1,1,910.9185832229155,975.2673041913486,4,6,2083,0.54658582928955,1,0.13121130711551798,0.5273849665364303,account_takeover,1
4052.7982465042223,23,0,0,17.632201556836463,2182.6061916720128,0,14,1782,0.2909794333126982,0,0.07741305050653141,0.0732163680448555,normal,0
8067.1950699143545,5,1,0,184.09390522783542,2940.442348092672,2,9,81,0.7986512308293026,0,0.14654658169829515,0.27298685299440095,synthetic_identity,1
1508.5621579965255,5,1,0,49.00105473793724,1860.721320294089,0,2,2050,0.0767469269899805,0,0.1675434202396732,0.24650998613231662,normal,0
2002.0119600222781,21,0,0,10.466414495640286,1946.3422551401466,1,1,1788,0.0014995361063030455,0,0.22019570621049017,0.22563161936338713,normal,0
2351.2891651893347,13,1,0,38.82659713853948,1108.2986799169719,0,5,2199,0.023033617105940096,0,0.21714941677005553,0.057791502211448326,normal,0
2601.119196120738,18,0,0,38.027149232790336,2785.911642020061,1,10,2602,0.05893348579775168,0,0.19629656121561617,0.1757602403943518,normal,0
2944.8829163624127,23,1,0,36.73104301555782,3429.7896300985776,3,11,64,0.09748704835483826,0,0.2596621747799237,0.02704207773478364,normal,0
918.4663358511687,15,0,0,12.929801931533857,3928.1255739692924,1,10,1137,0.19467141241820293,0,0.05801479532316449,0.030637186922541415,normal,0
932.4466587733806,21,0,1,20.81431518758452,3559.152234408363,3,12,2058,0.25595522162423423,0,0.21901088865747617,0.27373719990252504,normal,0
2411.0825046779173,10,0,0,4.512065883370858,3392.8659105459665,2,1,2683,0.23909052314368673,0,0.19544458057333092,0.023109137758820928,normal,0
4680.176585892675,20,0,0,9.082050703373273,2396.4235687761793,2,6,1363,0.233499281478936,0,0.10248926448672609,0.2581808939634369,normal,0
3598.36789928229,8,0,0,7.892296893469986,1554.3342692636618,3,7,2699,0.1086597422609293,0,0.10400327809729194,0.10040280648996112,normal,0
2129.2912342567643,12,0,0,7.059299228985916,2662.7060738581195,3,6,2528,0.2083580196781969,0,0.21244635502279594,0.13388990323875768,normal,0
279.0933724556649,3,0,0,39.85128716712037,3765.391760715289,0,1,1219,0.12199917876989806,0,0.04662085494872668,0.0027884694270164045,normal,0
1597.0691222243154,13,1,0,25.75424713588172,3667.8118868194765,0,14,2530,0.17023969823097015,0,0.17765549703898234,0.15589744392518784,normal,0
4728.609675422714,5,0,0,37.283702101188915,3650.6090731477334,1,10,130,0.27489415266789635,0,0.10711442682498777,0.044049984135397846,normal,0
3600.200515101488,7,0,0,16.161419638895875,2221.0437620773946,2,8,338,0.027604975362201422,0,0.2860475361336716,0.00396994994122557,normal,0
2604.4568285985524,18,0,0,6.080972935677808,3698.250413833715,3,1,1631,0.13929270504239824,0,0.06821421707278152,0.06035900402997552,normal,0
1461.4786028395902,4,0,0,38.70106528835113,1836.3179668195207,3,7,1416,0.13268204772288456,0,0.19816897559569907,0.20633933271504037,normal,0
3768.36164721838,6,0,0,41.796054309357864,1988.823340193511,1,4,2609,0.035108031935533364,0,0.1853781010696583,0.07915064821918427,normal,0
4738.995271724639,8,0,0,10.63460303850649,827.6270803250213,1,5,1302,0.28333487072872604,0,0.027039244993053824,0.09489762694518551,normal,0
921.0760425920818,21,0,0,49.874558043808825,1594.5943135317166,1,13,371,0.15179440744572958,0,0.27014152825110405,0.25906450060480796,normal,0
1287.807688833893,4,0,0,38.675138477358104,3503.106908855468,1,10,1149,0.12757767558085453,0,0.2803405678964534,0.054766004765126795,normal,0
4966.949575572524,1,0,0,12.721240262084782,3359.996766298836,1,4,1291,0.04331391100971751,0,0.15984204513267994,0.02780291961500626,normal,0
958.586683318554,16,0,0,20.70277956194068,2478.5041092181064,3,5,2151,0.23306394792917218,0,0.13283496545538612,0.16664664264053425,normal,0
2695.287833944432,0,0,0,42.189567223325035,2739.8072728668,0,7,56,0.14909929306008793,0,0.1240346143087286,0.051517120188515605,normal,0
2758.9587100671256,10,0,0,15.501300823247549,569.6045628405113,3,10,1577,0.29696041635252657,0,0.033087820510737116,0.21038147745534966,normal,0
6451.817876635384,0,1,0,59.88099007972734,2180.762551196904,1,6,1682,0.3588097430177739,0,0.44716275235495334,0.5720421980822726,social_engineering,1
2995.3754216223847,22,0,1,21.791411711010504,1660.2695944883874,1,10,1581,0.18983409299753864,0,0.29765273858958047,0.10023823115324232,normal,0
2562.8930888876394,4,0,0,9.603130754110623,2743.146367955117,3,9,1126,0.28368654333446497,0,0.05573104326730314,0.0481560963755592,normal,0
377.26971511890656,0,0,0,20.839349578397805,2390.559308746646,0,1,1519,0.07696905586848618,0,0.006669334070032362,0.014939832939638109,normal,0
3151.491675875221,12,0,0,40.21609707170605,2117.0000375804984,0,4,2089,0.27493144298682737,0,0.29751017903291793,0.15562275394206895,normal,0
453.77220399796164,5,0,0,1.4776395470809278,3289.574716860108,2,10,570,0.03979290720798046,0,0.024577616914990497,0.20501075731998658,normal,0
3973.4979919469365,14,0,0,23.26564129539043,1581.0619473127103,2,5,2732,0.040363099690503286,0,0.0370848725440283,0.2792611849192063,normal,0
2113.368722632129,18,0,0,173.83332129996555,548.8877402625573,5,3,2336,0.3293910503225205,0,0.3680446877664048,0.5094418624328525,behaviour_anomaly,1
3091.0509922924525,8,1,1,71.64469274339486,3755.3931872974667,2,14,2373,0.48893994422372716,0,0.06085640938810749,0.6412439026901287,behaviour_anomaly,1
3743.610189265143,22,0,0,39.91750865780321,3346.2588241347776,1,8,1910,0.10803103404315516,0,0.2411293034231545,0.1668873614145073,normal,0
1590.5737262177763,15,0,0,49.550032004668566,2160.827580230511,2,5,2791,0.17346470441191134,0,0.26108351798903867,0.14785774295933587,normal,0
1499.9670815383627,16,0,0,13.940148119301504,3056.088934379742,2,3,1761,0.013429525614934922,0,0.24327001220753366,0.19825574364134219,normal,0
2788.795567896272,11,0,0,47.852814824015496,1205.5338018401237,1,2,672,0.03503551240204097,0,0.26538339147672546,0.06025802192404739,normal,0
3400.862545627048,21,0,0,35.490010448202774,3681.3358694621106,1,12,2288,0.08799319095666913,0,0.14774035076291225,0.05012623905929101,normal,0
2137.2980072642777,12,0,0,39.58279176939151,2664.073278419404,1,4,419,0.15631447883488717,0,0.05538633949020805,0.06653458604503643,normal,0
2276.498693703996,22,0,0,17.35872531681445,2510.9097384215765,1,1,1316,0.14637784339711643,0,0.14500056090920807,0.16747589546026762,normal,0
23655.419990795974,13,0,1,140.30091665746752,1057.4188285691203,2,14,563,0.43275458670573813,0,0.13863687671671907,0.3461352682096724,deepfake_identity,1
4095.7609994286872,10,0,0,35.33470820082991,3082.413261770731,3,13,1536,0.17585135544470548,0,0.15319241060829475,0.16042662395346904,normal,0
3683.127887802138,10,1,0,22.434656848173397,2411.375405433156,3,4,597,0.22798174470370816,0,0.20941683464188834,0.17105505674698143,normal,0
32222.60961912283,3,0,1,75.06258043688393,530.587963870121,1,4,2356,0.0931992285750702,0,0.40516215137556133,0.45553660828906317,social_engineering,1
15244.325746366228,13,1,1,645.2001514896405,2346.2262346352722,4,19,161,0.40472921425550734,0,0.41443642167785244,0.6382553593038172,deepfake_identity,1
4974.61454043316,19,0,0,20.10612957748225,1937.4007068484311,1,7,960,0.0106972931510106,0,0.10734372705327107,0.05076703275532377,normal,0
4804.664461586692,3,0,0,31.535316604550424,2236.69608233717,3,9,2099,0.10602908948696488,0,0.03220928861726256,0.08459535325289703,normal,0
2931.254546230315,10,0,0,9.860099942551665,588.0557386155397,0,14,1153,0.029123419171181473,0,0.2851705292920847,0.043298187466862516,normal,0
4154.935688277685,10,0,0,14.485769906242913,1152.0751094037137,3,9,442,0.2914933061498946,0,0.2292775403046781,0.25710822040100756,normal,0
4262.287390506104,1,0,0,29.385451497593206,758.1352328023977,1,6,183,0.11676663945670306,0,0.09094640688111998,0.18706785588535557,normal,0
978.8607083133476,21,0,1,418.78299914288857,523.4340288911966,11,31,2140,0.43208770422847476,1,0.23991546184239698,0.4302787534141662,velocity_attack,1
526.7545572992803,6,0,0,39.30216048669823,2382.3432762028406,0,4,2249,0.13088578344309645,0,0.10297476536460477,0.17508575231947668,normal,0
1226.7775688663223,22,0,0,2.526981840231335,1839.3223147583114,2,8,39,0.08811350633526656,0,0.04690535288274892,0.17542038217237757,normal,0
4879.510801655251,11,1,0,25.806157865847585,3156.317193569432,3,14,808,0.20152790352132605,0,0.1655973918935301,0.21272361220388933,normal,0
4605.020668750645,9,0,0,11.3510412776756,773.188853018913,3,7,2118,0.10852555702004013,0,0.022526373661366405,0.2344582004724954,normal,0
277.1858645713344,4,0,0,26.178268880888822,1170.77228971198,3,1,121,0.23829768548117672,0,0.2955675873142048,0.20312591765462543,normal,0
2120.170666375161,21,0,0,27.57333423561825,3659.943122913437,2,13,605,0.09017441208169272,0,0.03100037999575178,0.08236615390069328,normal,0
12271.342627233496,14,1,0,168.04396112273236,1495.503015968617,0,17,573,0.4151808590322068,0,0.09073362363314434,0.7501276587761094,deepfake_identity,1
3005.4591720311446,12,0,0,8.625247349244647,3168.047621686705,3,12,529,0.1821569650131213,0,0.15938296049753514,0.2336887517622862,normal,0
43306.38739410103,9,0,1,246.506108123044,2757.893862410512,1,4,1946,0.3079962372158479,0,0.42946477560116786,0.5301526440442645,social_engineering,1
785.9381459366381,6,0,0,30.936907060881637,2283.3768881930764,0,3,1589,0.2121252303644531,0,0.29558841752951587,0.13208558202337325,normal,0
4059.789859865643,5,0,0,42.996937336674264,2392.862922495165,3,6,2856,0.08369248613774162,0,0.2801822696006192,0.014557569023660932,normal,0
41612.99388675726,14,0,1,209.84123105172773,1836.3813916573456,1,7,750,0.18970005344653684,0,0.40691514268599693,0.37045878970050056,social_engineering,1
425.8417166607136,8,0,0,50.828984565069014,1584.9367752028727,7,38,569,0.3849698569567197,0,0.3281354388888403,0.40228510084024377,velocity_attack,1
1089.081915402447,7,0,1,27.862380603912847,1657.2635960686803,1,4,1341,0.1541585135550154,0,0.22850562554171028,0.036216160623785354,normal,0
6474.365196172248,20,0,0,97.4048534639691,2298.4468059074306,4,13,315,0.5492358277600656,0,0.19705014482728644,0.6987496774310538,synthetic_identity,1
3940.3174302686584,13,0,0,39.07244448595072,1414.2663482414064,0,13,2374,0.1617766080870457,0,0.09449514764022583,0.12176632990513456,normal,0
1435.8576035943154,7,0,0,5.157633038328335,1739.26618091892,2,8,1719,0.08808991887808597,0,0.2969419547445553,0.18958831137958784,normal,0
4141.241863000338,19,0,0,23.345288591355555,2850.1643937541076,2,5,397,0.17023034142727922,0,0.14659141641574203,0.0850576035275956,normal,0
1374.7731757140507,21,0,0,0.3412505383459996,3118.233807882068,3,10,2987,0.16716802868933234,0,0.048377452791454244,0.024429530319950685,normal,0
4130.432490323528,11,0,0,39.68788265538768,2329.0610486005935,2,8,1494,0.06326530607463327,0,0.23565758932997188,0.2891736627518463,normal,0
3986.9806171474465,19,0,0,1.8425910362895814,3840.9006217020483,1,6,2215,0.09170584573836679,0,0.27178737413679815,0.25299571948605526,normal,0
1373.0847228506677,11,1,0,2.117632544392806,3063.805894764499,3,11,1149,0.015386063802795724,0,0.0204111932530331,0.16308413294728236,normal,0
897.0379940168772,12,0,0,11.446314562208853,1599.1318824323555,3,12,1498,0.11746680705777374,0,0.27836073353961577,0.14475357106521228,normal,0
2812.0117034282644,21,0,0,3.4454847801591084,3194.9532056228677,2,11,2530,0.16238191401669547,0,0.016604981149054964,0.012597429574364605,normal,0
599.2727015234664,7,0,0,19.752921725613753,3032.546082221657,0,7,967,0.011907257204943044,0,0.03944045061884862,0.06537152366679745,normal,0
3403.2384481267086,2,0,0,36.94835328976543,2543.5004964790314,0,13,2387,0.19747144631737293,0,0.08239992532109848,0.23718510539089846,normal,0
338.60475715965583,0,1,0,28.904606039661257,3471.1659689447074,1,3,1678,0.18602761222568343,0,0.09171287250796681,0.04471028197782882,normal,0
4270.569690432599,12,0,0,7.215124120592659,1147.9450270062628,0,12,1736,0.08452976054917824,0,0.01256290487774273,0.18503312039789158,normal,0
4759.550113062487,7,0,0,13.695123553447191,3004.458522642308,3,5,1626,0.1395970185212556,0,0.16959283556118399,0.2063591824733708,normal,0
2565.3676670424297,9,1,0,27.73528704768636,2291.083422460214,0,13,1713,0.2508500445811435,0,0.18993517348691696,0.15720426623303393,normal,0
4612.873153373222,2,0,0,6.442558325560777,1293.3388097680618,0,3,2226,0.10008392962921898,0,0.23944096253408917,0.23252299718634584,normal,0
1569.0225850696559,15,0,1,35.31801044188077,3212.59418371791,2,7,831,0.180025233571251,0,0.20755685593112216,0.13358055540957314,normal,0
4452.13761334039,1,0,1,26.200228789214325,600.2426308285189,3,12,1239,0.11717595633861332,0,0.21357367884473227,0.013940843225683074,normal,0
2396.4371457712186,5,0,0,43.603153459071095,934.2890496547661,3,14,1922,0.20592875017972942,0,0.24391662774360487,0.056159383069598175,normal,0
297.7190516125286,21,0,1,46.24623573570085,2273.0628082659096,2,10,928,0.043919754625838504,0,0.24026099145204027,0.18900375303692096,normal,0
2663.1794364337293,22,0,0,18.53315339566106,2680.526549685864,1,14,2315,0.24944950532946963,0,0.10467118199354176,0.05449133978863696,normal,0
3005.4056807243455,21,0,0,34.104135154297325,2937.2138507422487,2,7,588,0.10502274145006844,0,0.28946064229009255,0.0530552406148098,normal,0
3513.589036996772,16,0,0,24.64922789091977,3986.1649274426295,3,7,1487,0.28074310463174557,0,0.029204003438443468,0.12579958119829296,normal,0
3842.0921198165706,2,0,0,40.003353812549456,3997.436722837819,2,14,2875,0.025239536391307514,0,0.06125279776938358,0.2892030248294508,normal,0
3880.971863795178,10,0,0,19.125711223614882,780.4137963808862,3,6,1317,0.13977364882608265,0,0.1404101467236281,0.05538699862128197,normal,0
618.9384415784124,12,0,0,7.488406367061828,1992.6195225336664,1,3,1809,0.17679244335774608,0,0.06582399173769696,0.03913801930309067,normal,0
1078.4015325759628,7,0,0,23.680966052040763,1840.3888161682262,2,3,51,0.23182562593748748,0,0.17331900094144878,0.17615620904835938,normal,0
1097.0164382382195,3,0,0,8.932389377917914,3254.4864156832014,0,6,2142,0.2343821263480347,0,0.12027486726772157,0.07330586783117621,normal,0
3419.2263364554765,8,0,0,42.36578705954497,1178.6549528172545,1,2,478,0.057267439624648316,0,0.027977564645621223,0.05690151385452806,normal,0
3329.3225096479387,14,0,1,39.66686109639779,2824.7076401260674,0,14,1407,0.005253144424472389,0,0.29555187082981654,0.20308640288621685,normal,0
3305.455547222965,2,0,0,34.19125521790099,3783.0585430624465,0,11,2195,0.21530637351529405,0,0.2695059251452287,0.23493244812800684,normal,0
1818.0719629249857,18,0,0,18.006993304500313,687.5961217510428,3,1,1274,0.19535637736516365,0,0.07945979473479557,0.12039778803762483,normal,0
3542.0783556661095,17,1,0,28.2724617617242,3989.172451466783,1,9,1169,0.16844536989969566,0,0.13362498051040386,0.21562753154458938,normal,0
3192.579267386588,20,0,0,29.365858606735046,1481.0148284313668,3,12,2980,0.17916732082500328,0,0.10097281252121702,0.2948805405067079,normal,0
2798.236250259165,10,0,0,6.410824410619415,2655.770001967184,1,8,934,0.10322466057703741,0,0.23158682207221987,0.052724920991738686,normal,0
1873.4079551055383,8,0,0,44.977259404295275,1777.984288905553,0,4,1205,0.17148115517330398,0,0.11923326466069996,0.09454442023523152,normal,0
11445.843206806238,0,0,0,155.39226345937928,2927.7437309270877,4,16,18,0.8369436853167009,0,0.16360970772326539,0.5636445588880792,synthetic_identity,1
24723.46831407118,6,0,1,78.55771825097275,3998.9145708511387,4,10,547,0.15314445518301828,0,0.4289969896926042,0.5708391685028058,social_engineering,1
2349.707714104736,22,0,0,17.322468884433324,2714.0019327836694,1,12,1857,0.09193466882783717,0,0.2633466212947759,0.06467089723954676,normal,0
25532.556449116142,5,0,1,226.89656622673425,2649.3438493285307,4,10,1349,0.12350139004380245,0,0.48122304587095094,0.7150101108813871,social_engineering,1
748.1167039825604,15,0,0,6.627205256253788,2661.2655781544768,0,13,1423,0.1530619024863842,0,0.2743531015556449,0.119975354878062,normal,0
4762.079645749151,10,0,0,24.760150442551776,2562.072643338481,0,5,2562,0.06800000835502004,0,0.1756949320806983,0.2014636892687584,normal,0
913.1789869493465,5,0,0,33.27562913545821,1572.2148255650307,3,14,1255,0.21869648854366117,0,0.16126662678966136,0.0027406778779275553,normal,0
2348.8085313244196,18,0,0,37.409686321758066,1720.7354362801184,3,9,100,0.21950548261554628,0,0.045856336550441835,0.2118025487533741,normal,0
1877.107305161057,14,1,1,133.29139340292517,2343.869328049781,5,25,2835,0.15746333638190096,0,0.10835383176221201,0.47966146628504586,velocity_attack,1
269.8962507077253,4,0,0,22.536230455226892,3037.796789452825,2,12,1021,0.19603779634915083,0,0.2487701004359645,0.27394068111505704,normal,0
1884.9223191355698,5,0,0,25.959908925618656,2060.8547721598343,0,11,1707,0.1404609289718437,0,0.0035315438268936016,0.205705781783072,normal,0
456.40124411547515,16,0,0,23.613198200185742,2945.5222401011865,1,8,1957,0.016322648344762557,0,0.02768419427757004,0.05469007997673687,normal,0
1826.855890362581,17,0,1,471.1591511872426,2739.5671211537233,11,20,535,0.14692325952911828,0,0.21673398051875734,0.4873948634082263,velocity_attack,1
3410.748220814658,1,0,1,5.530528065251489,2703.5947420562784,3,9,1524,0.1256938067028713,0,0.04451179984692329,0.08438825093708792,normal,0
4001.5831076527056,15,0,0,24.189595306485888,3671.20386703644,0,8,1621,0.017098255356080016,0,0.21660211345755642,0.08738769081795122,normal,0
3603.99079029013,0,0,0,8.34036601297864,1608.0380818467572,0,5,2504,0.06255611647637768,1,0.2068852992642717,0.07542958894932149,normal,0
11956.763114903742,23,0,0,229.02354075896346,2736.0229866113395,2,10,1680,0.3766250401029479,0,0.32058110302160153,0.534259270777803,behaviour_anomaly,1
8663.058677710273,6,1,0,694.6308508524553,669.0444631809617,3,13,550,0.5600604857519955,0,0.4560639425367482,0.31502626767046504,deepfake_identity,1
193.66886270584376,19,0,0,33.87826128874381,1880.2256051882612,1,3,1475,0.08770044752189367,0,0.01056867295521654,0.21459655550285522,normal,0
2430.4213399278406,12,1,0,21.783251035081637,1634.2229176073056,2,6,514,0.2780133018066538,0,0.22279661438667583,0.13171320781484505,normal,0
4502.915523782688,1,1,0,12.247868199672485,2593.354959465047,3,10,467,0.21328086358558476,0,0.15224261951585136,0.020901170043967274,normal,0
579.3873871899073,19,0,0,2.6952308199238773,2270.88909717566,2,13,520,0.191847802501644,0,0.17429703232484156,0.05418856063737297,normal,0
3077.9881471686977,2,0,0,38.48031948902623,2491.166871766135,3,2,2380,0.20389150981724732,0,0.15985821178045664,0.05566862142798582,normal,0
1875.7301056715023,19,0,0,37.64997377168107,772.1777445022199,1,12,2859,0.275235070436924,0,0.25970637573095434,0.23597431392504467,normal,0
1512.1041772016945,2,0,0,17.015240979899076,2567.630080462019,2,9,1946,0.15172321522572915,0,0.2003647103228686,0.1473402854011093,normal,0
4271.982292950969,7,0,0,3.48767426601696,2864.3862473599975,3,13,975,0.09817253051610583,0,0.2909094300340356,0.17849388671426236,normal,0
969.4537645206418,21,0,0,16.66658665576429,1816.3819521218425,1,5,948,0.22386612644249276,0,0.2165551320524219,0.008752941079316989,normal,0
4147.293242269601,4,0,0,47.54937681871261,1072.3749322659323,0,11,200,0.26653966766097326,0,0.12295985363829552,0.24925655755874487,normal,0
778.0208141307273,4,0,0,41.419905974924085,2057.528875758385,1,14,1581,0.23902030561351428,0,0.23646381294742866,0.24751526939988225,normal,0
1313.0428743714433,22,0,0,37.309767464979004,1516.2529566831681,2,5,1892,0.19323717604323062,0,0.19162937120052245,0.02500306743494789,normal,0
27372.489073372533,9,0,0,139.58994583652247,3670.0573768993463,0,1,2748,0.33084439421800954,0,0.58280160497211,0.6015868023712939,social_engineering,1
3267.6478340258595,14,0,0,0.6048543745700519,698.4680108835881,2,2,911,0.19550801144869276,0,0.21990831516477807,0.25921471110859184,normal,0
1920.1895868594463,8,0,0,5.021466715377687,2955.1069180304626,3,10,1185,0.16586076112880152,0,0.19247873334668963,0.03309442100373692,normal,0
2598.2846467972427,0,0,0,48.06472605704583,1461.6434666107932,2,5,1632,0.12359436184455895,0,0.08924719150816077,0.08748918655554742,normal,0
4817.770749662727,22,0,0,18.36884433236923,3344.706507475309,3,8,2879,0.21694086660975365,0,0.27973089583901994,0.25452998111039965,normal,0
2872.329618720882,2,1,0,23.701579118446013,1704.379635630391,1,10,350,0.22572358656461622,0,0.2511973388892816,0.27508205917651973,normal,0
3114.96032284203,17,0,0,32.96510469858647,888.2745909080887,1,14,544,0.22601068709331823,0,0.11272893493202302,0.07491015447932664,normal,0
2107.181584986637,13,0,0,40.82067120647488,1282.5041125190137,2,13,787,0.03353932554613748,0,0.11797006703521128,0.056572034686143434,normal,0
1200.8212484446565,9,0,0,10.14857135121981,707.7161451982356,3,12,1612,0.27627153478949285,0,0.19692644127465198,0.15814148553925592,normal,0
7242.747633149936,1,0,0,186.387991672536,3147.6310417883674,2,12,1320,0.4245107873831135,0,0.3598041949815947,0.8273584875193201,behaviour_anomaly,1
2357.3549166795333,11,1,0,153.07513754208068,2765.4499079077177,1,13,1991,0.25774869215071494,0,0.6662894094517806,0.21560699516870338,social_engineering,1
2049.492435324134,2,0,0,49.31348736477827,1639.1481188711364,3,13,1372,0.10407802664896085,0,0.23883241262811558,0.2281047588919477,normal,0
4960.617461469352,19,0,0,36.81029884276128,1824.2237708934192,1,6,1407,0.15207598786971627,0,0.13860996387442628,0.2472184778643116,normal,0
7135.251200852331,15,0,0,9.857167827728775,758.0996699003279,2,8,512,0.5368383717527161,0,0.04797981028369758,0.5709622326344245,behaviour_anomaly,1
3008.9378769218383,13,0,0,2.729015529476353,2252.978406331209,3,14,2675,0.04003305882689886,0,0.055042814692926996,0.23578369694259788,normal,0
1429.61025569209,3,0,0,4.118372357648786,2099.2107261610827,0,4,2957,0.09698307674044855,0,0.2946334215884939,0.251613744240953,normal,0
3952.407696079184,0,0,1,48.020709356319294,3125.8728288093644,1,14,2434,0.25604087618753574,0,0.01978493980199054,0.17596352470932305,normal,0
276.4922096279893,12,0,0,2.0767635478066095,1721.4996228840582,3,11,2839,0.004422487712211975,0,0.17621188553706543,0.11493543656973793,normal,0
1492.3279110999397,7,1,0,307.8387763440717,619.7138548467607,4,3,530,0.15724112422302852,0,0.05220224687822572,0.8410041758335552,behaviour_anomaly,1
2641.6348724649156,2,0,0,28.72137986286381,2477.1454007925786,1,12,1043,0.29962485349787,0,0.2910777559695999,0.2004770137881783,normal,0
3114.5752473319535,11,0,0,10.177672808873545,1620.3258431594452,2,5,813,0.16275147860201813,1,0.12150030981438818,0.24398062409499635,normal,0
851.421875268793,22,0,0,13.416553255966267,3055.330874124464,3,3,593,0.11945333539412069,0,0.20918055296766494,0.00045592536899174974,normal,0
3155.5698712135227,2,0,0,40.37785707388951,2627.665108087164,1,1,2284,0.27407792446358903,0,0.29578208093344105,0.23624821399017043,normal,0
4335.722909654984,0,0,0,17.059095570418307,2222.3041459667256,1,4,157,0.1588071682481859,0,0.023632565360909963,0.20810385830782013,normal,0
1032.7418851808661,11,1,1,186.8858716083231,2529.8507408629594,8,26,643,0.43823709300004454,0,0.010129257583615027,0.6008978483342104,velocity_attack,1
932.416929648603,15,0,0,41.63581457187802,2830.038624518951,1,14,1252,0.1151271430606159,0,0.19121217252808398,0.18817460061469893,normal,0
1238.1364879970326,19,0,0,482.940227082353,1431.2940349594132,5,2,695,0.4236720819015822,0,0.48885285417763835,0.43175981945458386,behaviour_anomaly,1
737.3952821618401,14,1,0,15.539468960787206,2949.9304206191196,2,5,531,0.010389845419107467,0,0.12310477219794197,0.2039601585276052,normal,0
3002.516610107475,11,1,0,30.062509873608832,3433.10294326114,3,1,895,0.27987894218406933,0,0.1356532983091515,0.21788408049877664,normal,0
2259.2579287790386,8,1,0,14.819076174735951,853.1712959292493,3,9,2295,0.1357144438623428,0,0.12879744308390248,0.12115821780637337,normal,0
1633.3057853412308,12,0,0,3.9258863105911423,1286.4203069437508,2,13,1784,0.0010470317555712704,0,0.1455351659824494,0.13385190417887974,normal,0
687.064296250025,12,0,0,206.55717915273104,2606.678750295053,7,38,408,0.4814194821235626,0,0.39542487822256417,0.5612338864325108,velocity_attack,1
2934.613290323717,11,0,0,26.592254167958956,723.1945732289335,1,14,499,0.1084650892637153,0,0.2300563580928294,0.16795550735346657,normal,0
2108.533959511812,1,0,0,45.84152878567234,1529.066749178102,1,14,1998,0.12839470791757493,1,0.12515382307101497,0.16114730180889036,normal,0
2663.020581368685,21,0,0,8.257004904152831,2757.3966977124196,0,6,617,0.09956499629806982,0,0.03582518177329157,0.19545935757680608,normal,0
181.30315509972962,8,0,0,45.745752054220446,2126.452386641099,0,9,225,0.09504566121187398,0,0.08155055991658623,0.0003081400708799475,normal,0
1324.8671652572655,19,0,1,42.78436839604267,1431.2899118993596,2,2,2640,0.13195191927941666,0,0.08014187903315874,0.08481870371491651,normal,0
1418.0676817319786,20,0,1,23.81112377696175,902.8918804121201,3,4,1473,0.00017842741279722185,0,0.08269896271800145,0.2906066112208954,normal,0
31879.046868409412,14,0,0,159.83415725402537,1854.275723562632,2,14,487,0.20318999746369348,0,0.747498919736247,0.4470056331793229,social_engineering,1
4825.935604113977,14,0,0,30.91576511157661,3637.7541579088347,1,11,913,0.06320740405382534,0,0.279396258464784,0.20744172748731818,normal,0
3024.862383678615,11,1,0,9.065873804105118,2681.0595592809514,2,13,2208,0.1739792372056634,0,0.15961331918674057,0.12141311894889087,normal,0
1357.1576401366824,9,0,0,33.037051936692194,2542.5317457306464,0,13,640,0.04359844259692682,0,0.21429421390507225,0.11543896212021403,normal,0
1439.6946524604605,6,0,0,15.498657118342457,559.4798735549579,3,7,2124,0.1577765478212013,0,0.09018317486134937,0.10191235454571769,normal,0
4651.1590073706375,15,0,0,15.231734435714628,2500.6576122764604,1,11,1228,0.22831000941702068,0,0.03456470778626734,0.11286478190009736,normal,0
4595.680631346752,22,0,0,44.882034666316066,1892.2762516348432,0,2,620,0.04319567803702636,0,0.2989868229405514,0.22152177161070866,normal,0
2350.2754002250945,12,0,0,32.83791978789839,985.4181479605666,1,11,1540,0.09330104589063544,0,0.06637755248350567,0.23933996297843035,normal,0
4366.69190665257,13,0,1,6.294867685249351,1295.0585007365667,2,10,1998,0.006216365120687473,0,0.07555357075362192,0.1247886975338098,normal,0
4442.239340874366,6,0,0,49.71168177548478,1813.2462398210769,0,2,2449,0.09284312007585974,0,0.015053963277526172,0.21508881058042226,normal,0
775.3909937336817,19,0,1,419.34582115688823,3917.324350220147,3,5,137,0.5719366523497709,1,0.13521983243520633,0.6692428067211617,synthetic_identity,1
2032.933764993173,21,0,0,3.1133821092861114,1251.7705937793485,3,13,1913,0.13740468547353138,0,0.1800866061958333,0.0886906372016523,normal,0
28643.38003224463,23,0,0,230.4426845755142,1958.6657602248124,4,16,1203,0.3280643199194485,1,0.6422373104952036,0.654893060860627,social_engineering,1
155.3824292862101,22,0,1,11.555765242405586,1463.6134353495208,0,5,817,0.1640067389107665,0,0.13682133902157337,0.2865237723435023,normal,0
817.537657353799,16,0,0,16.788444960589537,2846.8054529872115,2,2,1457,0.21681141378208732,0,0.278227291987674,0.1055858102235203,normal,0
3072.903727275994,0,0,0,16.04878668322028,3489.766730740862,2,3,942,0.26426874102368486,0,0.2412002222165298,0.060035891835202,normal,0
2413.128031038996,2,0,0,38.721429095492056,3319.942494033241,2,9,1944,0.04424829422597909,0,0.1380156237386335,0.1793878368335476,normal,0
4481.535285854179,7,0,0,34.63093458230267,3689.3452535871616,1,6,2153,0.2640570583008224,0,0.2537505151961044,0.16060376691698167,normal,0
1277.9546731781838,2,0,0,2.8356798316555354,2779.426473162401,2,9,1371,0.24628781584095907,0,0.29524328015840834,0.036666538455312966,normal,0
2225.102223469862,18,0,0,37.07454629934042,3431.8906637202367,1,3,2928,0.11965677793174906,0,0.13024901751964324,0.07270164595090875,normal,0
418.8216424180046,2,0,0,231.2718291027933,1706.4216775800069,9,16,1194,0.2323882132788952,0,0.1376912883015222,0.5362121991309958,velocity_attack,1
826.8816847142355,21,0,0,16.1209366943466,1951.7261611310792,0,7,1285,0.14676782606119054,0,0.11881241038983889,0.12047943291235996,normal,0
3263.1183464115593,20,0,0,22.984514608064433,740.818038149689,1,8,1020,0.045983741328135264,0,0.13091727824407895,0.0003701698281443733,normal,0
336.2389904167245,11,0,0,21.86279196013052,2456.4286645756947,0,6,589,0.013940233788671751,0,0.04876044979432524,0.013542113464204452,normal,0
3219.681442619316,5,0,0,24.391242512727235,2602.2564537457624,2,10,2622,0.12183870357330696,0,0.20466929619608826,0.1526398267268895,normal,0
4261.194711421472,8,0,0,18.024336083805853,1640.5824040321709,0,12,1492,0.1799138203901811,0,0.20588365989591426,0.2469280773847912,normal,0
4107.148116299031,6,0,0,29.13086257311266,2081.5766984628435,2,8,2825,0.27402475019387923,0,0.27663828560369086,0.1391446811907498,normal,0
262.6952330776962,19,0,0,18.081422967013133,2532.9500671329415,2,6,342,0.0041650979073962315,0,0.15145792529176208,0.1396726769968886,normal,0
2942.4224184052746,1,0,0,30.861229304569815,3792.120511484273,0,10,1649,0.02663793222507278,0,0.05492091615875181,0.018733636286850996,normal,0
2513.828660565061,11,0,0,27.769608948914794,1312.877262408293,3,12,2236,0.1483617672641687,0,0.29501349062566756,0.16587068312643308,normal,0
533.0862402241416,4,0,0,14.440770314893392,1145.0863300682677,1,13,1009,0.24419218631473932,0,0.24483105013902767,0.11711215575208067,normal,0
4130.810160717025,9,0,0,4.612933736207814,3823.899223993354,0,5,2469,0.12589584307360493,0,0.11648818597725887,0.00033839332972920296,normal,0
4555.6699701860325,13,0,0,46.076342819877,3890.002052672194,0,13,2241,0.030403539340926787,0,0.12055063749323291,0.14204511458300398,normal,0
1184.0696125857135,16,0,0,8.185799065043858,1811.3090693606446,0,12,670,0.01820044211345514,0,0.17881947049741595,0.11858507415015414,normal,0
4416.767727634321,11,0,0,11.109458810415035,930.8279626584481,3,13,1847,0.1437941814401569,0,0.008489263604068696,0.2902098173712994,normal,0
4245.015054420887,5,0,0,9.475910228772854,1635.0393552624173,3,8,2273,0.29140915744035767,0,0.02206119997709729,0.09871638453400193,normal,0
892.1900375611133,16,0,0,40.5669739600756,1426.7454942620684,2,7,174,0.025382455810992164,1,0.24725817561648678,0.24108821938605332,normal,0
13719.849894591085,13,1,0,42.980367922377695,1686.1069466234999,0,11,549,0.5556364941728664,0,0.2466405298821115,0.4548012575105166,deepfake_identity,1
6321.383573648615,5,0,1,131.7816174003733,2324.4119967450324,5,19,2622,0.4466912724692738,0,0.04272887967355499,0.47752910226109435,behaviour_anomaly,1
1099.7746096816045,3,0,0,7.594320100868113,3230.7964742330114,1,14,647,0.21691912006595598,0,0.2873914874207026,0.2893587069116761,normal,0
1726.6603732056428,0,0,0,30.683868833844773,2604.0423358158114,0,6,2252,0.22849599538554077,0,0.06521515200769518,0.2757886597672669,normal,0
2462.001184749204,12,0,0,13.209428627526353,2152.9311637964256,0,4,863,0.09336155217728448,0,0.13866593114770645,0.10099119186998161,normal,0
2819.9162515812027,18,0,0,8.982149115852067,2845.003896117673,3,1,790,0.09239968862823064,0,0.21840907536163817,0.09737156872810195,normal,0
5361.6907260744665,12,1,0,307.40555181445416,2549.7420472935455,1,3,221,0.4923112363040819,0,0.17016346310408742,0.3478547087027435,synthetic_identity,1
2156.6638529379993,13,0,0,35.988906341123496,976.47041374491,0,7,2506,0.0225068280218628,0,0.12106788476792965,0.2656777011846097,normal,0
2073.248232873345,12,0,1,5.150703956902536,2209.2217916116633,3,6,2025,0.2548599717985146,0,0.20810212296843408,0.2895899931374388,normal,0
5716.405329182098,7,1,1,516.5467247892627,1175.5481991764757,0,17,347,0.7648623277900726,0,0.25841719460809187,0.4500468369893301,deepfake_identity,1
1244.6779801445587,0,0,0,47.99304182878344,877.5319601080678,0,5,1806,0.11654332505522944,0,0.16012180426813594,0.07086191005739667,normal,0
709.0563950791692,12,0,0,32.802293474440255,2220.981743025847,2,13,2544,0.018226581926994088,0,0.2577374184754504,0.11607783400066012,normal,0
14113.519366490675,16,1,1,104.80390348860679,1143.240726135993,2,2,2814,0.07328001199078249,1,0.4986759129397492,0.5845095031716724,behaviour_anomaly,1
4451.158392279316,17,0,1,122.89331769944422,652.1994979451827,5,16,341,0.5765683150008114,0,0.41335153542183567,0.7147787980771462,behaviour_anomaly,1
2054.2316263948123,8,0,0,4.219277400472421,3084.181375327177,3,1,1377,0.28333428961149765,0,0.18995165468085912,0.2598231073095441,normal,0
42174.67119310364,0,0,1,166.48889616735002,3459.221664749812,5,17,1523,0.25436830076028005,1,0.11311045918713963,0.6669456458252015,account_takeover,1
949.5306169442987,17,0,1,23.977196372859456,812.2742391586488,2,4,2584,0.04595067464385798,0,0.030446358796499894,0.07084907722066348,normal,0
321.98964788301816,23,0,0,38.35765510716125,715.2805940889862,3,3,2014,0.2962929956976188,0,0.03227039154870467,0.1367578623146278,normal,0
126.03603077489514,9,0,0,49.32282859102139,3095.620167722046,0,11,692,0.252691375666091,0,0.1785706727863026,0.04212226933492417,normal,0
7675.491825234928,5,0,0,212.98068214554615,745.1488872979462,1,7,1105,0.593696139071851,0,0.43749376938645834,0.5173104328592412,behaviour_anomaly,1
3210.2462914097446,6,0,0,22.71334991827796,850.7131570388681,1,12,1920,0.23889568691119967,0,0.1694684186683553,0.08751920117692293,normal,0
4246.008631598134,15,0,0,47.19489451273479,1655.9224629299026,0,8,1133,0.03546921738325308,0,0.24558183813267812,0.14492859101143987,normal,0
4492.045510753487,21,0,0,47.552148623789456,1937.0400857004322,3,11,1338,0.052465438784238795,0,0.014730992072412297,0.27847349438887664,normal,0
414.623791668157,2,0,0,33.64339802278748,618.2585440208176,1,2,2406,0.07822823393040342,0,0.29392766820480315,0.1901202152606385,normal,0
291.0804616170668,20,0,0,6.033672480079089,1875.9192726481342,0,1,2797,0.09398767594789667,0,0.062028194594141016,0.08975555812899712,normal,0
2519.5984221855147,20,0,0,33.686746374532575,1879.6653036744651,0,8,2360,0.1357399586306444,0,0.23281574969365712,0.21639663390644234,normal,0
4821.146280349183,20,0,0,0.04824809217819914,3928.120414748337,2,9,780,0.27443265121203897,0,0.07437707278261264,0.18516672885291555,normal,0
2579.193747901165,13,0,0,20.4747924895739,3402.978539953697,0,4,568,0.03159102990805442,0,0.03205946449051351,0.27353277731408093,normal,0
3472.5437553231613,13,0,0,2.0943015227551043,3850.9965784541646,3,12,2464,0.15484063081947652,0,0.044899979104311406,0.020250015482186468,normal,0
972.3762376617819,14,0,0,26.204498377722874,3507.244270251086,1,13,179,0.15262455988462073,0,0.00042864125009226537,0.1912474003724529,normal,0
2934.0958933314046,22,0,1,16.781397842969863,2431.8842470511217,0,11,1748,0.1936055558348682,0,0.28733997422490654,0.24192785999280061,normal,0
17755.138374918155,12,0,0,324.09521773356914,3528.994537238738,1,14,273,0.6697959761790142,1,0.09166465006249146,0.5455382250689415,deepfake_identity,1
4164.857306846944,17,0,0,14.477466154114904,971.2904277501208,1,7,180,0.06424219827478463,0,0.1576210575365486,0.2916164618817663,normal,0
284.09834295464617,19,1,0,11.234724589017791,1181.7463929483406,3,10,2830,0.1546178914179741,0,0.23609300166852557,0.12489540814346083,normal,0
53274.621550807315,21,1,1,405.2370518716651,3915.755772609973,4,3,1430,0.36777375129953577,0,0.08445260757328643,0.9593994320690344,account_takeover,1
4670.28148985053,22,0,1,9.062238577421915,3792.404997340315,0,13,582,0.11669597624142033,0,0.2857570913890874,0.2989101237141834,normal,0
2818.185836083536,7,0,0,23.12334365502094,515.1791804041553,0,4,1857,0.15611890995505628,0,0.28378540885011355,0.29869384123443227,normal,0
2698.480452920876,9,0,0,48.88400441020344,3746.8665571514807,2,11,693,0.2860157505814162,0,0.2766245942306177,0.21978936624731743,normal,0
1100.7863212053016,15,0,1,44.306000573158215,3334.0945162431335,3,14,1585,0.24396935116726248,0,0.09208689092543727,0.08581427898533067,normal,0
3334.967145916883,8,0,0,43.03598528667839,3842.7253903886744,2,8,1029,0.1704319989272883,0,0.28605225737722995,0.2645225650363943,normal,0
1380.5317876383804,17,1,0,7.84268261842861,1427.4233361713136,2,10,1190,0.1068610794173759,0,0.14565292703458588,0.26270267493907457,normal,0
21677.42577277404,8,0,0,222.81042891894586,1144.169617061535,2,17,2537,0.08753073516999188,0,0.6652468334941257,0.2721131605372869,social_engineering,1
29206.71534831779,1,0,1,1126.9577160023812,3727.723144061532,5,13,251,0.5688929594993458,1,0.14524573311668226,0.6668204436149082,account_takeover,1
325.41294590658845,17,1,0,45.17695926802263,3391.165152880362,0,14,2112,0.16454920233156675,0,0.1470310114873535,0.28704766797732123,normal,0
58201.9672271578,14,0,0,392.5890377486398,3329.454728735168,0,10,2714,0.4490441042889627,0,0.16387869278715894,0.8259074884089035,account_takeover,1
170.52809428580377,8,1,0,36.946542999307326,2504.486850817875,1,10,2136,0.2832902459699449,0,0.04176272315219447,0.09470422995088502,normal,0
964.2962338804942,22,0,0,44.75647407463956,3407.748529601906,3,4,1843,0.23975397966029283,0,0.18407592436357528,0.12068882978307816,normal,0
2439.3393284537333,14,0,0,19.92351224294277,2762.7953869679322,2,10,1693,0.052686829925566836,0,0.2817947353326765,0.0007901764723374227,normal,0
3218.3667138986943,4,0,1,3.242649274740028,1370.7459033047626,2,3,1825,0.0534728244271061,0,0.13308220611120616,0.1347965554298527,normal,0
616.8687945590748,11,0,0,27.284803776655764,2263.263102847269,1,11,1974,0.26117969782051054,0,0.07429132485650368,0.27384649493148727,normal,0
1146.2056949222924,13,0,0,30.750742918354124,1369.8536844093778,1,14,2043,0.2266524229575887,0,0.11755530973199063,0.28213805806691733,normal,0
14709.695062219665,4,0,0,393.54051885095004,1028.1814142428254,0,12,1835,0.5479686363412942,0,0.26115757931683636,0.46439428702432306,behaviour_anomaly,1
4091.4161291337723,19,1,0,36.061045845153224,2685.315844221915,2,2,2754,0.220169329544143,0,0.19953396188656988,0.007589984824488882,normal,0
1966.6640406150275,23,0,0,15.188073300888954,1709.7584104700113,0,1,1606,0.21130829094541312,0,0.19437776689996114,0.11201961168748867,normal,0
283.00612487115063,20,0,0,32.880847466315714,3811.054618439267,3,3,2373,0.23806268270009798,0,0.23354018279316366,0.09949380716052593,normal,0
1363.9139758042625,18,0,0,7.24960210013526,1532.630892934477,0,4,775,0.2726576054193999,0,0.008843281076760712,0.09239745344959217,normal,0
1100.0295396632255,8,0,0,21.980762533402693,858.1173982924918,0,3,2607,0.2860437973447785,0,0.06799779814340665,0.1401042929572827,normal,0
2773.9102471838264,8,0,0,43.902897639591686,1912.1110993054929,3,7,2162,0.24676862738292596,0,0.29638488442931965,0.2910785051761367,normal,0
1975.7139457383003,23,0,0,42.98814972946715,2522.64784622542,3,9,830,0.2886918134084398,0,0.1929883793300466,0.18928645650317874,normal,0
2821.6153574528744,16,1,0,29.766920361117606,638.1845317068468,3,7,2169,0.06706121581761156,0,0.06500317399753221,0.06371735920687487,normal,0
4402.07417018084,19,1,1,1.3362252122587404,3780.182244915288,3,9,59,0.2352767069657334,0,0.12100625098095069,0.1603509531156034,normal,0
1453.9636314826828,22,0,0,29.049215303842875,802.8577204561172,1,4,726,0.2741399605551054,0,0.06973438215234513,0.11773766517921401,normal,0
292.42012978409633,0,1,0,14.432602415648294,2018.227901732101,0,5,1789,0.07211563067138389,0,0.01915909788773167,0.18097285775526992,normal,0
2550.552485175472,20,0,0,28.897859772762217,2019.5114503038003,3,14,2206,0.07972450725090126,0,0.27022204408866984,0.09828246186233869,normal,0
3009.5250965229156,8,0,0,49.60985765642167,3703.347155521623,0,7,1658,0.14714042330130714,0,0.22342387901525865,0.17628216082047818,normal,0
1879.103252353312,1,0,0,7.841522784830252,3674.0729138899737,0,12,828,0.04015616797129662,0,0.14870900927394867,0.18764124353579392,normal,0
2208.4988850073673,22,0,0,33.17493151884734,1799.1142390382183,1,12,950,0.24807749578052096,0,0.27939915492476125,0.2349866669951643,normal,0
3600.6784039490867,16,1,0,16.859384741769496,859.2853921435213,2,9,1527,0.29092082468622876,0,0.29634632178967885,0.2274904013402599,normal,0
3278.860858085589,9,0,0,47.55909054248523,1178.0557400509094,3,11,1576,0.19507465290505643,0,0.2805965177590638,0.0940443851434299,normal,0
769.3444278907458,1,0,0,7.985438107108356,2016.9025128690023,3,9,1799,0.0033471235167064073,0,0.17917881843364522,0.1478111480452662,normal,0
7441.241715665773,22,0,0,99.94885436156648,1668.985547823761,2,9,2665,0.22689691409206503,0,0.4781805473381493,0.4525175751737902,behaviour_anomaly,1
540.3965735071872,8,1,0,7.450115241554661,2193.6154874376143,2,2,157,0.18419376757453262,0,0.014197517090294598,0.061830789566513354,normal,0
163.70942520260658,20,0,0,33.106172031764395,1500.018625319717,1,14,2319,0.15251060053821122,0,0.21567354410177333,0.1504922218470586,normal,0
1819.4835615051857,3,0,0,41.49338610723479,1962.1864069512121,1,7,2909,0.020156769425975985,0,0.08017706390464079,0.19483328228655494,normal,0
4777.373051408173,1,0,0,31.466755742602864,1798.7180612271384,2,1,1629,0.07260329662394323,0,0.0942977824769343,0.23458137814659974,normal,0
38758.21234623735,2,1,0,358.0088063029418,2126.185690656649,3,5,577,0.3036946833851774,0,0.24000763789531698,0.9582835383574707,account_takeover,1
8649.028684381054,14,1,0,164.62935363863963,2026.388024243753,4,8,113,0.5220913950205656,0,0.07346016732437975,0.4865598080796942,synthetic_identity,1
1608.8567137968355,5,0,0,34.45371670749253,864.2774480616538,2,14,2562,0.2972252198518506,0,0.11733130185384505,0.12536100525499966,normal,0
1754.8802931799335,2,0,0,439.66324279633665,2440.1511656540106,5,37,1185,0.2557872834654229,0,0.2669541101324437,0.33319789810190403,velocity_attack,1
2218.440525108749,1,0,0,43.090745241154444,729.7775092166692,3,6,1369,0.14995363853566143,0,0.2365884578974623,0.0851528343794667,normal,0
2220.7984108263995,20,0,1,15.480082406649176,950.5683328465605,1,2,2849,0.1953814210875089,0,0.19129461000651507,0.20732287840819438,normal,0
4665.5932252208,11,0,0,40.65366587578609,3899.896456494866,1,8,2249,0.17616909847902293,0,0.1465942891347822,0.1496123417528937,normal,0
2506.1039312927633,4,1,0,383.9814951824288,1881.6101186756307,5,2,183,0.554393113829014,1,0.19249504977818527,0.5084000521603559,deepfake_identity,1
10874.201630564783,8,0,1,155.1792585869418,2136.087896548509,1,13,353,0.4100502176736193,0,0.13936413207498416,0.4709419323457759,synthetic_identity,1
1451.2610844316491,5,0,0,14.355408992200342,3916.2976895430193,0,10,998,0.12601967966008457,0,0.10595658960689792,0.06152997049022219,normal,0
3780.7679710748093,12,0,0,8.09434116782935,3737.4397057491574,0,9,1288,0.06537258651176905,0,0.05523171183536777,0.0272402401273508,normal,0
1283.3530771648839,12,0,0,19.0363484978887,3037.0031601927953,0,2,53,0.2443777120689653,0,0.1714839803383194,0.03332756601715725,normal,0
3644.894307465005,17,0,0,6.242124990439724,1375.759356122455,3,3,2270,0.0010099302214809924,0,0.06854400443219831,0.27201691707205544,normal,0
2020.1109286213273,19,0,0,46.2203560358494,2858.6940880976244,2,11,2868,0.11047548965984273,0,0.02319670365025591,0.14658769995101553,normal,0
2768.32109080791,2,0,0,19.991699882132487,1539.6930152352318,2,13,2503,0.1950334591320484,0,0.11579760216602948,0.01672318885455477,normal,0
3016.1452070378396,17,0,0,24.02921588769951,864.1251874055145,2,5,2362,0.1920075144645639,0,0.14453929812723956,0.17776144521898352,normal,0
2970.737463422244,18,0,0,33.21967074045084,1916.4701734694868,2,13,2450,0.2849236044119306,0,0.08594061072719554,0.210011526326209,normal,0
233.12036400524312,20,0,0,42.6765721549902,1439.1049163133403,2,5,2290,0.013464091526923683,0,0.1057797825339087,0.05664740115607446,normal,0
8045.895073855096,13,0,1,445.98571534915277,2160.6916133542923,4,6,160,0.7300846940417534,0,0.24232943372622562,0.46608907180856174,synthetic_identity,1
1339.8290705092409,4,0,0,37.53793801411784,2457.111795612771,0,2,1691,0.22341695742849219,0,0.0265559542001482,0.17665648670909906,normal,0
23454.64328182027,17,0,0,271.6845678441495,1578.653562687216,1,3,1263,0.06544832392791627,0,0.8362693166637718,0.222481033174694,social_engineering,1
1200.6164980348744,4,0,0,26.57519922514217,1698.2302557236492,0,12,994,0.2841177671125852,0,0.031132244151795396,0.2277378227596829,normal,0
1389.25159256313,12,0,0,49.858784202485644,1188.402409280076,0,1,2253,0.14786100985433678,0,0.03544554575721508,0.06395386394731392,normal,0
2984.7844584434674,5,0,0,42.50519139114519,3673.4185193101134,3,9,2353,0.22409075058687922,0,0.2697855629464664,0.13244442089956762,normal,0
4793.877193178175,9,1,0,0.666902241725631,3616.2560477242528,3,9,326,0.003359557614277575,0,0.19089719874608954,0.13308973157904885,normal,0
1108.6219291801644,4,0,0,18.429044503271065,3544.241072755435,1,14,739,0.06744362723344434,0,0.12193944792536644,0.026941140472212865,normal,0
18012.65790221563,19,1,1,337.6519532965299,2455.3562185819137,0,6,57,0.7987690802838453,0,0.3578196829736173,0.4334034335885055,synthetic_identity,1
1101.1502786549545,5,0,0,19.520749268277832,783.7727743511907,1,13,85,0.15125960953876746,0,0.034943744957421585,0.26166668076158933,normal,0
463.11657061684866,2,0,0,15.96861630081145,3337.353884659196,2,5,1072,0.12089792670352134,0,0.264492520239476,0.20456270550995972,normal,0
4994.573798963124,5,0,0,23.833199980978716,1069.80099905313,3,10,2392,0.07500721182021834,0,0.2134575078487336,0.09305715348238859,normal,0
4128.681445400474,8,0,0,45.08250884398593,3179.3083767458274,1,11,1095,0.14273287088405417,0,0.2895143457251644,0.19156060858273674,normal,0
4512.0484801003195,20,0,0,15.766267769007298,1181.462888001673,0,3,1799,0.05344599937383876,0,0.18737547136658786,0.03184462454677721,normal,0
616.8211297874899,4,1,0,19.335766363608204,2972.693958498332,2,3,2257,0.19414091466373895,0,0.15307503964679606,0.12141140583562139,normal,0
526.2351235659097,18,0,0,22.294397771097834,3508.181826509029,2,8,1204,0.183367575614444,0,0.016902623571786523,0.007362149146817664,normal,0
1631.7303220506706,0,1,0,4.151617475628405,3170.861009004846,2,14,476,0.285485822973654,0,0.19444830502012278,0.11808063071842047,normal,0
2870.1182474008883,19,0,0,23.487597264972056,2515.1119951246314,3,5,1320,0.12176683163074288,0,0.281617285552884,0.13125860857366375,normal,0
1923.20304931819,17,0,0,44.205510660282854,2250.4817301290577,1,10,1641,0.04073965690503747,0,0.05340977816408524,0.29571757596391657,normal,0
4460.575544178027,0,0,0,11.190496254776534,1354.1204479002454,0,3,2067,0.01286641076548205,0,0.0822179532933532,0.056791378466694194,normal,0
3657.8475352410414,4,1,0,35.541362671743606,2940.2382679698367,3,13,1497,0.07334636116795143,0,0.18397357033968567,0.17922720973229653,normal,0
1778.9612179603555,22,0,0,1.6882788610232624,3989.0610999143555,0,9,2395,0.22079196031562118,0,0.25566759312247966,0.01999812336419674,normal,0
2880.950156481635,10,0,0,15.83365024786081,1801.1639242799024,1,6,77,0.12932225554695284,0,0.0707509499112806,0.0058397779222113646,normal,0
3883.9993695536214,5,0,0,8.539147939107233,2949.383066703398,2,9,463,0.10825200583493898,0,0.19244912451154664,0.1083297546326752,normal,0
4678.090159420703,15,0,0,35.78886758330413,791.6822207642205,3,10,2734,0.16426777583336508,0,0.2211367574321732,0.20070049975387141,normal,0
4367.748706355819,4,0,0,49.535461978095405,2687.395134250703,2,3,2335,0.17866004268170377,0,0.03132155991054035,0.014027629956644583,normal,0
4032.937530529355,12,1,0,46.72936407084198,912.2279678193834,3,5,2796,0.2845549529308721,0,0.052874150145071776,0.03410655943261837,normal,0
3967.5349567664593,17,0,1,25.23209416831142,1514.7138257500292,2,1,1670,0.16768217696470364,0,0.28842114152652243,0.26033717863157596,normal,0
1753.7373687471124,3,0,0,216.47615391346847,864.383139798141,6,16,2756,0.3991423642865017,0,0.02898229287213652,0.32284303572093903,velocity_attack,1
1229.0416443750146,19,0,0,37.57536802854549,2935.6566404204946,1,10,357,0.24893239242722787,0,0.010195542787402501,0.05638766134872285,normal,0
1362.646153704947,16,0,0,41.16918587520294,2396.548611851543,1,4,1104,0.1628975318424272,0,0.022019897440534685,0.16381733168791113,normal,0
2316.953629050198,15,0,0,16.77727980289361,2106.7210906439595,2,3,1166,0.027144666461379852,0,0.17666703610721932,0.15345264806229617,normal,0
684.9669555571643,15,1,1,38.74299518254293,2058.17536075601,2,10,1879,0.025781757385241487,0,0.2948397477962752,0.08075919390517497,normal,0
3478.6810800546496,11,0,0,11.9092852799781,2535.3295555772484,1,6,554,0.23363926675413885,0,0.03825370070692552,0.08418585934932066,normal,0
1629.1138187949011,15,0,0,11.920612589745922,2770.3778395960157,0,13,2599,0.2086814713153456,0,0.28731108959356705,0.16253428727788202,normal,0
3372.0268988554494,2,0,0,20.249638545811305,2935.721010664541,1,11,1680,0.17834467464781203,0,0.06485461876396538,0.0816555088651368,normal,0
3262.8142499451224,14,0,0,13.401648297594626,2488.1140607115312,3,13,2765,0.2782860994372316,0,0.21938599124837674,0.25393181091318373,normal,0
3827.8467382227973,17,0,0,13.510238165206584,567.0601382711484,1,4,2730,0.03798488986797181,0,0.15170484174811658,0.26481509685438853,normal,0
2928.279444999299,19,0,0,14.875886751569734,3720.17099752614,1,5,1489,0.28434783349612247,0,0.20890010841536738,0.23462683444205193,normal,0
3179.2896374114766,13,1,0,0.6068998408379433,1855.2447594586608,0,13,1215,0.2513997667127228,0,0.2709195920521728,0.1538578828244572,normal,0
4160.399239979617,17,0,1,49.30884436114232,3413.147719927914,3,2,425,0.016151412590084988,0,0.2687051276397469,0.2620977095075788,normal,0
209.8868568940701,17,0,0,27.188862098487693,3897.690534499614,0,9,86,0.08021527573079049,0,0.07039026427359825,0.02175733425719467,normal,0
3255.3872392933063,16,0,0,19.228287471581236,1512.5071147327242,0,4,648,0.21874047952243983,0,0.09644578630875764,0.18497749891235946,normal,0
3081.7836362126864,22,0,1,17.99492548969613,1866.802404725233,3,10,1758,0.015825263514096598,0,0.0034955741336861745,0.17375392421411764,normal,0
3080.765550038081,2,0,0,38.08259944840837,2960.3623526348483,2,5,2185,0.10678714902967847,0,0.17841907774638385,0.03666663228855338,normal,0
2755.314642153955,1,0,0,10.738969965739198,1822.869520767573,0,9,1024,0.04719557818838107,0,0.19673980632275148,0.09715569320030301,normal,0
4336.361686661083,2,0,0,28.971591135996377,2159.8235423651176,3,9,791,0.1892141010363339,0,0.2643288142824379,0.13017552455625156,normal,0
982.7773738898343,21,0,0,32.11786753930952,1173.1055557114078,0,14,2177,0.10071815983825008,0,0.014280800478487753,0.2079734975500732,normal,0
18423.457572790117,18,0,0,54.780847870631,846.0360752747122,4,1,58,0.7827166911673953,0,0.4856901991816181,0.5103620741383947,deepfake_identity,1
4126.020798781311,11,0,0,3.4417925758302994,1670.4277507914878,3,9,81,0.02929174046406184,0,0.06071291918826146,0.16964998225670846,normal,0
1962.9585320506997,5,0,0,2.7288045974838138,3397.441735980412,3,10,2275,0.0010493869104903908,0,0.01675334790332489,0.019157874705897814,normal,0
330.13323719776974,19,0,0,18.049962651507727,3937.6133922581853,2,14,2948,0.18965783437219966,0,0.21560368368241908,0.25849949079780177,normal,0
2021.8671878243467,1,0,0,45.90473966002695,3139.517946612548,3,7,901,0.03919086144713404,0,0.06256779896569865,0.006782900544569215,normal,0
24883.52511309653,4,1,1,34.528278171555215,1118.8569854407438,3,12,296,0.5068031733025353,1,0.08950346788465247,0.6506703325810212,deepfake_identity,1
4919.479311916949,12,0,0,32.40700614323804,591.3932192655601,2,7,2461,0.07133371141315797,0,0.18288986784636832,0.21419196242171432,normal,0
3609.1383036936486,0,0,0,35.7006400624134,1205.65201710455,0,6,1324,0.15796445625552208,0,0.039014101564404845,0.2930828737766687,normal,0
3090.1032324404423,20,0,0,10.23699081735484,1408.6282475136773,3,2,919,0.2343481421174203,0,0.20386847330564875,0.13118194976682807,normal,0
5161.274954645494,17,0,1,172.94627028748198,2522.5511693598273,2,8,2738,0.16376134671539389,0,0.6652346837866168,0.2599124676569478,social_engineering,1
2114.8384381734713,4,0,0,11.960002058466534,3232.0877251290467,1,11,789,0.013302982158858024,0,0.03664892425029315,0.005322798823249508,normal,0
4755.303638548944,17,0,0,45.345521591479304,2190.31251750705,1,10,867,0.20623520988000205,0,0.03697076787337837,0.06295541351808494,normal,0
2425.691291174088,17,0,0,4.58158760485246,2950.5459637600366,1,8,2014,0.09562695687503098,0,0.11364879325754061,0.02143324605015917,normal,0
297.39904201219247,8,1,0,40.96431181420515,3642.927059900876,3,11,2853,0.1119185126031075,0,0.2015796723488531,0.13362111464449725,normal,0
10778.242888978471,11,0,1,28.212547401380018,3814.1334878153916,1,8,1109,0.3991316361581971,0,0.3996011847649894,0.6842856681743765,behaviour_anomaly,1
3164.117832776824,21,0,0,23.80473223766041,649.9272178143627,2,1,2611,0.16201161518495913,0,0.08581255468771444,0.06351636426273034,normal,0
1425.7403567911579,21,0,0,49.868817629771506,3108.203818912473,3,10,2947,0.26635264621867927,0,0.12362646259231297,0.19732589726461025,normal,0
4336.828717104886,23,0,0,25.799434998542864,2847.702667065782,1,12,2514,0.16808425472001046,0,0.19503104709528338,0.26982169859290045,normal,0
1833.9025611935301,11,1,0,354.5400136905892,2840.0176792619727,12,29,576,0.48692636050317817,0,0.13081794085048545,0.521433202025976,velocity_attack,1
1627.8990521177718,11,0,0,32.5746655626396,501.5715984614777,2,9,2596,0.050168057106981065,0,0.09689765966954156,0.1417007737076937,normal,0
3778.771281134173,20,0,0,18.747057317632347,3759.399220334595,2,8,1136,0.2385992388645981,0,0.19481204341388936,0.2531707135171358,normal,0
477.07068798312486,2,1,0,41.60185713382221,3250.3471421619834,0,10,970,0.2781578621292347,0,0.2877315276239066,0.1853152024207518,normal,0
2170.8830653666846,8,0,0,7.101102206057686,3402.7560200675784,2,7,1935,0.019168604579802993,0,0.14805567448682366,0.06768370364253833,normal,0
2794.3559576034054,3,0,0,4.069704400394702,897.4272498270833,3,12,1261,0.048854906826610575,0,0.08871373710400711,0.11162393072748336,normal,0
12309.635980030787,18,0,0,210.95958965309237,1283.6495113581727,4,13,122,0.5317455086920064,0,0.007743932947011922,0.4036075666991856,behaviour_anomaly,1
262.62783735588846,21,0,0,6.371091397879325,1885.2467369086278,2,9,2933,0.049442594624110915,0,0.06008281134409303,0.2931320920601326,normal,0
4191.158160316565,5,1,0,16.328272747942417,3421.8948430298906,0,4,2681,0.006186322958071244,0,0.2089636866198536,0.21858315681366583,normal,0
1369.1014681450984,13,0,0,91.21470755448041,759.3948259594414,10,12,2324,0.257569393679304,0,0.17251024817951843,0.459387698058369,velocity_attack,1
2490.388160865661,10,1,0,47.52135748150687,2585.4700807398017,3,5,2362,0.048931016827451844,0,0.02124129420342009,0.29212839700618703,normal,0
75.40598625533603,4,0,0,366.98707701145247,1012.0574410512733,6,36,547,0.30916088779552775,0,0.3807457944297005,0.4317160353845713,velocity_attack,1
2707.356077800047,0,0,0,26.14772275925591,3615.2413541007636,0,7,420,0.13824809679681685,0,0.03643731650184749,0.2706296041220967,normal,0
2623.5277325776433,15,0,0,25.5052470326783,616.1909299775368,0,7,2155,0.19846281777496552,0,0.058788324832886894,0.2677033905860594,normal,0
4874.534557564216,8,0,0,38.10604876872043,3072.362397371474,0,5,1816,0.13490686109549094,0,0.07782874122691559,0.22360213251503028,normal,0
4580.064152146445,20,0,0,17.18292898313675,2168.360150970536,3,3,2228,0.0235827970578934,0,0.1285290877195633,0.1519228727025906,normal,0
2297.3830576937667,12,0,0,15.765245009950156,3305.7287285060684,0,12,1651,0.10426588172283369,0,0.13061256784988037,0.18936006053902169,normal,0
995.7856038422069,16,0,0,45.044942749759144,3017.150488093626,1,4,1656,0.09339499628275559,0,0.0009153797283229514,0.07081861816996386,normal,0
3150.8896146334246,20,1,0,43.59508242582357,1741.4241457540472,3,8,2060,0.024015079575894927,0,0.25082079188792905,0.29774832773667687,normal,0
2083.6027081324983,11,1,0,370.2750685544207,661.5559132747029,2,2,2165,0.4550106034194523,0,0.44950528100327647,0.4644047778746992,behaviour_anomaly,1
3735.292002097704,3,0,0,32.10930280173981,2303.174837840102,2,11,1287,0.2004180872096887,0,0.008266924459744618,0.12117093413512266,normal,0
2252.131946123615,18,0,0,12.037227348568951,2734.21029775146,1,9,2391,0.13623629494450104,0,0.03980994417153879,0.28365994055145477,normal,0
2713.9593506839756,12,0,0,17.38674278818077,1621.523258209592,0,4,1513,0.07139714412720634,0,0.24513123009863105,0.20608089101539717,normal,0
4379.282287717958,12,0,0,9.009669344993714,1652.7232992724703,3,3,2656,0.2589109479732753,0,0.051942029742260774,0.12072551264295334,normal,0
43137.63414931716,7,0,0,172.36532341397083,3829.677383130822,4,4,973,0.4169233445207376,0,0.3500237694747289,0.7523053229023962,social_engineering,1
3974.5435077109214,18,0,0,15.992524642287481,1693.0778310753333,1,3,1479,0.15931349039248746,0,0.03616365584806789,0.25382014570614625,normal,0
2789.4767275587387,22,0,0,19.625384527570134,2064.281786395448,2,7,744,0.248881376468301,0,0.19049722676570768,0.1253909642888098,normal,0
2936.1530971085085,16,0,0,36.5490262571614,3260.2127702246676,3,12,337,0.17159576242281993,0,0.14949204636979943,0.1209792549419601,normal,0
2787.2538986684567,16,1,0,9.238775898875835,649.269742812986,2,13,2508,0.1914165289495931,0,0.10360350761694391,0.11621125868786619,normal,0
2551.965613979986,4,0,0,6.169718187661838,3853.653775450541,0,7,1043,0.1177534098046698,0,0.11574397828230819,0.05022081339284588,normal,0
3371.0329187530333,17,0,0,25.32312923518363,3642.983474790902,2,8,1235,0.06264184797866108,0,0.2781662381517295,0.2824177048512481,normal,0
3022.6886695263643,20,0,0,6.003495544401477,1184.7974974519998,0,12,473,0.09480894434887634,0,0.013751842397777958,0.23096723223416957,normal,0
22386.243692622473,1,0,1,547.5834851730231,597.0775363279706,4,13,66,0.6567550916954062,0,0.3186954051892067,0.8340997806358763,deepfake_identity,1
4397.743846989126,2,0,0,42.268107829025645,3629.389133073488,3,3,1807,0.28221711296646856,0,0.030506580465461206,0.2082109423458994,normal,0
1837.648572439805,11,0,0,44.843964757109376,2797.856526658651,3,1,974,0.044211264526871304,0,0.15091763711477443,0.17204151598551906,normal,0
4147.731388237389,0,0,1,0.3196876038009777,2012.5440928802232,1,1,1616,0.06224795604145372,0,0.2642565084681776,0.0941457752894411,normal,0
1607.6275384419478,15,0,1,7.10772093276586,3852.451927679636,0,13,2279,0.12582650310475604,0,0.2865854668161447,0.06987234889162107,normal,0
2671.4785990235387,22,0,1,13.271567928093141,1653.769804158214,0,19,418,0.15102526514100484,0,0.3333168025501486,0.5614067892134337,behaviour_anomaly,1
2141.170497676117,21,0,0,63.346677924372585,1347.9854196452823,1,18,367,0.7929500481848624,0,0.38695481847360486,0.8052238010909367,deepfake_identity,1
3898.6492406053744,4,0,0,2.6419187477773667,3811.234450817972,2,2,1436,0.10997536064270924,0,0.08194877630855339,0.23962956156551649,normal,0
2975.5214783023075,8,0,1,19.540027673005262,3161.458603287846,2,12,246,0.22833946607343383,0,0.13169616882703247,0.22076336018964285,normal,0
4765.105988531113,4,0,1,37.17499321420482,3899.914778303686,2,5,2354,0.1462828649677201,0,0.07124125174725579,0.2964147480649503,normal,0
4832.528589650778,17,0,0,44.53965258451619,1028.9153656294561,3,9,305,0.1601529279115906,0,0.07471321259461043,0.13520791515283656,normal,0
32749.331647167895,6,0,0,131.86040588520322,2280.253433975824,3,1,2179,0.41416354530630495,0,0.6525017095051242,0.6420947460196839,social_engineering,1
2427.99166938943,3,0,0,3.3388069106241645,3081.6488703312434,2,13,1940,0.23500003004905876,0,0.09962907801614608,0.15873584037335184,normal,0
3154.6891949812566,10,0,0,4.976489190342348,2876.779581645523,1,11,1690,0.1669786088770523,0,0.14655615670894814,0.04694049969690954,normal,0
2408.7227047707916,5,0,0,41.51120486427209,2713.8757152900293,0,12,2252,0.16746551489148445,0,0.1884692266802543,0.1960794975004699,normal,0
5982.418138517022,22,0,0,6.727915067386836,2067.179742953849,4,7,392,0.32550434492990954,0,0.3752143994703774,0.5916198012951673,social_engineering,1
3276.7582365152684,7,0,0,48.1232766878213,3847.486185887293,2,11,798,0.2126938919124575,0,0.1701985279970103,0.1515211439515922,normal,0
1837.8644044269058,23,1,0,38.12256479928773,1463.472746607515,0,14,316,0.10613929901038457,0,0.11576544652304821,0.017867568468583384,normal,0
4653.217462796084,1,0,0,16.611935093896772,529.3526864415306,3,12,237,0.17559110658437793,0,0.2894343023492675,0.05188532486053159,normal,0
3672.135123400838,8,1,0,44.24294482416694,2119.06857242581,1,6,1320,0.020913409040572827,0,0.04657215866236642,0.27995502554303014,normal,0
3388.356469721283,8,0,0,11.885641012637738,967.6555996915779,0,2,1153,0.19937215762675375,0,0.011166651134846982,0.12423228207680159,normal,0
4708.469369109072,2,0,0,22.988627162913023,1982.103956908394,3,10,1765,0.15730627782610826,0,0.21227475392105744,0.2870051164936318,normal,0
3768.1826720509785,20,0,0,24.0625641185786,1580.1979644790883,2,13,1604,0.29833855432327583,0,0.10753030670042486,0.179497882023866,normal,0
40699.72970828481,19,1,0,135.65124556327015,3721.102092402611,4,16,1678,0.17817501782248452,0,0.7838925324350621,0.768980175938272,social_engineering,1
4802.975999983766,6,1,0,4.462143308941685,1297.2713763327654,3,3,497,0.20109833858563234,0,0.23260883290038498,0.26045967824324334,normal,0
4423.84020519596,15,0,0,1.9648916614401768,2124.2590693413636,2,3,839,0.07746492537041291,0,0.16919003135896624,0.22038232990110468,normal,0
526.3843696836648,3,0,0,21.096531536588987,2364.953487525248,1,11,2771,0.05000636045837781,0,0.26926635153280026,0.2347548942204468,normal,0
425.5748373432969,1,0,1,6.781580292213824,654.6187168457955,2,14,2239,0.013506044837131258,0,0.17736228895656636,0.181546368112599,normal,0
1646.573984440415,3,0,0,15.230590732832505,3467.8021161997726,1,10,854,0.059974210137989224,0,0.12232534109696008,0.27783689578673254,normal,0
1221.11101090895,11,0,0,47.51255967667789,2783.0390925881966,3,13,1659,0.2402692972999253,0,0.2328019864026176,0.09327720839576058,normal,0
1183.926264916051,23,0,0,45.552507535688555,3207.6418851935964,0,11,542,0.13509588026260813,0,0.06456192649685526,0.05924871740888562,normal,0
4161.685823338319,12,0,0,10.544515245049563,3032.9373911403186,3,13,136,0.27267169523204915,1,0.09805304693175422,0.15421136996161028,normal,0
4724.137804819082,13,0,1,16.62356134616904,1883.149276732529,3,5,495,0.1350499992153621,0,0.2075420113430149,0.1806837395446159,normal,0
3713.7561157377672,1,0,0,22.96726015293719,1302.3370697021126,0,10,1814,0.14058116988396577,0,0.07917910676464303,0.00603545360619514,normal,0
726.5473259898461,7,0,0,23.21315153879916,2174.500368693094,2,13,356,0.07833262225734267,0,0.0961173956745104,0.0894703114350709,normal,0
42179.771152812005,20,0,0,78.5050340753767,3102.7930386241146,1,7,272,0.18032265195605918,0,0.5994969038500423,0.41353816239298524,social_engineering,1
2661.390863971771,11,0,0,45.77686999652248,1844.0431393175224,2,11,490,0.20039081015232924,0,0.14354118626165022,0.04656615131357188,normal,0
1925.4130414217989,8,0,0,18.713169082420578,3098.0404345130855,2,4,880,0.17932202347737358,0,0.29012609098704706,0.2310911870840616,normal,0
1772.097803812831,18,1,0,24.911187013411336,3616.693850721024,2,3,1065,0.06351523381211686,0,0.29358243857978067,0.10111898059289572,normal,0
4997.832745927149,2,1,1,30.28056537433218,2589.6906296525603,0,8,707,0.2614955643716465,0,0.0940622956287704,0.2978389552401946,normal,0
1693.4313147010048,2,0,0,11.834251298391846,2275.880466692919,0,9,2226,0.0945708768103124,0,0.06320474634028873,0.14912217765605917,normal,0
3815.4896600522106,3,0,0,11.589819522797724,3888.1798853730293,2,13,55,0.254134460190768,0,0.2189513975719012,0.03038877414083737,normal,0
1125.8116843498806,1,0,0,19.35071329830623,1520.4330217186844,2,4,725,0.24111764919482614,0,0.13181006579050888,0.2144642526021151,normal,0
1615.0265250717457,20,1,1,162.3680563356099,1450.0692139312018,9,15,697,0.4632226425457335,0,0.19949611969969483,0.711009007794037,velocity_attack,1
1421.773096433249,15,1,0,21.307320414025092,1578.2659859638243,3,10,1221,0.04121043012690085,0,0.02837957111918574,0.1633402458937627,normal,0
2601.7950027696675,15,0,0,42.033955557729044,3512.0968623062254,2,6,1159,0.034900716722633826,0,0.11240313395838344,0.21657862401110517,normal,0
2021.9958209886884,17,0,0,34.49564862782692,1212.9385798825365,2,12,2224,0.1904996457781732,0,0.06966349856767722,0.22291837733126932,normal,0
3391.333353588698,21,0,0,3.2078930971495554,2447.59032508544,2,6,2646,0.19728034317754448,0,0.08564434166951593,0.23938602980999096,normal,0
1757.5107793730422,6,0,0,42.95834311631289,3218.038613657042,2,9,258,0.11630780758341247,0,0.19976796236247296,0.16591822020168087,normal,0
4876.486494519238,0,0,0,41.776848069004316,2055.375944601957,2,3,429,0.11910030983221731,0,0.2809593490027167,0.2842227948137099,normal,0
1838.1699279780419,20,0,0,19.1361080213648,1601.7463798553283,1,14,1491,0.143256473322755,0,0.1125694645207943,0.12200409965269873,normal,0
2396.9630307760785,7,0,0,26.508192195071445,3360.078142130804,0,2,859,0.15912515748333467,0,0.19317950456795657,0.18118553577984142,normal,0
2868.607765009179,8,0,1,9.280734535319812,1160.075494732514,2,6,1812,0.11670914747547059,0,0.043331352326172766,0.18780895946176498,normal,0
3898.150834469461,0,0,0,28.456525135622062,3635.692965878583,0,13,737,0.1822803709901268,0,0.0962177514982105,0.23076814298398643,normal,0
35928.8656446286,15,0,0,170.39558561111295,792.706788548518,2,17,2892,0.2681847252442277,0,0.8455217654307446,0.4833294022921922,social_engineering,1
28689.833266378057,7,1,0,1120.330674100228,1006.3163375095805,4,15,1859,0.6553622693420169,0,0.3378182623638927,0.8592872517536212,account_takeover,1
193.80985318449973,3,0,0,23.815263434743105,1176.6285291261174,3,14,1924,0.07488268556394327,0,0.17807333253598376,0.03549140222636547,normal,0
21845.66804350318,2,1,1,689.640926957,1967.0433475972523,1,7,414,0.881080073931353,0,0.42734600480566093,0.4724351365894747,deepfake_identity,1
4215.32038404693,3,1,0,19.77694381805697,3001.837916572101,1,13,2409,0.14252577256820834,0,0.22197184662751027,0.26890769401416803,normal,0
4507.915409045386,12,0,0,10.018354737157436,2785.0013045992605,1,7,2322,0.1196090457204417,0,0.04217855271246017,0.1191736154360863,normal,0
4345.473599344531,5,0,0,22.588455869784273,1429.1561590713181,1,10,2473,0.09665529434641715,0,0.053745180771927636,0.10982771500716215,normal,0
2220.557710036387,16,0,0,4.393391793391438,884.7571640305764,1,6,2094,0.2443335426888169,0,0.18085287197267488,0.24581744933904812,normal,0
2093.849007542066,23,0,0,33.82291172314515,2526.762109163242,1,4,1375,0.10880462102028439,0,0.04802555292143921,0.06072100905800932,normal,0
3138.271060902556,11,0,0,481.8225668015008,3970.254156744656,2,17,441,0.5522285536034797,0,0.19101424281431462,0.5689503177819906,synthetic_identity,1
1811.1269156020383,15,0,1,27.395047849355453,3824.4514268195835,3,9,2516,0.23723438064126456,0,0.1689422606855749,0.08684205576730551,normal,0
4158.4213369423705,1,0,0,33.10046159673162,2494.517348442514,3,11,998,0.14128157355306847,0,0.23253314728960833,0.23599010540467302,normal,0
8363.41355306446,22,1,1,620.9511013845253,3334.2466620503337,1,10,1644,0.8396915762012349,0,0.4106848516033152,0.975801945302355,account_takeover,1
4343.8975723513895,10,0,0,30.323184258778248,3845.429629412631,1,4,313,0.2398835738471549,0,0.2952407091932903,0.027560781793585096,normal,0
2923.8129648173845,19,0,1,35.595612795198605,2338.651962938722,2,12,269,0.23692344800234577,0,0.018576110061907545,0.2580345761248705,normal,0
2833.1387451131222,15,0,0,27.60978256844688,2230.977045733765,1,9,2049,0.06512029714150279,1,0.0021451519268277817,0.07071449000800158,normal,0
295.0760532841938,17,0,0,40.55565664493977,2860.740305723145,1,12,1487,0.2443736674526708,0,0.0027033002060455114,0.11851166084874443,normal,0
2086.5718431818595,7,0,0,38.32618883022154,1194.0749189374324,3,5,2010,0.0311697609262927,0,0.03331306306142773,0.07832562803347386,normal,0
1004.1529948462489,11,0,0,45.93778384341747,2306.957679726819,2,6,2167,0.13654387229596013,0,0.18001707769604436,0.1830139745501209,normal,0
747.6803229939716,5,0,0,17.696309752219097,1833.3428350327954,0,12,2301,0.11039173660621772,0,0.2916997161385707,0.28412431440573005,normal,0
2927.209900846641,7,0,0,3.0621053275746766,1624.574322762911,1,7,978,0.2457900972316185,0,0.010483550296632126,0.20514220909047634,normal,0
2069.9333627523793,17,1,0,44.33818225209756,2767.147048325342,2,11,1202,0.11042709869596568,0,0.16218679895807034,0.15892004388104672,normal,0
403.98014178102943,3,0,0,11.168194044316825,3855.23391454897,1,3,2770,0.18923919595985836,0,0.0856167193925436,0.21419678271430692,normal,0
10875.593012015814,9,1,0,294.25312326675686,830.996650857403,0,14,2818,0.48795972334623045,0,0.35001045628103145,0.6263178985175278,behaviour_anomaly,1
1061.8420813242285,19,0,0,49.42435725169205,896.0038620614949,0,11,2488,0.1667603603036186,0,0.26236383443349487,0.20523653588327856,normal,0
686.834445914331,17,0,0,1.133266053450499,3508.4088607449758,1,7,2265,0.0016057112592565814,0,0.2531320367874087,0.049991797144979956,normal,0
3529.703272365182,12,0,0,310.15760500632643,2770.121345560577,1,2,114,0.5524080827984317,0,0.3852066895279763,0.5059128910015642,synthetic_identity,1
4734.173540907058,21,0,0,32.40143969700827,3138.7004151910223,1,3,2115,0.12723369838113277,0,0.027606137598465686,0.2561026899745398,normal,0
2579.0651061658364,19,0,0,22.992862387272794,2318.8124378591638,1,4,969,0.012352919326141697,0,0.21065484444740024,0.281283654233448,normal,0
4922.008999076546,8,0,0,43.3391888969173,2635.0990971635993,3,3,236,0.2170537554267847,0,0.08413104513542556,0.17814019981698956,normal,0
803.0003393882982,7,0,0,25.52092549180829,2021.8429223435317,3,12,2440,0.04318448949446716,0,0.10037502648785564,0.040747103078004755,normal,0
3196.0929510605506,16,0,0,468.855598649206,3663.082585843899,3,13,1087,0.36226618681824035,0,0.11725213734384149,0.6550413112657953,behaviour_anomaly,1
4056.4567603039063,9,0,0,14.259787415257485,702.2271722208827,0,12,2482,0.19303060618180537,0,0.28114147585598226,0.08273817228054182,normal,0
2244.2553078714204,1,0,0,19.606300140068374,3557.697024901022,0,7,1529,0.26024656360959647,0,0.09732314879288734,0.04831935399126763,normal,0
9547.767295269794,5,0,1,425.34738880666424,2570.6607993382695,1,6,16,0.652514204181085,1,0.39219986367885984,0.6933850491080666,deepfake_identity,1
13379.164980951657,9,1,0,160.60712672058906,530.8349544141853,2,15,55,0.8279666309680422,0,0.060512073291100484,0.3651308139180945,synthetic_identity,1
15993.822565241648,0,1,1,245.74897069849766,3793.9768359177156,4,10,421,0.43790541580407405,1,0.37623599726705564,0.46929269619673125,synthetic_identity,1
795.8533142520711,11,0,0,73.42118101445055,1554.2780631261983,11,14,2651,0.46778017973896063,0,0.31613152426535257,0.3078207870796616,velocity_attack,1
4124.802978213402,20,0,0,33.269573588307345,2940.4597828609003,0,10,902,0.01226810478062441,0,0.19345852422588364,0.059218077761434215,normal,0
4481.086098027758,2,0,0,5.196888129446292,1164.4368866620675,1,11,134,0.2831973514294639,0,0.13746524498279086,0.07701088394511275,normal,0
4544.505606033607,18,0,0,1.604725609646318,3475.7723723791564,0,6,210,0.2388372164050583,0,0.11011490203337541,0.022492002357302653,normal,0
3669.6043180919046,14,0,1,11.754855763537615,3900.893126995702,0,5,1401,0.29265715358456823,0,0.26544710738786076,0.28859475801969897,normal,0
4741.091168211215,15,0,1,13.137635390620655,629.1459380705677,3,14,938,0.08978295230409353,0,0.14347609065226308,0.09269682149669302,normal,0
11650.551816889347,7,1,1,234.54897521094065,1627.1325137452095,2,7,350,0.6320080823104255,1,0.08165825505825033,0.7490135143001425,deepfake_identity,1
11978.838008523,19,0,1,289.4101655310571,3964.861117478666,5,1,991,0.09226517360683609,0,0.4674424317151887,0.4165737269950025,behaviour_anomaly,1
1239.2793618183728,3,0,0,1.28524300548305,1990.041681874387,2,2,152,0.16394952555769718,0,0.22912296525946713,0.14227227661555386,normal,0
4720.257549171344,15,0,1,49.73311494361272,3293.148551736952,3,9,455,0.13797318108606085,0,0.2709906498278893,0.057593033275147205,normal,0
4683.874116284729,12,1,0,46.07595961687106,3106.2183254399097,0,9,316,0.2265888458256154,0,0.2711331802209988,0.08855219190972986,normal,0
706.8455308585055,6,0,0,15.980891129237806,3113.3058599878646,3,5,490,0.0236436899105933,0,0.139173738588149,0.21968273919467304,normal,0
1518.253655935491,16,0,0,37.062558535824344,748.2636521840343,3,5,2604,0.07683917973283663,0,0.031019008614604635,0.02151782105195843,normal,0
407.17914594714273,6,0,0,7.2312947156765,1860.3343129306024,2,4,2552,0.04269960783930508,0,0.00048166048784873403,0.05955862691380345,normal,0
1977.7552931415332,2,0,1,21.731582080760447,3652.1720474331505,2,11,38,0.13405967227157192,0,0.24656444509019682,0.22699016927522786,normal,0
694.7862031699016,17,0,0,5.375570652856842,732.0464313481853,0,8,1557,0.014502871931417116,0,0.09512030919554165,0.050879251462367145,normal,0
1452.0212024646796,20,0,0,34.680011142337186,2164.301278539515,1,10,2914,0.016191490948498876,0,0.1376920002714489,0.23955280035066065,normal,0
2149.3908778240325,23,0,0,47.39256442670662,1361.7057520696126,1,12,2746,0.13037509048770898,0,0.024426624519014516,0.01577739962795007,normal,0
13961.29365123192,9,0,0,174.51530758158535,2776.6522931630584,3,16,24,0.833117276368801,1,0.3030587845427062,0.622285751301475,deepfake_identity,1
4160.813794844454,17,0,1,42.849409390088674,2801.8528745642525,2,11,887,0.07172515895889417,0,0.2625267802350021,0.05304262746975639,normal,0
1523.47207778996,11,0,0,22.892876186906268,2873.6378903678287,1,8,577,0.20946254893570201,0,0.13888535034213687,0.24812942857405929,normal,0
4432.611670407198,22,0,0,25.68736452853787,569.2376162166039,1,13,1650,0.15803962096174173,0,0.04698664260584649,0.14556405839291164,normal,0
3389.227043622749,2,0,0,40.67094582153405,922.7393787400653,2,9,1809,0.15748965097645487,0,0.21833831114490798,0.2830068810050923,normal,0
29294.52892817626,7,0,0,142.45687105998337,2323.5077836602095,4,15,736,0.19099078986294604,0,0.36972148673772265,0.2819454425355393,social_engineering,1
1902.1513400051492,20,0,0,44.69293387466234,1581.3198912794494,0,6,923,0.2956458172838111,0,0.001609797365195953,0.2577178810640135,normal,0
5788.039477453197,12,0,1,345.79997892819557,1505.9817354004067,4,6,583,0.6464600653177108,0,0.3001940892307964,0.7970976263328093,deepfake_identity,1
3045.2634173211413,2,0,0,36.29686069998946,1719.710600213162,1,5,493,0.14820652672235124,0,0.28936769119940653,0.015038214887312273,normal,0
11131.960001321251,15,0,1,172.05365585007098,3628.9101657748265,2,10,455,0.38845100522121745,0,0.2745061517412895,0.23461561084693255,synthetic_identity,1
4557.171415239302,6,0,0,11.647876341138641,684.8750500955983,0,3,1904,0.18489909177516112,0,0.2995683408695555,0.25798919107239415,normal,0
4340.984916880503,15,0,0,25.412598482646164,1227.6786446292053,3,13,423,0.001920426557189092,0,0.04601406527336283,0.1996619396205318,normal,0
3810.6865935499536,0,0,0,37.69787470060501,3206.0704907166746,1,8,1406,0.10466714161991704,0,0.19293262865642472,0.0723922679888926,normal,0
2311.79641921541,21,0,0,47.59041940346212,2587.1679796191684,2,13,2279,0.2629880494841261,0,0.17284172848517104,0.27118324793101184,normal,0
1658.217027362133,7,0,0,37.95277048552988,3543.702174621169,3,4,1550,0.27568101044810595,0,0.11957035356838479,0.02444088701747138,normal,0
2049.3994649605693,20,0,0,25.939874374807392,2173.2184930789326,1,8,1863,0.02621549985138729,0,0.007673106311341637,0.09934493520870881,normal,0
610.1372819824151,12,0,0,14.092986500032879,2770.066328820319,3,7,1650,0.18915721298358953,0,0.009969618508484523,0.20158939445269317,normal,0
2957.338073587959,11,0,0,34.74128527279576,2363.865392511255,2,10,2897,0.29374429994940576,0,0.058546239624667124,0.1770319589552089,normal,0
3670.4157927593533,12,0,0,41.697462797315694,2300.8791454220227,2,13,644,0.10470179530670212,0,0.259872389471656,0.12330755731203777,normal,0
4981.1726001440165,14,0,0,45.10645961466308,2048.512805999537,2,6,643,0.1761941443579643,0,0.1227599593128692,0.24773395167349385,normal,0
2188.2883809562672,4,0,0,48.92565673036562,3766.4572516020794,2,10,1453,0.28588711466996286,0,0.041063996923936294,0.08843725947298943,normal,0
2243.6271179162723,16,0,0,27.15414445528915,1172.1234591220375,0,14,2273,0.2763281731547095,0,0.2860796158095976,0.2016057429775651,normal,0
4219.44483725488,9,0,0,0.12342514929979953,3131.599000166375,1,2,2712,0.24207258591701217,0,0.19193053562069257,0.19746821865940517,normal,0
3369.340452251487,16,0,0,2.328473493121863,2311.4940170165764,0,4,46,0.26199456866081017,0,0.2653113177053001,0.1846153279763251,normal,0
2649.5077344285874,7,0,0,33.49176147769559,1502.9349001037135,2,3,967,0.1948666563063646,0,0.03221196433447719,0.2253732593814611,normal,0
3505.6726214069104,10,0,0,47.497130344377005,3994.7325250154445,1,14,1324,0.08820277914820501,0,0.12105090846045119,0.06683060747526771,normal,0
2063.7389982890973,0,0,0,34.74415527386443,567.7431154079828,1,14,63,0.12175467012064378,0,0.19152902891841933,0.23648250405506366,normal,0
4881.31621088977,3,0,0,18.462723707507063,3610.8807334559324,3,8,2297,0.25983514599673213,0,0.2647316324875939,0.23488897530323263,normal,0
3524.8492595881894,5,0,0,39.30714909346324,2145.5846092640536,1,6,1153,0.2753080649546665,0,0.287416730713809,0.12236197399732081,normal,0
931.8137349289497,18,0,0,8.157007177747976,2732.169520165332,2,1,423,0.16683898003414357,0,0.19951444020350617,0.26784615604160367,normal,0
4377.911420374497,19,0,1,10.735718475990613,2592.200464277253,3,1,2911,0.12253801718866626,0,0.020327694957106335,0.0376645067576289,normal,0
3409.7346221484854,3,0,0,9.391798114228529,1365.98800881107,3,7,643,0.008566578250959111,0,0.0717121378037673,0.003719918349566009,normal,0
2565.1113588211983,19,0,0,47.235461186290614,1129.3125098454655,2,10,49,0.054434404264164904,0,0.0114028001116386,0.2910940975981944,normal,0
1994.9288312026908,17,0,0,201.8031382155116,1706.4011521756859,12,39,2293,0.3035055330042234,1,0.04762437215802362,0.5182153963768226,velocity_attack,1
21122.232384927127,3,1,0,997.2658879006066,1791.8379886973978,1,3,2540,0.32225798736787226,0,0.1288677064631676,0.885135441891927,account_takeover,1
1180.3824244438592,21,1,0,19.361165253508922,3688.4783032540968,1,4,2101,0.19364780770843126,0,0.08079639606393121,0.14917049196357704,normal,0
4697.868238423085,16,1,0,13.636211831321166,2308.119470623198,1,5,390,0.1634920892372069,0,0.008209201035309421,0.037253332190683906,normal,0
4462.29254106549,5,0,0,36.35868631210764,1288.6759407735121,0,8,736,0.19571222939260569,0,0.013664599218614015,0.09206442839197228,normal,0
3193.742290452545,15,0,0,47.1225722367033,2879.1394132136006,3,7,2800,0.1945162443520578,0,0.27635743576435867,0.1317633773186406,normal,0
1686.0282583807941,19,0,0,18.16257235607315,2968.4856138985924,3,5,2894,0.209136164235636,0,0.09984348125444754,0.23466328431396552,normal,0
4558.721404886521,23,0,0,43.845073391536395,3698.9553671935887,2,13,1036,0.10402186224083747,0,0.14387833360822733,0.2415544046583786,normal,0
4781.139963869248,3,1,0,20.47605736300946,2032.8897715205176,0,9,913,0.14681079758063528,0,0.11534385639826727,0.13945750260687612,normal,0
967.3513729560594,21,0,0,11.926371965873017,1703.9159916369988,3,11,1896,0.14165759589106636,0,0.25344350848734026,0.2659713811651426,normal,0
1605.3604434042275,23,0,0,22.600637334698863,3948.980829413384,2,12,1279,0.004039321869395351,0,0.29601227153062887,0.19918112219426518,normal,0
1076.176460601675,6,1,1,6.924080438148356,1075.7564592551225,3,8,2326,0.1669870700866768,0,0.21492553027514624,0.02359439563582536,normal,0
1849.8936805724638,8,0,1,37.14937514129779,1827.9665415154197,2,8,2091,0.020679918352230875,0,0.29931374455799437,0.1655001602315965,normal,0
1819.0136357415763,0,0,0,45.64369214882317,2318.183888113419,0,2,1786,0.26417864784592904,0,0.04899289252193034,0.24645618962907082,normal,0
2873.4902819503227,2,0,0,26.470198167836344,1668.9919713085924,3,7,2351,0.2053374622283539,0,0.12488243916766371,0.16760602005957523,normal,0
1056.678954486811,20,1,0,2.2004257693375493,2307.4344616070543,3,5,1948,0.11198644910284757,0,0.25844681736995834,0.17712036791982652,normal,0
217.33669982536912,17,0,0,8.687784811491166,2003.538482712534,2,13,299,0.24301349368035233,0,0.07306958960770955,0.06340391984696593,normal,0
4087.5955965640487,12,0,0,36.56258287183511,740.5419795682005,2,9,2162,0.166682858098216,0,0.1839984178677371,0.1755074038633638,normal,0
3615.5784539983697,19,0,0,5.669035480350115,3351.5660977719053,3,6,2215,0.02592361563566048,0,0.24191357681130746,0.03524087591374302,normal,0
866.5415090883216,1,0,0,16.399077926280626,2527.1881469269474,1,9,287,0.1585795236500898,0,0.20086971845011956,0.18144521469140518,normal,0
2664.3151928542325,6,1,0,16.16545627554402,1730.1632402772527,2,5,1207,0.0601401343264455,0,0.14484719538471286,0.11219222801906094,normal,0
432.40158961534235,13,0,0,35.76852698337857,1401.299006302113,3,11,1983,0.016851839670663515,0,0.07936835564760797,0.2957293134331701,normal,0
2605.5777544185953,21,0,0,2.2362908121550893,2064.846484207284,1,11,751,0.1026566148731331,0,0.16455308053014675,0.2844261588990628,normal,0
39500.547581943014,22,1,1,203.7805327402224,3578.772609566567,3,14,2470,0.14409247104359935,0,0.751835096841819,0.32123537580535155,social_engineering,1
1106.131399663319,18,0,1,15.347725096331011,2478.5005318556323,2,10,1597,0.05138128507611819,0,0.19627482853426342,0.28068715086683127,normal,0
1132.2447261277662,13,0,0,30.00022342546406,3083.6635178847187,0,10,1962,0.2578784869711738,0,0.09325907485674524,0.2653937185192315,normal,0
2272.5620704580197,9,0,0,17.851767130444436,3100.879796488514,3,7,1971,0.1392527939375877,0,0.1093999588424568,0.24687550346139006,normal,0
1495.8772196134219,20,0,0,8.970362045105285,507.95766861794124,2,9,1409,0.13208385702444714,0,0.13637021913395633,0.19321664302940592,normal,0
893.4227324978472,17,0,0,16.362156450002423,1585.5604360293344,2,1,1123,0.0506210267092106,0,0.09802179907323298,0.028934851914335844,normal,0
1362.2753796352372,8,0,0,19.547081144464062,3483.6374406614786,3,5,1165,0.0363003650043607,0,0.20678425446134113,0.2367881765989424,normal,0
2623.1734145749715,6,0,0,31.209805039474066,1771.8814630316983,3,12,885,0.29870263012870685,0,0.130208804596447,0.02315145528349676,normal,0
2239.409529866954,8,0,0,13.17014944031924,1462.8046611794643,1,8,641,0.048420858565820034,0,0.15991144903940174,0.1328046623857154,normal,0
2671.2046245410174,22,0,0,19.520174184859663,1042.3664628335405,0,10,2571,0.23568393873413596,0,0.18374792765430173,0.03095340355161966,normal,0
12630.343756448881,7,0,0,46.95245242533369,2438.1871933845987,0,17,2101,0.21868502450974586,1,0.491776897990856,0.6308183245799888,behaviour_anomaly,1
13650.689454933661,12,0,0,454.8445579137531,3128.8451226793973,5,8,973,0.2124526295952226,0,0.13558789675770538,0.6117163744275962,behaviour_anomaly,1
17985.252359968457,5,0,0,119.06123948053693,2520.0526794242687,1,5,266,0.7559558645404774,0,0.16051903575750376,0.7613460014049035,deepfake_identity,1
1552.152306215113,17,0,0,27.81537353073395,2284.9960259574505,2,6,624,0.16662712602663213,0,0.13024910843783244,0.015359577194388218,normal,0
153.87956042655435,23,0,0,8.45335305823065,3212.630992901179,3,6,1667,0.06669800736132425,0,0.010098961250889993,0.22207653413639325,normal,0
1972.4051228538685,11,1,0,39.908796923089746,1950.7883041551315,0,13,2594,0.23094159502462414,0,0.08828520354070996,0.08207083903269717,normal,0
12777.615613768101,13,1,0,392.8726749828204,808.4354096223187,1,11,605,0.12806499371997415,0,0.14048010485795792,0.6472403970634575,behaviour_anomaly,1
2658.9919742685415,8,0,0,19.187028475641565,2562.9728217248503,3,13,1019,0.2705643525915331,0,0.1713941514948701,0.24102240470413014,normal,0
101.11248726945213,19,1,0,7.867908762726755,1567.6442440348678,0,6,698,0.01580724766606396,0,0.048197951348583346,0.29697056799037336,normal,0
4714.455986932733,19,0,0,36.919119151351005,2361.6752019281917,0,10,1017,0.05838399320264784,0,0.006123927967547782,0.03395634666655686,normal,0
3152.163331513101,18,0,0,1.4854152673376309,2737.209649080421,1,6,1462,0.005457189848146615,0,0.296572419849152,0.040739962727896005,normal,0
465.298154030877,9,0,0,0.6309931044574002,1671.7843934078062,2,4,1992,0.10414974575500896,0,0.022099799594975288,0.22787300440225283,normal,0
2981.1589843727807,21,0,1,7.621449555427917,1930.951079366319,2,5,2009,0.2375051896524493,0,0.025889616998238572,0.20616247528314477,normal,0
478.218898109693,11,0,1,3.4272899550415903,2054.449723850543,3,1,1877,0.035439890269257764,0,0.21031706997436214,0.22378792609064407,normal,0
2022.9810263709135,22,0,0,19.739128620865426,2568.209234089,1,12,210,0.19244783387241352,0,0.19472869927052966,0.20295914362771714,normal,0
519.7254230225096,6,0,1,18.9250630436569,1139.5856301017309,0,5,1460,0.22006939348896457,0,0.2009633003237672,0.1612009266723035,normal,0
2789.6571950363514,3,0,0,21.011773159598697,1155.4527592824134,3,4,961,0.045780987302786576,0,0.2386363176588569,0.2980909622518579,normal,0
602.58301665959,14,0,0,44.410470764442096,1302.6921953792316,0,8,1686,0.1846678754055987,0,0.26398726106437864,0.15450596233251457,normal,0
4139.91043626229,17,0,0,27.683652083980544,617.1969873821059,3,14,2717,0.28320222117096666,0,0.13180464085386606,0.2975563135900372,normal,0
1772.1143553681661,1,1,0,29.154637173201785,1757.5542044279837,2,2,1639,0.13407703555504993,0,0.13415007420277578,0.2846652528935373,normal,0
1576.199777724002,21,0,0,26.038299106948582,812.3941352522303,0,7,2765,0.14276150893675968,0,0.010430280939373449,0.21368807595248313,normal,0
4550.502841236603,20,0,0,33.31174520028937,1549.3071180518868,3,8,752,0.2809546347792011,0,0.07264816929600852,0.29504036025889574,normal,0
4652.783648075768,16,0,0,26.425064555925132,3374.081021664247,1,3,1186,0.17499360422039703,0,0.26740951136992597,0.11319612630878206,normal,0
1731.4826181061685,15,1,0,222.6741175439308,1379.9829407879815,4,33,1198,0.26302033351895254,0,0.3437982188555834,0.39929452289275685,velocity_attack,1
1536.7238420505953,21,0,0,90.14167248886001,2990.5159483003426,12,31,916,0.17923976513081136,0,0.14717001953113257,0.5411492895531562,velocity_attack,1
3853.717405022983,1,0,0,5.305242785770381,1143.1553839940545,1,1,36,0.2934668010079468,0,0.0210117745595761,0.21953659999768269,normal,0
421.9723331989266,19,0,0,26.32594257052071,3839.902110110523,2,7,2064,0.27734168257313335,0,0.22345127816111848,0.043617028462113634,normal,0
4555.179008721645,15,0,0,4.689916747952494,3110.0947342026234,2,8,1772,0.24057560421538313,0,0.03801910579462646,0.0145147977566897,normal,0
2077.644911571797,1,0,0,21.447249890516485,588.2414128380008,1,14,659,0.017312008864577944,0,0.2886538036254506,0.18833514397188075,normal,0
2468.6964362684184,19,0,0,16.471284333132356,533.371127304721,1,4,1734,0.13717947757025203,0,0.27616286743623286,0.05952915913935522,normal,0
4809.833762737179,7,0,0,47.8274677237414,3766.0651797837563,3,2,647,0.289982031556336,0,0.08441744329086895,0.11498076807394043,normal,0
2495.348243258909,1,0,1,30.3818997342066,3522.9636632226693,1,4,2499,0.11048041316014745,0,0.2894107413180046,0.1293588754482933,normal,0
13349.327702304876,21,0,0,24.41256659616814,1188.7568946098859,4,9,147,0.6829875350309199,0,0.14008593523518073,0.7729887016982284,synthetic_identity,1
4220.270739187021,22,0,1,26.414605256415452,784.1675052965757,1,5,2427,0.19788014935628245,0,3.141323944306773e-05,0.27445195345280926,normal,0
4714.29073462435,10,0,0,41.514815563462385,1848.0648471461525,1,12,891,0.17264930921129945,0,0.046126633312645916,0.15023049986815207,normal,0
3160.8514873858926,19,0,0,27.733926271746956,3924.758341542048,2,8,515,0.25342882037002046,0,0.289902255676311,0.28404313727848113,normal,0
2373.510321017748,8,0,1,15.243399630372313,1372.602032438816,3,11,725,0.08166890264278553,0,0.13119658967459844,0.2590691189763658,normal,0
3351.333122881882,9,1,0,22.527702404946343,3348.7370667646874,2,10,1409,0.28260713058894665,0,0.00843931321166773,0.19123102092228947,normal,0
3570.04323436188,18,0,0,3.4906345424168483,2472.292294406955,2,7,457,0.01909755567529232,0,0.09185652654603528,0.15821484828563562,normal,0
954.3955021244581,0,0,1,29.723842052921984,2335.8900794638625,3,10,2957,0.0978519328589482,0,0.1307014325992558,0.06880493218233404,normal,0
2905.77544112191,19,0,0,20.81307964246833,3482.546729077787,1,12,1497,0.13323461833569805,0,0.11451729683400197,0.27762460812737466,normal,0
2049.5419447853933,14,0,0,23.39932336461991,2351.7959740264214,0,9,1617,0.24003764625341142,0,0.16057235628816505,0.20087970382482842,normal,0
1213.5258741427083,1,1,1,278.4395759781197,1289.0254390901728,12,29,2740,0.47849149259084345,1,0.20093687041011102,0.3017152663282999,velocity_attack,1
5694.534500394752,9,0,1,513.9150140573679,3672.2087064998072,3,15,278,0.464871330604987,0,0.23239363988651268,0.7809995508957062,deepfake_identity,1
281.3374101059138,12,1,0,37.559589477865714,3723.030835791041,3,14,994,0.14689881396752333,0,0.12504675015051667,0.26530387913547504,normal,0
4838.4728487551165,10,1,1,12.412126609055518,1795.2734097006094,2,9,1386,0.033693218721690066,0,0.047168011114475925,0.20802650175256934,normal,0
353.2404337261777,10,0,0,11.189121805820545,1066.8512445379272,1,5,2407,0.15008918389386172,0,0.03621668707894192,0.017891059411195297,normal,0
4404.726250376605,8,0,0,31.632181815209815,2851.292638016217,0,4,619,0.2953997938122808,0,0.27828281373883457,0.2820971487535239,normal,0
560.5115052202581,9,0,0,42.43043784195984,2693.5197303232917,0,12,285,0.041462293908482495,0,0.14190851981791933,0.18739217608643105,normal,0
3783.9432151877377,3,0,0,3.60108101828861,2662.1442994605163,0,5,1910,0.12967437658332728,0,0.2309760161252713,0.1087986017989842,normal,0
351.1909499623911,2,0,0,0.5546246762246243,2740.997848524116,1,12,1927,0.08142481270677136,1,0.22069811704097556,0.28337142448233577,normal,0
1057.7442018051595,11,0,1,24.221259769596955,2330.745236919135,3,13,1257,0.04490778374481481,0,0.22001740297426123,0.2333757661282534,normal,0
202.63030905147278,1,0,0,44.25304381018073,1433.6499488416857,0,5,2296,0.2208713864014082,0,0.07854461655916499,0.035194802707712976,normal,0
4314.5997462271025,1,1,0,11.161469593046657,3682.4248134816253,1,12,2289,0.27205238683286537,0,0.09253310378883348,0.12116678477935625,normal,0
3984.986653265813,2,0,0,38.72340979818761,3590.7369501757084,3,12,59,0.0706443878959474,0,0.021431614425691737,0.27762403118775963,normal,0
2963.7996578113875,6,0,0,36.785842355246885,3809.6097248410733,1,10,2585,0.08985171569983692,1,0.2255235387444755,0.08644212669400533,normal,0
4907.771400135243,9,0,0,22.496914637652786,1330.2711687013345,3,13,714,0.07753875192748196,0,0.05587322366353132,0.2539919061253934,normal,0
420.29417206548766,2,0,0,43.70851608379962,1113.8527643057087,3,4,1605,0.027646025160250876,0,0.18047116817860964,0.022174793681184857,normal,0
31948.894293927828,19,0,1,785.0894970812243,3650.6038347406857,5,12,2315,0.7836709322222053,1,0.18144148334389293,0.5575306788027955,account_takeover,1
533.1445791191475,11,0,0,281.74074590559735,1176.0685361417836,2,3,128,0.8347626330119535,0,0.2332904675725172,0.45362096749695013,synthetic_identity,1
1950.0491018536638,20,0,0,366.1685691645923,678.4485424634549,5,23,882,0.2888495661620383,0,0.0974533341689765,0.48613944062057274,velocity_attack,1
3168.5481749632127,11,0,0,6.29094249691563,1792.0702990862712,3,12,236,0.017925297449054144,0,0.22937767513375157,0.07195417642577968,normal,0
628.6679922671918,19,1,0,25.271046326319723,3190.2032824001453,0,6,2671,0.26798073462530947,0,0.03841180521527739,0.19669332449751742,normal,0
2506.3690739775093,14,0,0,4.758547385133294,1895.4998727380873,0,10,2913,0.13148197984402968,0,0.24038183914184014,0.2885199028509281,normal,0
1237.8422062194047,6,0,0,44.85666496230326,3221.973135534782,3,4,471,0.2628411463596232,0,0.02919354815740137,0.14846001572444437,normal,0
912.4854708866097,22,1,0,367.81235964844996,2308.5176646422815,11,15,1574,0.41188757262772185,0,0.20241636160892262,0.7494610203482859,velocity_attack,1
3184.0533268627864,19,0,0,13.225810929264597,981.2484395509844,2,2,2678,0.23758891447636427,0,0.08948333716253305,0.04540603404309651,normal,0
1243.3308309817005,13,0,0,32.94090491040267,1801.2642697789124,1,6,2862,0.23940573361984852,0,0.10926166703615138,0.09019329484746971,normal,0
1475.0381059938,7,0,1,17.52398434201341,1975.1510413319907,3,13,172,0.7256186216217122,0,0.06706355265199025,0.6098536163619199,deepfake_identity,1
492.518060387051,18,0,0,1.9345127250119165,3360.831383993077,3,10,2030,0.16521964370158485,0,0.09729683287941408,0.2493280384169494,normal,0
4416.266720074749,16,1,0,43.57571452893279,3108.628320990081,3,11,1746,0.02356377509193499,0,0.2580986674635194,0.04263483777611314,normal,0
3552.935737409569,18,0,0,9.34403560252776,639.5981352021621,0,12,112,0.21564441681788585,1,0.0107293060801104,0.29305723369005415,normal,0
4658.952258829695,21,0,0,45.55664053952283,3991.0347671056434,2,6,439,0.07807981542793806,0,0.13848390455115486,0.0951648136932255,normal,0
2575.7366249945,20,0,0,6.067207847018108,3783.6962039896357,0,5,2206,0.01917419272591677,0,0.19593310147568757,0.12424460383830295,normal,0
3027.324200634511,17,0,0,31.71434573105239,1611.8100261000193,0,14,1956,0.1568508675061475,0,0.233316824101719,0.12434275646943743,normal,0
1367.24209095139,14,0,0,39.524063545571856,2359.9552455134335,0,4,103,0.100333162761327,0,0.08920414831908777,0.01178210993237352,normal,0
208.12412854322514,19,0,0,2.2991208003186103,1701.015392002323,3,12,493,0.13336904569666305,0,0.2583839430204507,0.27554316981160115,normal,0
1014.1784178513982,17,0,0,3.208310905554246,1284.7774896129629,1,14,1548,0.2621473330384533,0,0.08507708218156532,0.2797115822076599,normal,0
3283.201205331352,7,0,1,41.80965488762452,2484.6256962662565,2,14,2254,0.2780766013724981,0,0.04563580206912852,0.07177965993587969,normal,0
4215.031199614525,13,0,0,38.092240439186746,1053.3494529975703,3,7,2561,0.19076204422017504,0,0.21636037695826518,0.06448652136194691,normal,0
1446.0486937346707,15,1,0,6.8807790524040175,2753.558814557174,1,4,884,0.13666754672840778,0,0.16772660966020553,0.07885848156518,normal,0
3892.5577529485363,19,0,0,7.253166804632693,1565.275381334597,1,12,1074,0.006593007862042743,0,0.20943241618151406,0.11140213731698119,normal,0
4132.620644704661,7,0,0,28.67249931132602,1012.7449040684354,2,9,1899,0.2041410786532114,0,0.013723919143093543,0.28866755852006154,normal,0
18188.310583102924,21,1,1,67.83765527171981,2646.9313681926683,3,1,152,0.5277578090513275,0,0.3756364323642395,0.7365107741580386,synthetic_identity,1
1685.2990211789086,3,0,1,49.645409602605675,1515.3239921571217,0,4,354,0.08895239708761203,0,0.13709283716679757,0.016700336768379342,normal,0
4651.411794243271,18,0,0,35.130048339488134,3154.3593877390986,2,12,180,0.29590365692710413,0,0.0505358856936699,0.2112705503666649,normal,0
3639.0375851260246,5,0,1,35.9743735178806,1452.7204723729476,1,10,129,0.07504662357610982,0,0.017182869254338363,0.200631405842133,normal,0
4539.826596358176,19,0,0,30.10456832349137,2921.2528974994075,2,14,2004,0.27240959569339634,0,0.2139575785083002,0.2945825828385442,normal,0
3397.071176130591,1,0,0,17.99047386343167,2836.2260172071656,3,13,628,0.07875146076621455,0,0.07625879884414484,0.29460822361685496,normal,0
3835.282860054704,9,0,0,32.26532651362245,1870.448780505349,2,5,808,0.2930931962274043,0,0.07705494963277482,0.09750842949199824,normal,0
1928.9337789837664,1,0,0,31.25799033364332,1302.6747228549532,1,12,111,0.01784206397733564,0,0.22832187216724992,0.15550924783326475,normal,0
2196.3463750106935,21,0,0,360.6048339801637,3166.85436828249,5,4,2260,0.3857498304433367,0,0.43983223857900067,0.42451577089902437,behaviour_anomaly,1
19571.13266445082,1,0,0,442.247315641095,1605.1621820545122,1,3,70,0.5878246383429145,0,0.2386272464183088,0.6809193128930136,synthetic_identity,1
217.6247197399554,23,0,0,34.11228155247091,3347.2956600369253,2,9,1588,0.07606404304630293,0,0.04628020926911893,0.17881757682644248,normal,0
4766.695086753751,5,0,0,6.644424460243381,2848.0150928024846,3,9,1988,0.036617384342305825,0,0.18279062281563904,0.2385013317055559,normal,0
4097.152365067992,5,0,0,9.947030752319636,3329.726691712157,2,8,1973,0.10879971525500359,0,0.2608899801657445,0.03987308192579137,normal,0
4071.711320830981,20,0,0,15.023950184323109,3277.933143430831,3,11,2534,0.23641813378887266,0,0.28719169181285037,0.014354099622512217,normal,0
4055.0621330879244,0,0,1,31.046373198347943,1653.236434884255,1,1,1607,0.13604233617626427,0,0.15143746356462426,0.05405891802475584,normal,0
2306.2458061001626,17,0,1,20.804023858441635,2704.347030060622,3,11,1889,0.16251479278290457,0,0.032320803583837245,0.11006409310973211,normal,0
3855.983849485973,10,0,0,13.717508192768484,2281.305077840775,1,13,1820,0.08862018331154167,0,0.08569210489908842,0.2921700856036332,normal,0
591.2032622420954,11,0,0,12.746328301045452,1572.0317695449028,3,3,1623,0.29849778759142137,0,0.14673269336418604,0.15530112269032134,normal,0
14440.55766618329,13,1,1,419.663673360827,865.0962039225319,0,15,313,0.89743796004064,0,0.17348902372667593,0.800051725993228,deepfake_identity,1
4530.377603019368,23,0,0,28.29448780212162,612.5842363129335,1,2,935,0.24389472806915635,0,0.18665638040793148,0.15767503884169884,normal,0
2002.0326384119574,3,0,1,44.57594080532171,1437.2859060766577,0,2,1068,0.0404803753009411,0,0.22013277247638494,0.13893875550200468,normal,0
476.3349367406655,10,0,0,25.954962088109184,2954.802395859317,2,9,1039,0.005283337008884536,0,0.08434357257185972,0.09178864479309871,normal,0
3964.1263350002005,2,0,0,21.289093803208996,1477.1884190480287,0,14,1048,0.033912910105832174,0,0.2910418929584986,0.010668394879914177,normal,0
1791.4418216216316,21,0,0,25.537680856317003,2651.7452559226244,1,12,1914,0.28018729443802926,0,0.08416717249855098,0.06872236226498701,normal,0
498.0252105526961,3,0,0,1.781634411986488,805.7019554878672,3,14,2760,0.0693715306797557,0,0.27577185486872563,0.005918150095615637,normal,0
153.14271991315962,2,1,0,290.72362930309663,2876.836596100835,8,11,499,0.39017029443894974,0,0.10816634236107513,0.6531864799809031,velocity_attack,1
3589.6781846029257,23,1,0,37.02605184793931,1791.2521836003818,3,10,2996,0.0006759163006834545,0,0.2448108752088779,0.2685219825010628,normal,0
4464.226431763028,1,0,0,28.575796051178813,1176.8914862013078,1,6,2289,0.19505328619873882,0,0.18908604160041811,0.1358625859011698,normal,0
1743.3208704655658,14,1,0,33.81314464171234,2236.4919503223255,1,12,2291,0.059488554756083896,0,0.1636233327268297,0.21218216438677887,normal,0
3207.2964776491103,4,0,0,43.694968375072456,1265.7452985957611,0,11,2355,0.21038057383251524,0,0.10560945655158199,0.24537722487124972,normal,0
530.1623615849838,9,0,1,5.760828062502599,1185.9449148218139,2,2,1107,0.1962454082277793,0,0.2623571956923402,0.017531504016815656,normal,0
4224.961006115533,16,0,0,4.637189756206467,3246.715409445823,3,10,1965,0.0844131182137927,0,0.04744906452589715,0.06479763244432728,normal,0
3061.1336129775673,3,1,0,37.22535183238598,1833.5518102469343,1,9,331,0.1873978781639731,0,0.2770799865428688,0.15113388935268526,normal,0
1005.7868320750825,2,0,0,15.456714612682704,2374.302155870039,2,8,715,0.07532546281831037,0,0.1271138438267943,0.18419854106878591,normal,0
10059.712890478233,2,0,0,169.4890688772011,2622.6888690231854,1,7,369,0.524621108073896,0,0.33050156773517214,0.3110174149142461,synthetic_identity,1
1267.09562712896,9,0,0,48.76505899499762,3068.295649187663,0,10,547,0.017392333817373904,0,0.09505326794859738,0.1249637170035503,normal,0
3332.4823373593244,16,0,0,38.388578509673614,2304.2845955770417,0,4,184,0.02326770075796264,0,0.15868082692181773,0.24318139637093517,normal,0
1944.670497702443,18,0,0,36.51864966221068,2485.443858571405,0,12,1389,0.14966292374402615,0,0.06843720758020096,0.17590798901148313,normal,0
2019.538007755163,6,0,1,9.185469272469593,3782.438792249841,3,14,1817,0.29931752943178813,0,0.2662227072746454,0.1313457026728045,normal,0
4861.732205332707,9,0,0,14.998794088414858,3663.845160970108,0,8,346,0.07551498477742041,0,0.025064286105645504,0.22227409187047098,normal,0
3541.067953555155,10,0,0,9.509326345509638,1392.4733874383219,2,9,2150,0.19983674547360838,0,0.1695497926767504,0.13966716523162678,normal,0
3011.7849538121263,14,0,0,21.650905915966025,3078.65681544258,2,14,1407,0.2322516435869986,0,0.0201771883323541,0.05076865233420131,normal,0
1957.5608384924874,7,0,1,34.04980184289765,1262.791414309332,1,7,2715,0.14480427863141745,0,0.2892317565905222,0.14052748750190305,normal,0
2958.506948976082,12,0,1,24.42678099859461,2589.645063921394,2,8,57,0.10118497074733686,0,0.17694937193336832,0.1574403289949944,normal,0
735.4269932987532,15,0,0,24.869917566804823,624.2882464969606,1,4,901,0.04514898232101028,0,0.05385961034839062,0.18876863669686467,normal,0
3572.951710622856,17,0,0,5.226269051004973,2417.246114169354,0,9,663,0.2987485122974234,0,0.29751294675625173,0.13048653972174817,normal,0
4494.263208539458,15,0,1,22.819274444358072,655.3230264644601,1,6,2187,0.1274500819832121,0,0.2219194219851295,0.166363854669113,normal,0
3908.0198880444404,20,0,0,9.542466653179238,3193.559823208998,0,14,71,0.25137208558754376,0,0.06150355726119716,0.13890015858874957,normal,0
2583.9101460129896,13,0,0,44.133596765032266,3573.485418035471,3,4,1582,0.236243078410022,0,0.20341151343472025,0.27794266079264746,normal,0
2557.438005715815,16,0,0,0.9878164592903582,587.1677441117015,3,12,652,0.1882615855335684,0,0.034965542793279736,0.2461828642175261,normal,0
224.2186427357418,17,0,0,27.094825056044364,867.7326843694657,0,12,2544,0.17689503837000461,0,0.02430028481464126,0.271749552718605,normal,0
18764.162111630514,0,0,0,118.32282667434546,1958.955530955137,2,1,384,0.5746541429919194,0,0.31888766302947513,0.3074964331764963,synthetic_identity,1
13159.575630451727,16,0,1,332.1057959321164,1505.311409712689,5,17,221,0.33696574924996575,0,0.33380587047832155,0.6577638610747705,behaviour_anomaly,1
2836.1808237054447,16,0,1,12.76280096843831,3930.4910092716914,1,3,1831,0.04223679544416126,1,0.1333173714963637,0.28667090665031286,normal,0
28364.64260284363,7,0,1,653.2158245946508,779.8436574858057,1,8,1717,0.7414616152102149,0,0.019530803610888492,0.9682159944110962,account_takeover,1
3639.10796609273,1,0,0,41.853462127853525,3804.9165221349467,2,10,156,0.1192325781771515,0,0.10804816516001221,0.027548402875485257,normal,0
45883.94638549066,11,0,1,755.2551291077486,1732.816904135545,4,2,1483,0.7046670103219557,0,0.013733212770324077,0.9588360598545443,account_takeover,1
343.1104293603035,0,1,0,26.037268069309643,2592.1251290998125,2,1,2403,0.22739113760422727,0,0.0498242778159688,0.17147070231402192,normal,0
16618.936941303633,23,0,0,424.3965570606241,3826.4901178267123,3,9,301,0.5260956836949845,1,0.3608935046353214,0.43129050845781614,synthetic_identity,1
11976.70883760461,8,0,0,201.35386468764506,3364.3199437153276,0,10,1020,0.5267221730640622,0,0.09063447883718595,0.668556605189202,behaviour_anomaly,1
2285.428287493983,5,0,0,26.710954898342663,3114.6212415960276,2,11,1046,0.12165233752306216,0,0.10472986112716469,0.11635365410137212,normal,0
48751.70949169529,11,1,1,259.56288435736514,3797.159181307185,4,13,1699,0.6410522453061791,0,0.303109062839126,0.47797928229122055,account_takeover,1
4058.445115512167,2,1,0,34.020782063681814,640.0154777826949,2,9,1559,0.251231286846514,0,0.25553727347140687,0.0854690271383108,normal,0
10938.192000798383,0,1,1,401.5526098010286,3622.901937564131,0,1,337,0.37229806148839784,0,0.37959491819151797,0.6204663132575305,synthetic_identity,1
45903.48365456971,22,1,0,331.32279429677396,997.5387719093635,0,11,1071,0.3210313073669862,0,0.2630748200903543,0.6077780383580964,account_takeover,1
22678.857691568,20,0,0,169.89014006457134,2022.9505351255195,0,12,640,0.35411155126676613,0,0.5561678821377383,0.4528782043159595,social_engineering,1
1457.6393235956582,3,0,0,18.32558777794528,1572.9521309713477,0,8,2019,0.06975192672202,0,0.2939032999620868,0.19393063972216545,normal,0
443.529884242159,3,0,0,2.6726773902433774,2178.0076597825173,1,8,334,0.08848671351680439,0,0.1302748103281878,0.29590626850300994,normal,0
9710.306486746034,11,1,1,295.87137564548334,1801.1191119999694,4,1,64,0.4235019757468954,1,0.3833968939107541,0.22385266288394087,synthetic_identity,1
19700.59491165887,17,0,0,102.04180952105352,948.2966682535025,3,6,249,0.8161294369505752,0,0.08633012708348718,0.7541320895519896,synthetic_identity,1
3478.3783487726023,14,0,0,15.261452232491779,3623.698208951665,1,2,163,0.28929978026673975,0,0.11919720910283625,0.20115432213584095,normal,0
12179.215607606073,22,0,1,342.0900940128947,2108.534771887616,3,10,131,0.7451635309192588,0,0.18660321346163689,0.6852157852482001,synthetic_identity,1
40275.476019572416,18,1,1,88.82718244187586,1425.085435316809,1,8,694,0.606586417884553,1,0.4207196895680074,0.7515114939614553,account_takeover,1
1902.909681380214,17,0,1,31.61393836717621,1076.2817282068197,3,1,1742,0.2772088379609833,0,0.24982940337887993,0.1629018602852581,normal,0
9970.61764206525,16,1,1,191.40062028529005,990.9342611507403,0,8,2261,0.6938854471633726,0,0.4022464380112849,0.574896637693621,account_takeover,1
2872.6677455349086,9,0,0,11.793135648551,2803.2172046998753,2,12,130,0.007831237970138105,0,0.06442394562633555,0.237087518081677,normal,0
1059.3765604675525,14,0,0,10.103525048307965,1999.5090048144002,1,5,2403,0.016929864223304412,0,0.2598358290089599,0.1775601007521226,normal,0
4142.742109882304,10,1,0,36.94045575805682,1488.7706544605571,1,8,1475,0.1767196014892504,0,0.1443438454244019,0.00964171896103042,normal,0
4201.365308981993,6,0,0,30.625991767843463,749.1454848931079,3,4,1853,0.23311109458190857,0,0.08761257182315169,0.21828024757764836,normal,0
1140.9916582578176,6,0,0,46.77840853830501,758.081329044848,2,1,2274,0.14871140573474034,0,0.047518768317639494,0.08555228014975068,normal,0
4788.319095873002,2,0,1,18.48739365313196,3166.478416451145,2,2,1683,0.04281434541843183,0,0.2367785456421855,0.2737429567241126,normal,0
15352.93319192458,2,1,1,208.57111559976002,542.01789273764,3,3,195,0.8278393248462788,0,0.12342573657421384,0.8208166422207381,deepfake_identity,1
4496.3572139713015,1,0,0,14.084091682408417,3282.109154304368,1,6,2544,0.0397594187157687,0,0.28720375463341236,0.14727774684681327,normal,0
4888.808749158368,15,0,1,1.7467404459079683,2771.710876999841,2,12,1262,0.2875110698648158,0,0.12123231249018031,0.08553390738878054,normal,0
3261.346673006304,3,0,1,23.00516495881312,2500.3416966307914,2,9,2296,0.19543206947454703,0,0.2787453857039773,0.030992600909203492,normal,0
1292.6437477707993,10,1,0,2.4846041751387493,1181.1148050752483,0,10,1570,0.11295550531490137,0,0.21201790281628982,0.13212312708661378,normal,0
8313.101438839007,4,0,0,88.29123669595806,1428.1515115164589,0,1,833,0.35369291809260767,1,0.06206757849911887,0.7777612220748833,behaviour_anomaly,1
27447.67445356878,8,0,0,198.71948023845658,3520.610269830433,0,10,2659,0.38417968369847294,0,0.5351294097316769,0.24508511503376973,social_engineering,1
2229.5202082076876,19,1,0,12.615276555029553,841.9068570977543,1,14,406,0.14573418250021233,0,0.2897451221499511,0.2654324240868403,normal,0
523.4836383033705,13,0,1,49.652919411380225,1962.485382274115,11,14,545,0.21907653712899255,0,0.28117782206606784,0.5928133615520919,velocity_attack,1
22212.904398788603,17,0,0,125.32011973214375,601.5136603609694,5,16,599,0.41576483595642605,0,0.1540963285563559,0.7827018699720897,deepfake_identity,1
1729.035170028689,14,0,0,13.464548379229813,969.402362707732,0,2,1672,0.18542523513340223,0,0.004237448743150151,0.23732084012487037,normal,0
2607.366490862034,15,0,0,48.99701272824022,3349.830366023576,3,6,2747,0.18817682350160472,0,0.22918124562814546,0.13468028511672983,normal,0
887.7234906367102,9,0,0,21.714799105860095,3928.191789014818,1,12,2383,0.014991518532848747,0,0.14753054202824806,0.14878205821424606,normal,0
4709.844150465228,16,0,0,38.32415446613921,846.3865884465284,3,13,74,0.16594191700168637,0,0.12972919282807416,0.1546187991534553,normal,0
1263.4239950365507,23,0,0,28.686577191109507,2594.313859032411,3,11,1579,0.18866527441011582,0,0.21009523308468317,0.05762282822898635,normal,0
1653.0188466596787,22,0,0,4.506949256130466,3964.4117623461593,1,1,708,0.18556908673111325,0,0.273375066387897,0.24107744623492144,normal,0
2626.829195712839,23,0,1,37.85480418441599,1414.7740986392782,2,4,2180,0.2986395715531776,0,0.16555565791126867,0.14284524703041798,normal,0
4754.019575130428,12,1,0,1.6690351667307368,2855.9239833421375,3,14,1275,0.04820328549053952,0,0.1250558148791238,0.17070255491120617,normal,0
1671.8223183615055,11,0,0,40.2740846655955,3698.6591674832907,0,11,481,0.05324167147828511,0,0.08067608293906237,0.22537899887280724,normal,0
2367.110464820428,14,0,0,30.426906045665785,2690.231515101797,0,12,774,0.1617185671097044,0,0.05449922226043411,0.26950293813177784,normal,0
1951.4121472632146,11,0,0,48.45735904791225,1328.771992497595,3,12,1172,0.09068780332172242,0,0.29974878364585855,0.14104176276362212,normal,0
2825.334393887057,10,0,1,14.310019853249194,1957.3723215095288,0,1,2193,0.19997492380011989,1,0.1472470611624008,0.21135435831496266,normal,0
941.9643557525264,9,0,0,24.26941496384856,1930.5226677968114,2,8,2415,0.03927000239007034,0,0.15468488465276325,0.26152834959824073,normal,0
2591.9963867070437,8,0,0,1.4009425636405226,2106.200656426164,3,4,2879,0.25866257152888195,0,0.22948751846966453,0.06405837942157741,normal,0
2346.740954716375,5,0,0,28.370396765175997,729.2145081686693,3,5,1128,0.0847027145795197,0,0.14870178815894627,0.0022501651291548684,normal,0
1236.8890835131724,1,0,0,23.777642100119028,3393.8058323155246,2,9,1930,0.15148409789895792,0,0.18671097563217154,0.0742272123029629,normal,0
898.7936576929424,17,0,0,16.26443071327107,1368.2151136561013,0,4,2285,0.17382084899011851,0,0.09708174055721965,0.09512830675461988,normal,0
159.39179575507703,3,0,0,1.1164415276691653,594.1373600189997,2,14,510,0.030044858009733277,0,0.055025711427526124,0.06798435187805969,normal,0
8331.726082761399,21,1,0,496.6763329833552,1825.987216847958,3,17,24,0.4606528310480856,0,0.27622602682220593,0.62383559838373,synthetic_identity,1
386.96999589421586,9,0,0,8.86176370701462,818.8047330575595,1,2,253,0.26932806708509005,0,0.1373570423370481,0.19135266447299162,normal,0
2045.2094336639886,21,0,0,38.60878421411213,2540.430708037803,3,11,2660,0.04463392065669195,0,0.03183998577220735,0.2659678424296405,normal,0
809.9848732469932,17,0,0,21.28267239078026,686.1008982642384,2,14,2953,0.17408865392558123,0,0.1793408590245478,0.23976424148426598,normal,0
315.1097189507251,11,0,0,2.924568888728457,1367.4753985657717,1,11,904,0.05918965196954152,0,0.23035540524172254,0.295754426148928,normal,0
2534.15760840993,16,0,0,8.703369183168508,541.8679203556021,3,1,303,0.06900550191449752,1,0.049013344821815415,0.12801202954272342,normal,0
2152.8441719186294,0,0,0,42.377974583274884,3975.072528839638,2,5,2778,0.295306160045121,0,0.09251008651500962,0.13496010302885147,normal,0
6871.027379039853,8,0,0,518.6955581134995,3188.7038336950304,0,11,141,0.8913607911356608,0,0.33493110865041437,0.528849974526589,deepfake_identity,1
1146.2121398708018,10,1,0,177.25264247968343,2471.363347388876,7,33,1619,0.2838923335448964,0,0.3612418205313617,0.7471044885215772,velocity_attack,1
2357.594641184202,10,0,0,43.427208374578136,2491.98430797254,1,8,2984,0.24079097964385876,0,0.1309940638107403,0.24958551885918254,normal,0
4562.7737920551845,12,0,0,36.19933749868752,1988.1265247902588,1,4,1994,0.19955628026698136,0,0.05840609917234307,0.09012565198011466,normal,0
3713.3878202763185,13,0,0,13.929152364957542,911.761836476265,1,7,317,0.2661077123685457,0,0.01617460172335908,0.14857713582533227,normal,0
2063.4504174888866,14,0,0,24.672949686097024,836.0035153803178,2,14,2443,0.27867742742299695,0,0.1610301401935892,0.13732080836943095,normal,0
3113.5635433904463,17,0,0,30.38231916307359,3621.3797566622384,0,5,941,0.08524278531885779,0,0.09579990166486443,0.15272191918866368,normal,0
6824.92639814114,1,0,1,118.37275569166955,2019.5402417183375,4,13,134,0.6831650083222105,0,0.09559510241632532,0.4022123418567975,synthetic_identity,1
581.5653828411515,20,0,0,31.09606165857537,1039.9689893835393,8,38,305,0.4267499349231562,1,0.12913036550884024,0.7088770691744948,velocity_attack,1
1427.0780311841636,11,0,0,1.303330346629944,3275.2091386978987,2,11,1321,0.1693457208864433,0,0.02684620537787049,0.10134076058856535,normal,0
2747.366576618363,4,0,0,0.7869986124391493,3803.2281615772636,0,1,930,0.11480991663061081,0,0.25820043566169043,0.15120944897367317,normal,0
6072.177432086981,20,1,0,121.01092514061763,589.7560377050146,5,18,176,0.5060235423571217,1,0.3835669285789492,0.7633696157951086,deepfake_identity,1
404.7958082070435,9,0,0,28.03639490963451,2916.7758970115065,3,7,2877,0.10379196784892007,0,0.01686432630203839,0.16546959103300604,normal,0
1831.425917327659,9,0,0,9.402857185776547,1066.563598066613,3,11,1281,0.20533866779319668,0,0.14987218287852724,0.11147620678138037,normal,0
145.06555292148528,11,0,0,4.446762237773405,660.6728030508501,3,8,866,0.09374733998605812,0,0.28318046061936414,0.2738795414322031,normal,0
784.2911483059332,22,0,0,28.613467617088872,2494.5137599883947,1,9,1860,0.10528913131521046,0,0.16307147745184208,0.23913099693352974,normal,0
473.0412115024709,13,0,0,49.901025741026146,3984.0644915824464,0,13,1615,0.26867763555040236,0,0.1287192805473592,0.05545438926199315,normal,0
4322.749542966235,13,0,0,16.806076791732437,739.9768242413411,3,6,2601,0.22773262323009114,0,0.07383470562156996,0.08701616375974765,normal,0
4881.6751893664195,18,0,0,36.58780186507143,3741.609901623182,3,11,230,0.189379300803253,0,0.26766913656580804,0.021181615789778174,normal,0
3264.4729820105094,3,1,0,38.48016526753665,1302.6531429142992,3,11,1116,0.052154193873429684,0,0.21012686022678967,0.08073965816570167,normal,0
3068.3183223181827,14,0,0,45.332778521863474,1672.5685381613732,2,8,2063,0.1518350864539548,0,0.27627935283015037,0.1779814341698807,normal,0
2240.56844281438,0,1,0,17.027535571954566,2042.3896851531072,3,4,1114,0.17446096778098916,0,0.2601819659127578,0.09704249397656484,normal,0
1553.1435698090604,0,0,0,15.609436838615022,1076.8075153953976,2,8,1448,0.1281704197646612,0,0.11951611237234552,0.2985244836707422,normal,0
2126.3905974742224,23,0,0,8.077072996963475,1019.324019205167,3,7,1563,0.27135298195154,0,0.12755254698398724,0.17725524127538267,normal,0
4809.24455560033,20,0,0,28.08316684714896,915.6445449325477,0,12,466,0.2879897441136193,0,0.021872216916761656,0.20046089417271284,normal,0
2532.659646540969,8,0,0,0.09149735748417154,3649.3095126907538,1,6,180,0.027208027258000443,0,0.2257997340193124,0.28836567912465316,normal,0
4451.779125776776,16,0,0,19.9229445409913,2785.234647304623,1,7,616,0.2498201357347534,0,0.09855740945742082,0.2617120385479018,normal,0
3589.4715248149646,14,0,0,38.1730338266841,1012.0481059100991,2,2,2136,0.25993984418714416,0,0.19530958849665714,0.02356673750854804,normal,0
1150.5917666665064,23,0,0,42.47059016174142,3141.450617439894,2,12,2465,0.1303191747543653,0,0.15707892788073502,0.19118377180761442,normal,0
3135.678380177886,20,0,0,10.823543164481015,722.0702229592906,2,6,1307,0.1487064438651733,0,0.18314624199688778,0.28899736650586416,normal,0
989.047903708572,17,0,0,41.279010095621956,1269.1551842125984,2,4,1853,0.021326684473265124,0,0.0666679807078809,0.16719607480278753,normal,0
3490.286468694197,1,0,0,12.21579459843412,1540.9442283670762,2,4,732,0.0650785373597967,0,0.2795859368136923,0.08877212702046557,normal,0
2164.115461140953,2,0,0,31.058204813775305,1359.7393338138118,0,11,1699,0.03496399016116742,0,0.08329115453902647,0.10273496268546861,normal,0
2187.994065965931,8,0,0,18.8462981962554,862.4457072979545,2,4,112,0.08652191497482034,0,0.2751077277052172,0.032524714924010635,normal,0
4154.842718320885,7,0,0,7.253775198993361,3408.513273322473,0,11,1096,0.27841531112555573,0,0.1874977552630387,0.09454427564935254,normal,0
2000.3478405929632,3,0,1,30.985602837367367,1616.7919248106193,0,5,1610,0.29101963297700123,0,0.09655601993734933,0.020716878233545444,normal,0
296.5350379211642,7,0,0,1.7922076162280365,2484.2480403771624,3,8,523,0.25236902868302263,0,0.21321289867761573,0.28624881881558295,normal,0
27530.36211425142,0,0,1,936.1826335468315,1724.6709520233092,2,13,2190,0.6441384015134066,0,0.0629340358276132,0.8324509097248562,account_takeover,1
3621.7187549847918,14,0,0,46.15160853983362,3714.429478656321,0,14,595,0.19879806447641585,0,0.04144829762369904,0.2382202713694858,normal,0
4103.653147651472,16,0,0,25.805642504090713,2847.922151736947,1,7,2697,0.2158244639370596,0,0.005320057468158645,0.15262154288049165,normal,0
1771.2251201462666,9,0,0,28.79553791843185,3976.4273885084517,3,8,2454,0.1187474560851855,0,0.26033371044569903,0.03153370923428115,normal,0
4488.880726906421,7,0,0,35.670953045033585,3368.3215979224424,3,13,108,0.16914724388230767,0,0.18863260380641556,0.028896794547028058,normal,0
11475.796390165771,21,0,1,95.99831402214276,516.8282176547131,4,1,2634,0.2781507393288884,0,0.7055505272799943,0.6088345661473411,social_engineering,1
15379.391837746678,1,1,0,121.34300264674813,2472.17889648275,4,9,1200,0.3846445617500675,0,0.7705828712591457,0.4432913627124149,social_engineering,1
3539.637698562746,1,0,0,41.869390797094155,2421.604752239682,3,7,1945,0.008483080156367229,0,0.039701703687887155,0.1303039523252319,normal,0
2995.082976788153,5,1,0,37.378311708991156,3418.96684019305,0,9,389,0.044635195058981045,0,0.09566000197366752,0.03888961221371673,normal,0
362.8104784520711,0,1,0,38.20008477403622,1311.5528085881024,1,2,1625,0.2792119228993338,0,0.23512547078755494,0.12321533932802353,normal,0
2992.130267658527,9,0,0,0.3699264096189758,3760.465048289775,3,9,115,0.24533648093410512,0,0.022118125334215987,0.0667938193384588,normal,0
4472.282240884296,14,0,0,25.58632621622568,2453.724352650729,1,8,2653,0.10086404822155443,0,0.12075683664969884,0.2524752666379267,normal,0
344.8972404324258,4,1,0,13.698467318780144,3718.6745529259874,3,10,2519,0.20033313939669578,0,0.05312722915310841,0.06748027960232418,normal,0
1984.5942722959642,2,0,0,44.570666729880635,2101.8155591526142,1,4,800,0.029009254124116778,0,0.28493301026583556,0.06440665494111115,normal,0
2264.9851535295775,22,1,0,39.81068845089503,2921.1006387005787,2,6,2001,0.21290008487529308,0,0.039932257474919394,0.09581451482559962,normal,0
3604.112597102751,23,0,0,27.404430854652013,515.1728801326944,3,10,909,0.23286109207668237,0,0.10293329163066789,0.1456926480504985,normal,0
4065.8696618447166,11,0,0,47.41632915180812,1307.1691923876188,3,8,1918,0.1225464913739742,0,0.1052189352539589,0.29365588970121437,normal,0
2518.3782436665815,8,0,0,48.61493063506682,2391.2845338334428,3,3,1321,0.17175363991250514,0,0.2501016426322949,0.03331933656389697,normal,0
48852.175405917726,6,0,1,768.1171879034896,1704.1281456507768,2,3,954,0.7328736048082338,0,0.23110781421276977,0.5725793430749873,account_takeover,1
43572.70624828466,0,0,0,144.93769713838026,1293.8849472650543,0,5,344,0.33440795901298914,0,0.3567514769853829,0.3072184711861502,social_engineering,1
164.8211832359405,18,0,0,47.22312537552703,2871.0001241266473,3,13,605,0.1127151590951818,0,0.24371160411619816,0.0559963696748847,normal,0
889.9843075446216,9,0,0,16.454887948705103,2921.6788090626515,2,5,879,0.23386062557798812,0,0.028751468719575856,0.16733992675069334,normal,0
460.134061917062,16,0,0,12.552566221963268,1348.57076251829,3,6,2003,0.022817512949825414,0,0.175336014632012,0.003613915480079066,normal,0
3322.3031722716823,14,0,0,20.017225910818766,1938.3758074015182,2,10,1896,0.2397091845253372,0,0.08982284786024343,0.005267243948686551,normal,0
2328.3452785080394,9,0,0,29.38591417002091,1154.851462526354,1,5,2330,0.19400462941654162,0,0.07389499978028577,0.22874928637648323,normal,0
411.4359164015158,19,0,0,39.74647587183654,2801.710607400308,2,10,1407,0.03173767343746091,0,0.24186672358859432,0.14702101564446088,normal,0
222.36114437354303,16,0,0,0.3254323442304752,1901.7079022582773,0,1,2213,0.27619497864830156,0,0.05697969344994964,0.2162922015627106,normal,0
2829.4985150476723,8,0,0,0.6907738235981287,1555.0715896220875,0,8,2404,0.2531999092280989,0,0.16131133619359891,0.13190261145657448,normal,0
3281.1304803687117,17,0,0,10.661017453500044,741.1926297475848,3,4,2923,0.22968984446973473,0,0.045088192679102024,0.28458101793426943,normal,0
5162.854677423355,22,0,0,206.4860772164057,2645.034322965474,4,7,405,0.7833543331506556,0,0.17146065430869067,0.7762694301764219,synthetic_identity,1
4275.689351560846,5,0,0,41.07010717577036,3757.647651867531,1,1,2890,0.16877755462318458,0,0.08682109230457676,0.24408621486459564,normal,0
1449.3677538515508,23,1,0,31.540502313326456,1330.466974343134,3,10,2157,0.18929671406421122,0,0.18843101311117047,0.26793678044382274,normal,0
2064.372312944489,11,0,0,223.11793650686252,3459.5727450625373,4,4,651,0.2304703638397525,0,0.44282606689230125,0.7628024282017345,social_engineering,1
4978.592436544529,11,0,0,5.683179244999625,3633.9930428402,3,8,2468,0.12565229251143636,0,0.2047569127740512,0.09906499255124793,normal,0
2036.2609576142947,15,0,0,4.9034684953177194,2079.895936738236,2,7,772,0.2915617604788664,0,0.08939274223270949,0.2614328045390011,normal,0
3636.207991383725,8,1,0,211.3345608827238,1733.999539117979,5,17,1969,0.4429184053891678,0,0.08993665082343877,0.5365631544325138,behaviour_anomaly,1
2350.399466148748,10,0,0,39.506179736085514,1964.9920445607306,0,12,2374,0.21540092900579472,0,0.09377502990788457,0.2527230137006006,normal,0
3709.0226188404836,11,0,0,43.08848550851969,3272.6938196170263,0,5,278,0.044803771483373334,1,0.21190941823429799,0.08294646403342522,normal,0
3008.448583356051,8,0,0,7.917724018853168,3064.6798838269465,2,14,1991,0.18602415537388212,0,0.03861814548997393,0.219946430699418,normal,0
525.9094116283761,3,0,0,32.36188604931961,3565.5853100837717,3,9,183,0.1082802097176983,0,0.17518887042486644,0.0872530371749336,normal,0
1347.739208342443,15,0,0,28.349391621967523,1533.4850281476504,1,5,366,0.274099687605605,0,0.27521452813642966,0.18590788924167534,normal,0
3602.1222841599765,18,0,1,33.17888117043565,2781.782152600811,2,5,853,0.0860418256140776,0,0.09980403155390898,0.14741899719903293,normal,0
5327.094103949526,19,0,0,3.174567779398274,3563.8911060320634,1,6,1468,0.4173497018879007,1,0.3969784042410508,0.39805397729526104,social_engineering,1
4211.983935403463,3,0,0,32.7545655423693,2714.8154023483994,2,2,2034,0.22668578106372614,0,0.15722557814630805,0.0640792169705369,normal,0
4934.48760249835,14,0,1,21.304263183635214,1245.4262137766173,3,10,2245,0.038416949276039315,0,0.014207244083671288,0.015863687770539623,normal,0
503.6671235176292,0,0,0,23.971091705637487,3613.1114476608886,0,11,1993,0.17183049831643676,0,0.1547669347981116,0.03824116174393807,normal,0
2256.829152422537,0,1,0,171.51600318562444,2741.191729163532,0,12,13,0.840102023750054,1,0.06253383873170332,0.38981023966614947,synthetic_identity,1
3991.566923257713,11,0,1,33.07378053422131,1240.1512172817872,0,11,2248,0.14107053706079814,0,0.1562875968479669,0.08169046825979706,normal,0
2026.656485036819,12,0,0,45.32235659470217,3481.7364315354416,1,7,1152,0.16104577261800698,0,0.2325559548200685,0.029384330277753,normal,0
1102.9325343806913,7,0,0,34.512171504584686,2815.462032989972,1,14,1364,0.054201338454276535,0,0.2209925359830278,0.07851122106842855,normal,0
4196.302590509808,7,0,0,26.237696931301862,2024.802290922768,0,12,2007,0.03977026165879744,0,0.11766104617487726,0.03193366402403639,normal,0
10958.675118586743,3,1,1,276.11474452981946,2422.6402240581074,1,10,296,0.39498089539527337,0,0.07354627965222219,0.3400292278262712,synthetic_identity,1
4763.877748573871,10,0,1,42.51544047906705,3566.7973044808377,3,14,784,0.026049249041224864,0,0.21896287532550351,0.2882839614895971,normal,0
4600.289517512502,21,0,0,38.601050641584976,2961.8808012477625,2,11,2871,0.05723545906733104,0,0.10782732879489111,0.11344330779027431,normal,0
740.5148855898108,18,0,0,28.976871401589733,3290.529406352134,3,12,1650,0.1546340421438341,0,0.10796845216134435,0.16540566317965782,normal,0
1234.2285474499608,1,0,0,16.464348692002112,3760.0686165584907,3,7,596,0.08411250198615212,0,0.26927934626690914,0.07038192504412678,normal,0
51153.921237553164,23,1,1,499.9024577136336,3047.0914841347035,3,4,1285,0.5230370657730934,0,0.2611130172723285,0.5768204592499312,account_takeover,1
3566.2453001613458,4,1,0,21.072802318839024,3466.972366098747,3,10,664,0.21144441726943872,0,0.29593754841658254,0.23254995702818865,normal,0
4985.052145317181,9,0,1,27.438694946638147,3411.2166880360114,1,14,2065,0.21896075282813007,0,0.1821111728059384,0.20103118544050283,normal,0
2206.5668098016545,21,1,0,248.24282498581917,2820.1115826425557,3,4,2816,0.4395662672718075,0,0.8289167650108722,0.32862858044176346,social_engineering,1
1421.9467070605801,14,1,1,547.394794561937,1915.785881669619,4,7,353,0.6124402294573463,0,0.28509605188069365,0.33302727303419083,deepfake_identity,1
260.02939784402975,4,0,0,39.68356426528244,567.1004514740533,1,10,1806,0.16483544833725206,0,0.1764076823556335,0.08058149458403409,normal,0
4653.94234672517,1,0,0,22.510696547828857,1628.1223744741144,0,12,1758,0.23322996377552602,0,0.12482284205347387,0.18953231779192908,normal,0
499.717135495693,20,0,0,24.39771242905422,1130.4954382964124,0,12,2956,0.10457355468128073,0,0.1389955457056957,0.17496894729268844,normal,0
3155.879013622304,14,0,0,12.153159575625594,3872.265805259591,3,5,1319,0.24300470979713634,0,0.08338351986162394,0.28651028240806553,normal,0
967.7030514467202,5,0,1,25.346913937872053,3029.841710805196,1,11,1577,0.26241016844867915,0,0.05598519603147665,0.005533006793007567,normal,0
2754.3535808090196,14,0,0,5.179432731601458,751.8718519863671,2,8,1805,0.08483614874141933,0,0.10638075009829225,0.08601141883377156,normal,0
2816.3348573058634,2,0,0,13.952119356513009,1315.1659502543062,2,12,1105,0.24071388878906458,0,0.26312124998756975,0.16488225204887982,normal,0
9538.609509943919,11,1,1,895.870417838629,3871.6127430699917,1,9,315,0.24430128351154004,0,0.4697079212544561,0.8871974579878176,account_takeover,1
1459.5769306522748,5,0,0,35.963565189435215,1380.25321977041,2,2,1997,0.09785913564199464,0,0.1910294058199722,0.11884315564065588,normal,0
17416.545553091182,1,1,0,69.42992662221853,1514.7017242358895,4,3,476,0.4945351418956109,1,0.05154663063974421,0.5250421041128385,deepfake_identity,1
1514.5629295885756,4,1,1,173.4405596512768,3645.43076627424,2,17,251,0.36649544414462976,1,0.1486239128855877,0.7901432080158541,synthetic_identity,1
4476.142005457533,0,0,0,46.58430012543477,2206.984303000233,1,3,897,0.2202467624230716,0,0.15917143691536983,0.1491730858813477,normal,0
2969.3796509758013,22,0,0,14.044346830483146,2738.1068014899815,1,8,1916,0.04387516848919323,0,0.2986989908407148,0.05393159080669117,normal,0
758.7321340997971,11,0,0,39.41815067491565,3555.9371139580985,2,10,2592,0.1782972336858649,0,0.2816785707198217,0.17983807199967428,normal,0
1718.3948707602135,18,0,0,42.824122493907645,2438.009203056069,1,4,653,0.06337848194849041,0,0.16131161732381188,0.24093073595845288,normal,0
1935.601811669709,2,0,0,17.01387310844285,3902.479352200032,1,5,523,0.1592292334534313,0,0.2908271695738847,0.023426417678137135,normal,0
1084.5750744293769,11,0,0,8.431805582081358,1841.0250105394368,3,6,2185,0.24538337962693213,0,0.08241263039194607,0.12467018138707991,normal,0
12505.598111087293,15,0,1,411.45296027812384,3866.9510510113837,0,4,81,0.8494365384654982,1,0.1698587358534377,0.8419122308908642,deepfake_identity,1
1426.6488984034136,10,0,0,22.643579229256616,1162.7755668638488,2,6,2071,0.182793397006645,0,0.15547693498825502,0.17565172660462322,normal,0
881.5120864526556,20,0,0,5.045799177720972,2720.9559984177945,1,2,135,0.0771971396309853,0,0.13191593064645038,0.2873615464374968,normal,0
4638.3509353157315,9,0,0,16.19970979769027,2537.5517571522023,0,6,753,0.04081819515260097,0,0.13307671605939994,0.22922583047906953,normal,0
3469.8380079097474,20,0,1,23.710997358195048,1979.3998422425573,2,6,2895,0.1374654764962908,0,0.21102766573446663,0.09930591750925036,normal,0
4376.493813874027,8,0,0,22.070219993823738,3551.933228899153,1,8,2213,0.022850330760236712,0,0.23344046531874152,0.031186120123966442,normal,0
4696.514283883843,22,0,0,0.09578530894995274,2347.705392971207,0,12,413,0.24930742077168877,0,0.16125156161273632,0.05108080554348182,normal,0
2575.5131905255275,15,0,1,34.44962841854885,2478.2348889981736,0,11,2515,0.14452005836765974,0,0.20606222867290216,0.12008732412928831,normal,0
486.80307443812217,5,0,0,46.018015695693,2216.936679465295,0,8,1268,0.05845584572245139,0,0.12488041177730724,0.0836270442060286,normal,0
1693.3982779310604,7,0,0,26.975755678718265,3540.391241947892,2,6,2165,0.27274088613837827,0,0.1774959481000005,0.092886491629551,normal,0
2082.1841893119617,8,1,1,44.37943560519877,1849.181096211641,1,10,1632,0.01524453270730658,1,0.11593743159276676,0.12840103149024606,normal,0
2590.966679889772,18,0,1,19.960743719320558,1643.9701647624054,0,6,1240,0.02843415235362351,0,0.24664565653292841,0.10643038699951733,normal,0
1648.8964265801555,15,0,0,28.60168830802709,1676.795510245471,2,1,2169,0.1654563644144986,0,0.1267515539820401,0.14785085282772414,normal,0
29489.758473009377,20,0,1,53.41845208936987,3226.7111149829234,0,16,1452,0.09466779243564259,0,0.38085921013138635,0.7829836211680077,social_engineering,1
454.35072876389916,9,0,0,0.282272527988342,1519.9171041494592,3,12,1710,0.014961762245812393,0,0.07544953843839677,0.16358726829226924,normal,0
2372.1221842059126,2,0,1,3.3188126542204266,3901.295456591219,2,11,767,0.1754656221980095,0,0.21100809475613755,0.22564482280767664,normal,0
3354.6749864459443,9,0,0,1.7425680819793232,589.8441406292567,2,1,594,0.18418441700805563,0,0.0663158425386917,0.06621932139276733,normal,0
3717.9608724270215,20,1,0,398.8226601056622,563.4741317027141,4,3,928,0.23165957893476535,0,0.33689661237138774,0.9940269315504567,account_takeover,1
3503.5175935410984,11,0,0,37.63908214804274,2983.8038562208576,2,2,491,0.13196985287500662,0,0.15456281743941083,0.2208507048547401,normal,0
3505.4112420200586,6,0,0,20.95275252945446,2300.8407032672367,0,14,386,0.20081441822236498,0,0.26307047516103726,0.24378734266125013,normal,0
1329.9067779852712,8,0,1,46.08996145066664,1529.2490571056549,1,12,1595,0.19594895069073395,0,0.015516667002345618,0.04812928886974854,normal,0
4210.383923329938,21,0,0,48.408820201474,2648.4451927924288,2,13,801,0.2837332239419714,0,0.154534634901675,0.17446192940465075,normal,0
28913.34374565715,16,1,1,860.2294090554685,3923.8972966783454,3,9,2246,0.5939902214881396,0,0.03663691166451677,0.6257119299592657,account_takeover,1
4050.3862709860005,6,0,0,20.33702769205574,3362.932974751554,0,13,1169,0.08597569269124382,0,0.16595011627532366,0.028596476605689567,normal,0
41957.67416689934,7,0,0,261.00479457877856,1373.3294214464304,3,17,1942,0.4017618105435417,0,0.4357810634431376,0.4258424567788073,social_engineering,1
436.6970208474088,4,0,0,44.205719264993334,3579.204194929266,1,12,2998,0.04412821541905871,0,0.045300040770723304,0.05724760692222458,normal,0
3366.3423473284342,10,0,0,21.152946377259735,3575.991983748612,2,12,136,0.03968224133326311,0,0.19657152293777944,0.16916370344354567,normal,0
2566.3911399701547,19,0,0,46.110880115722594,3608.24157161922,2,10,2455,0.26058056340967306,0,0.03671956751429267,0.09768471344172093,normal,0
2455.382901156068,11,1,0,420.7753490963516,2137.360676578076,4,11,10,0.6120451237079172,0,0.1004326820212221,0.7953073554237169,synthetic_identity,1
955.7712108920148,10,0,0,11.37681656329163,3806.6661701834064,1,8,37,0.19145067018709028,0,0.07250096235173867,0.14265685667087927,normal,0
379.7255948376428,15,0,0,17.0894052740613,2403.5127066416467,0,4,564,0.20240328855346074,0,0.03270989622586001,0.05329680141100329,normal,0
642.5309072989468,16,0,0,36.390920325536904,3563.6910046267053,0,14,2086,0.023682672877321197,0,0.27373300828192104,0.0781831751564734,normal,0
50517.036847180236,15,1,1,592.8315976126031,1512.8069059718914,3,17,1699,0.5433477290126425,1,0.4914807703791823,0.6979847489589486,account_takeover,1
4730.617916444787,16,0,0,29.264782019113,1373.865355816807,1,11,884,0.002325180259672932,0,0.12398542911454523,0.20883474200253005,normal,0
4735.965764454801,1,0,0,16.59957817118543,3720.110238279661,0,8,262,0.0312758597173843,0,0.17284812330464408,0.2661615664570741,normal,0
2716.4406154840426,22,0,0,21.776622077362312,1023.4737742213906,0,4,2689,0.04736767833241743,0,0.22105895749574084,0.19003065353228601,normal,0
2303.725228007646,16,0,0,11.644911739961644,786.6686873321387,1,8,2085,0.143961318033083,0,0.08273693008720986,0.08571288635292296,normal,0
4639.2747729774255,20,0,0,32.29903390978841,733.6817378936558,2,9,796,0.008111650007005233,0,0.0781643445003642,0.027096407796651,normal,0
616.4667492426652,15,0,0,30.085124507289652,1932.8987232308139,2,5,2684,0.029129310467718748,0,0.20600748881336178,0.1815781036638566,normal,0
229.9054216539469,21,0,0,26.787989975925164,2990.643409967198,1,7,2204,0.2004602091780256,0,0.08488055758330604,0.026841608114846226,normal,0
1742.0823858697952,4,0,0,5.970161612627023,2615.0325371399663,2,12,1631,0.26525112596784445,0,0.10776650208413992,0.07000495484278964,normal,0
3946.813213127513,9,0,0,6.811519391893006,2215.850997880162,2,1,2705,0.26978469218230794,0,0.2076942671091909,0.0335664770531373,normal,0
451.70145050991385,7,0,0,41.29075632208297,3881.87369739157,3,6,1492,0.1836296957046341,0,0.022808423210820994,0.13307753112555773,normal,0
24775.23080510077,5,1,1,470.68536850259073,1965.5050537230259,4,8,38,0.6855806884067026,0,0.171670878192929,0.7471942175158752,deepfake_identity,1
585.972687977358,15,0,0,31.200999705703193,3071.993220329322,2,1,1682,0.1835074867600978,0,0.2328040666189273,0.27309652914903093,normal,0
1365.397502664896,21,0,0,37.769403865276246,3002.0868022124528,0,9,1782,0.15880541182594857,0,0.16460003409064608,0.03718569787751461,normal,0
30568.315722370495,3,0,1,496.3514069170857,2083.900257888149,4,8,2840,0.696574113402681,0,0.4671284443538219,0.7268862679645245,account_takeover,1
1204.3682132331526,10,0,0,28.7694479027303,961.2214708464325,1,3,1800,0.12727466001844012,0,0.17264668399446118,0.02596620754500759,normal,0
2562.573774670868,3,0,0,25.165130214861897,2079.6338426535394,3,5,50,0.2574563441130918,0,0.07718149668178889,0.10916243972777077,normal,0
2669.512319705142,5,0,0,35.92241631277612,2947.92987357404,0,12,2171,0.133591462393676,0,0.08644397579459231,0.17206659998832918,normal,0
36527.91474190436,2,0,0,254.38545377510835,2109.3977520588533,3,8,522,0.15939803756534426,1,0.6939378412024719,0.5022027955354256,social_engineering,1
1698.6441984016192,16,0,1,37.01970150039357,1556.7575950653372,2,7,2013,0.200192824315997,0,0.22912084246822892,0.29005287308886674,normal,0
4129.869630974565,15,0,0,27.195248374619187,1134.8336669513283,2,3,2483,0.19779986108714528,0,0.03238242860147422,0.045053973710275065,normal,0
2287.4556303677527,20,0,0,22.353415471390896,2363.3269813112693,0,8,1531,0.14230291526002667,0,0.1023118519161317,0.17483948539530145,normal,0
1041.9063012811744,11,0,0,276.85387082847353,1984.91419305715,12,32,1260,0.21358573978006518,0,0.33459074163652835,0.3332470757183403,velocity_attack,1
12257.579034355176,17,0,0,35.19070601819927,2087.7151234508915,5,5,436,0.6770567762936401,0,0.4902366291123181,0.7714810192241071,deepfake_identity,1
548.2855032489988,20,0,1,25.152512957342054,1376.7670419443543,0,13,1321,0.07012112843829564,0,0.034626365009023594,0.2705049086348401,normal,0
623.6969231642448,12,0,0,45.06963746652479,2713.532351497632,1,11,1364,0.2611290937352476,0,0.059903086937316094,0.16893630065596635,normal,0
3819.125884357462,23,0,0,8.278556290977058,504.1429280149879,2,6,2216,0.2643560479307557,0,0.2607205551842179,0.2901346121270371,normal,0
3561.2227843689807,11,0,0,10.560124567452473,3784.588779799323,2,6,447,0.26368563692463365,0,0.14074109255637537,0.19718958099128686,normal,0
679.1822086918312,4,1,0,350.4797344214667,2104.1429659323685,12,27,2568,0.4292862264880475,0,0.3181813918667341,0.4652743566641955,velocity_attack,1
4548.704089520134,5,0,0,24.885312568804224,2574.052251008861,1,10,2543,0.07458624653609931,0,0.10400941038882484,0.19642129289011043,normal,0
3841.22763397424,14,0,0,11.615210902913908,1145.8562045521776,3,11,1949,0.04932997626020513,0,0.1443257540485063,0.18035263459922293,normal,0
37642.180917082485,18,0,0,107.81443896084885,2741.423216261205,4,7,1063,0.38780049412653356,0,0.517254523545377,0.6781642778771804,social_engineering,1
3296.4112405385963,0,0,0,333.70929420699883,3449.458854180604,0,6,218,0.6065048063555822,1,0.2862091047940756,0.48779328470354244,synthetic_identity,1
3878.5017976742442,10,0,1,41.15005874456724,3175.4891051397412,3,12,1460,0.002671759965491982,0,0.18229223478461473,0.16667375781243463,normal,0
18618.609964519248,18,1,0,4.714412692273906,3189.1515860948894,1,5,432,0.8103315333405396,0,0.3389417104088688,0.798305157599486,synthetic_identity,1
21362.84244651424,16,1,1,35.61985377748872,507.1781916687891,2,14,549,0.6141276984386901,1,0.15462836338238317,0.6195151507476973,deepfake_identity,1
1848.9872686554875,4,0,0,483.5436115915777,832.7428460958462,12,12,2970,0.39702689186112233,0,0.026788658233467322,0.5922662388872477,velocity_attack,1
2917.704699048474,5,1,1,289.2879764802602,2895.4087106390703,3,11,2132,0.5794600948281787,0,0.15221663421153492,0.7815637090453322,behaviour_anomaly,1
1932.2131303627866,10,0,1,43.130164250097145,3004.5342084374324,2,8,2521,0.007531991851553199,0,0.0822409833463255,0.1644190129663178,normal,0
426.16716677969197,5,0,0,7.95221235496208,2771.801070110309,3,10,1024,0.1137247564001486,0,0.17769530279557197,0.18138328929836442,normal,0
3427.4263620286233,17,0,0,38.19288790570692,737.9456212546984,1,10,2305,0.0499617696299496,0,0.2701668812247373,0.044724949835968406,normal,0
7158.50996795223,13,0,0,113.92205238910708,3735.8149546338996,1,13,1262,0.13261764539772353,0,0.1902390957777103,0.7311993977452039,behaviour_anomaly,1
912.2952468000511,8,0,0,24.294911599441,3292.965984321614,0,6,839,0.06802210515697404,0,0.2491370019406432,0.10528914307365568,normal,0
3471.8600598240564,1,0,0,44.57921557375128,2224.9689834453875,0,9,2972,0.19452604439654977,0,0.06455781970211658,0.25663278278861695,normal,0
2199.4437288590975,4,1,0,27.02619294694245,3438.5731268500576,0,14,343,0.028740454980171203,0,0.1609817524060726,0.21584729348773338,normal,0
4893.281275780136,1,0,1,43.33532650947366,2165.2997683276444,2,2,2064,0.1976108118628879,0,0.2624641770906333,0.037211699151334564,normal,0
729.1320183252136,23,0,0,28.63170545248857,3513.02386759104,2,3,2464,0.13135461283280897,0,0.2109055443348657,0.050810522075649775,normal,0
595.1244739521687,21,1,0,33.051177171243644,1701.6087820838663,1,2,173,0.052772809799257345,0,0.19580368457032196,0.08793200403671299,normal,0
791.8754113322061,21,0,0,46.28367469645987,1702.9600704816908,1,5,157,0.2801855662208542,0,0.032886725806842605,0.1287138655132216,normal,0
2752.7346624464476,5,0,0,48.04380675599667,612.3927150459127,2,2,262,0.2768310775010439,0,0.0720826081495149,0.27336417328145207,normal,0
2332.718088649993,18,0,0,0.8038572772610997,2907.928521759451,3,14,2101,0.18256243170450376,0,0.2550746298929723,0.2632065367062843,normal,0
46691.37245615786,23,1,0,78.43131364862816,715.7389296362446,1,4,1894,0.4461341665043091,0,0.5913507661311621,0.6978576031743611,social_engineering,1
3492.155166137477,21,0,0,38.293972917492816,1454.0008429644508,2,12,2124,0.27981024500034907,0,0.26137611721248893,0.28016458197900146,normal,0
3218.2339795135345,2,0,0,13.686792942491932,2946.005099669059,3,7,820,0.2662521570354386,0,0.06422247292872009,0.2648372457418646,normal,0
13408.48354623184,16,1,0,687.0572314143801,628.7878279588542,5,17,392,0.7403692973260452,0,0.49213749153656017,0.683396599950705,deepfake_identity,1
4964.802511095445,23,0,0,6.146339407632251,2673.6267011888053,1,12,361,0.23925653731493007,0,0.16916166282346173,0.0448156335429418,normal,0
698.3385786491314,3,0,1,21.772994239457404,2369.8565292886246,2,10,925,0.09762011481708771,0,0.24779683619059545,0.25518997056311327,normal,0
3947.362210825767,20,0,0,6.7649818756417455,2192.1094506045856,3,14,1086,0.11277700723576796,0,0.2217859216728662,0.24826761180104603,normal,0
2324.6079438609627,15,0,0,17.797023769987575,2136.3718797233546,2,7,2561,0.09956233292422802,0,0.23617658626223903,0.133702157017447,normal,0
2731.1746721777263,17,0,0,16.816330616523896,3651.7872527311683,0,10,561,0.15166901209340752,0,0.20848822346490425,0.029900916643971695,normal,0
2154.431139713508,22,0,0,26.181833706865724,763.0877013637868,2,2,2456,0.18384545643332514,0,0.028584753775338555,0.21647291166729893,normal,0
4114.025411191272,17,0,0,30.31487361235326,2626.016116096229,3,2,1106,0.23367301881167288,0,0.18738767806149298,0.02397578510024444,normal,0
16657.538396495835,17,1,1,445.34861025122086,3444.2556793601902,3,2,434,0.36539872465397044,1,0.1095528739597342,0.6116427027616462,synthetic_identity,1
687.7694144817522,3,0,0,21.913729127339714,3808.5190996405236,2,10,2147,0.16526596836681987,0,0.23272098790448387,0.2836264266172995,normal,0
595.5011130016721,9,0,0,7.982125950038715,3385.4589152000685,0,14,305,0.18485204562394403,0,0.018987736618718443,0.00238502486602008,normal,0
14002.200072775682,3,1,1,193.66638562925863,707.6671454078258,3,2,313,0.49514416191723226,0,0.4491069730941551,0.4789534454448807,deepfake_identity,1
159.56818023919536,14,0,0,28.251367117840253,921.2835848025386,3,2,2930,0.22045244725561924,0,0.1752296618892252,0.05823702087150635,normal,0
3133.9464032926,13,0,0,36.03577258286001,3359.9933957946305,3,1,442,0.2022387687338083,0,0.002826034225447338,0.27057848973727,normal,0
3257.4192531664544,4,1,0,352.92044427497206,2025.2937121380164,0,11,362,0.3780513654982431,0,0.26084467814081513,0.49799035510090583,synthetic_identity,1
140.98204119659977,18,0,0,37.51159993621484,2527.409792221166,3,2,1254,0.22006346914471786,0,0.28805367143032984,0.22560264007318773,normal,0
3823.135926299103,3,0,0,14.81052199000185,3408.466086986591,0,8,760,0.03482700731864623,0,0.19003093320618544,0.0268824393576218,normal,0
4555.338202741263,8,0,1,9.849652791947028,934.5684289000163,1,2,2722,0.23778628146222158,0,0.07120853878172018,0.20237693067637677,normal,0
3800.15472548146,9,0,0,47.00046630936632,735.5265937604606,0,2,665,0.06441890466861454,0,0.05006239039759858,0.24331569781589452,normal,0
2057.927779325973,12,1,1,57.69592062229637,2909.883706577078,4,7,53,0.5650769460078776,0,0.1523422199779594,0.36892216401261746,deepfake_identity,1
4430.5508363207855,20,0,0,17.849726372962827,2074.612917699324,0,10,1914,0.2581350895129132,0,0.08577664645514443,0.044319504229223615,normal,0
3119.872381036048,23,0,0,43.545118581696215,2742.6389897664394,0,2,1707,0.2888568738276902,0,0.15049224799611235,0.2534912629266999,normal,0
1237.9009854165813,3,0,0,12.302742101546515,3866.682005528106,1,3,1686,0.017272646704525208,0,0.023543609428811972,0.2791994333965182,normal,0
4703.886086223312,15,0,0,49.14196559591283,1050.234731957512,3,11,50,0.049148900171534914,0,0.18101037865985248,0.2564564208634351,normal,0
1761.2459761386333,17,0,0,11.703952960113979,2031.1037955400968,2,3,920,0.23104340822138641,0,0.11896887012768284,0.24627941153975239,normal,0
4612.2747626058845,4,0,1,38.30862946485905,2988.568937299432,1,13,1354,0.2639494488359953,0,0.10718537044030264,0.1872786846668167,normal,0
1704.7370256717818,6,0,0,4.2514108177674705,1799.8798484474041,1,1,1886,0.14743476933078645,0,0.25043009212924217,0.017427668843242983,normal,0
924.8485671135895,2,0,1,424.85614400308225,1637.043264360814,10,39,1271,0.497206913648685,0,0.35070313898489786,0.698322794348582,velocity_attack,1
53062.87953341588,2,0,1,965.2007749805007,3605.5302740248167,0,1,609,0.7890915526642368,0,0.3748622417075482,0.855528002680493,account_takeover,1
10217.081782189269,9,1,1,111.24551847080272,3178.830821859551,0,9,494,0.4180089520273213,0,0.6492826609927608,0.5114293156036092,social_engineering,1
1844.2661253911817,13,0,0,21.98643188317674,1043.794699423389,1,13,2389,0.10369637968851737,0,0.1246150202078235,0.19396127219192208,normal,0
129.63051160149425,23,0,0,48.93386584097954,3389.0272257798756,1,4,330,0.11389800476799372,0,0.255599287498065,0.1399096156635299,normal,0
2033.4043450627266,22,0,0,37.93604337533878,2618.2585099728194,1,6,1357,0.03695100122308243,0,0.21233781930792786,0.2410322323142282,normal,0
2429.831004640395,10,0,0,10.609862775820144,1275.903594572681,3,6,2567,0.24007586437049191,0,0.009098157410320296,0.2217058510661294,normal,0
1030.6870686420484,17,0,0,47.32785101932872,2256.8922721963663,3,14,906,0.29873995879885745,0,0.28430692046488537,0.07586529235100997,normal,0
3175.034592411911,21,0,0,15.645416652931837,1600.7421928292608,3,5,2820,0.2654388609132518,0,0.16147701634964648,0.06231028106754677,normal,0
884.1221886696508,10,1,0,27.04601535136834,3020.192063269787,0,10,184,0.25479131917607273,0,0.0015867016131246303,0.24002291708980092,normal,0
3681.2506284978567,5,0,0,25.773428450800417,3011.1700869222777,0,4,878,0.022460988411834203,0,0.09590951231915774,0.06727565850480113,normal,0
356.5395989186148,23,1,1,35.48676389498426,3814.624929511745,2,3,1933,0.2575461881764303,0,0.2050520054085934,0.06123640684040688,normal,0
2772.6161600938367,23,0,0,5.654856404812891,2322.3538004068614,0,14,220,0.009041907953123695,0,0.12194897053163087,0.13844522284862412,normal,0
2588.0134071239872,5,1,1,3.559914724276619,3978.0556823002767,1,9,2347,0.2669113355365536,0,0.18806764248981356,0.25122825133290777,normal,0
418.75280562786963,23,0,0,0.5760506013021693,3361.6368582103523,1,1,1995,0.02695884033525303,0,0.03516346515910388,0.1796059913004364,normal,0
598.7341158399784,11,0,0,31.502495101850762,3246.9873656303444,3,1,463,0.21970186561098598,0,0.15295262934787307,0.029311989330804686,normal,0
1569.4982056732274,9,0,0,46.098406275416444,3509.583375570346,2,3,750,0.2840095732036275,0,0.017011130155243647,0.13566697633799554,normal,0
21048.59148873331,14,1,1,400.0206847277538,1757.8624119146195,2,15,232,0.8854714827031842,1,0.1781330434880276,0.35691405558907097,deepfake_identity,1
4353.897046449776,2,0,0,7.809823936691251,3354.2280313432966,2,13,180,0.1093406576544941,0,0.22926985849400477,0.12346694527052458,normal,0
3274.305485353589,16,1,1,23.185742288197286,3427.2262415477694,2,1,2226,0.10571378739177938,0,0.23016771666008753,0.15469028889620043,normal,0
4710.862380614742,2,0,0,3.9758592262312984,2698.461108137156,3,10,1908,0.10526911423085503,0,0.2909401483787306,0.08418493701115091,normal,0
19175.093395343276,19,0,0,692.0916640977235,3643.7366768125517,3,7,185,0.4176012488978226,0,0.4871240080306472,0.5645613373240328,deepfake_identity,1
617.7569528825452,14,0,0,49.73798186534982,3461.3040162032844,1,13,2682,0.13561612277277532,0,0.13861565649825974,0.11214734728440665,normal,0
4539.943910449236,23,0,0,47.88517066216481,1424.8433665625005,3,14,2465,0.03648055316650638,1,0.17190978010957844,0.03790026322774432,normal,0
473.5721680704659,7,1,0,30.889602110454994,1066.491322513558,0,3,2711,0.19568090070753008,0,0.011856101520127005,0.19575939292199876,normal,0
1152.0098485704416,8,0,0,6.202174961718216,1363.2518137658635,3,13,682,0.2525223265414971,0,0.28714438741036646,0.043907535180808976,normal,0
2580.7036915264935,18,0,0,46.66860365461097,1847.0264376175924,0,2,2512,0.281224323002242,0,0.12158368166295626,0.10402591285479525,normal,0
921.3341598127565,10,1,0,4.035244746408151,1327.027621668659,0,5,665,0.2728086884048207,0,0.23978382698245712,0.18899191921405945,normal,0
23508.41291335323,13,1,0,698.4029547371622,1132.9692118084108,5,3,565,0.6171617649854949,0,0.1957619231678927,0.8753833359770409,account_takeover,1
2275.8143710907943,10,0,0,40.68279100145297,1285.5355313603582,3,1,535,0.06966738432669586,0,0.0066528769692479,0.052445565843598795,normal,0
3420.065373027184,19,0,1,7.468973931891321,3912.9994478513536,2,13,1712,0.19924143210257,0,0.2670426134626858,0.04334547057400795,normal,0
4774.85003356774,6,0,0,5.032219715598124,1813.055326045274,1,2,338,0.030570135242088025,0,0.0001581255139105342,0.08442124669615983,normal,0
1560.0884539296344,0,0,0,44.00181841291309,1262.4418284700919,2,6,2096,0.1826666656221538,0,0.21912242534511414,0.28173383897876414,normal,0
745.2658268374145,19,0,0,47.028917697013156,2939.5227954818956,2,2,2781,0.004235590045748394,0,0.13426474590691262,0.2894469899068164,normal,0
3278.330888167196,16,0,0,44.441472110897436,1592.92759506424,0,10,2219,0.026713307947336704,0,0.1477839678289722,0.26778473981546375,normal,0
6691.222839506957,20,0,0,318.2946357776387,3351.5361582839637,2,13,873,0.5977770537400303,0,0.0835588408309681,0.44892609971481195,behaviour_anomaly,1
2110.9444522493413,21,0,0,45.815743724059324,1628.1787459504135,0,9,1905,0.039500690483988965,0,0.1888466847969704,0.11131755810322477,normal,0
4388.154731243645,17,0,1,12.354394240160577,1567.331794401396,1,2,1043,0.13368803074606309,0,0.2572680295011895,0.11923346569047735,normal,0
19873.138898407717,21,1,1,25.034015164354216,1725.7382576315297,0,12,80,0.7449598272228815,0,0.21888591629055248,0.45302832481697775,deepfake_identity,1
4842.514170740649,21,0,0,32.17677391428654,3849.57563429805,2,9,42,0.15860799730542977,0,0.1528120855222633,0.10457318523512144,normal,0
1776.3273422316108,7,0,0,15.788377961258526,3609.4067019322283,0,11,479,0.04538813870861717,0,0.24170776982141007,0.2085007891879605,normal,0
4583.941335194511,17,1,1,44.228487278827075,2481.2221230528876,0,13,1904,0.002744560717811173,0,0.15108001027597395,0.12082670842082266,normal,0
1073.2949079231587,4,0,1,15.437649315643837,2481.033103458758,1,4,217,0.12831570820733804,0,0.19230068711293352,0.16030486504765576,normal,0
1907.6259619701775,1,0,0,395.7915481654,1294.8203299316992,5,38,950,0.3291033043552771,0,0.17291195332896342,0.58918535960652,velocity_attack,1
2711.8414495060856,21,0,0,38.70651905309253,2239.6954519757383,2,4,2175,0.20415287013910044,0,0.19831324502579784,0.2198560544677818,normal,0
37785.40716776366,18,0,1,245.20513641986338,3189.295901641351,0,6,1988,0.11852436324231214,0,0.36729188256098105,0.3775729429410801,social_engineering,1
1327.292704083245,15,0,0,44.35302808636039,3304.677103293029,3,11,2382,0.29042966812154675,0,0.2838205372200927,0.00949430773854476,normal,0
312.7214109886139,14,1,0,9.30450307970302,1345.9766953540664,0,3,2193,0.06835892250178238,0,0.18459565928593855,0.13412039962650865,normal,0
225.87925986010003,12,0,0,15.482965418663664,2398.8523416596404,3,6,37,0.29996716938941775,0,0.2946636102685523,0.08042091404456947,normal,0
140.76771691324086,4,0,0,11.56508434737974,2801.0785299044887,2,8,1605,0.12775696554297766,0,0.23663352742604873,0.25839904000135105,normal,0
3247.8544632109465,22,0,0,42.61544149441451,1000.9218006113765,1,4,39,0.22526874650884987,0,0.19409555981341137,0.04072184055938605,normal,0
1411.2041159670603,11,0,0,41.76972890564266,3150.842426724784,2,9,1470,0.1457052977608597,0,0.1649517939922486,0.24347370262276913,normal,0
2911.942663417772,10,0,0,35.773013333737374,2407.2793214163394,1,14,1907,0.08424148209795071,0,0.020080442466462557,0.19460923778281658,normal,0
3396.546610621087,6,0,0,31.451516567562365,1691.3240529374395,3,13,792,0.29750632129683763,0,0.2875874885303375,0.18885629253611727,normal,0
1274.703267352482,22,1,0,126.86558719503333,697.6742807227932,11,28,2001,0.26311879885224604,0,0.15847513113763034,0.34177643662106977,velocity_attack,1
20639.32181651858,18,0,0,257.6143941059468,3254.965188361891,1,6,1560,0.10005840274282113,0,0.6950929320259618,0.6906073740989578,social_engineering,1
2206.662279211726,0,0,0,49.86786743323554,3505.960018842681,1,9,2554,0.2742576232208649,0,0.2763147529224838,0.15279611279956154,normal,0
2691.791956733339,3,0,0,20.05825801635135,3705.53116243945,0,14,59,0.18791297889765426,0,0.22920221762836476,0.02945346603035115,normal,0
3598.7599578875966,10,0,0,33.66781151919355,2133.3548666819242,0,13,1664,0.041342000936080134,0,0.18211905102327927,0.20873389586161992,normal,0
754.1018358603372,18,1,1,385.053649833255,2289.6080198431264,8,26,2258,0.4905949771932365,0,0.08641672239851146,0.5984197338024742,velocity_attack,1
3411.5323330099604,9,0,0,23.974113890584892,741.6124077754498,3,9,426,0.1280171773804092,0,0.1496235067534308,0.10541579153480628,normal,0
1154.4891728844639,4,0,0,43.21693412694847,1585.6987386495991,0,9,1667,0.01835080481653466,0,0.06492381675976865,0.08661531689016773,normal,0
582.2785265967068,0,0,0,13.875939527392035,3894.227229091153,1,14,999,0.16766138806809727,0,0.23501373909245135,0.2508582651462003,normal,0
4471.214975807148,11,0,0,24.949707722599996,3567.712493808312,1,4,2654,0.17559337918506876,0,0.11632653260517828,0.07850564370803079,normal,0
4870.095948969245,19,0,0,5.712281539598873,3271.1626330513445,3,5,645,0.24898698652386694,0,0.07358545776287226,0.18690699287280893,normal,0
1557.9874114622207,17,0,0,32.65279539975335,1888.5169079277478,0,4,1863,0.0012238820548214012,0,0.25476831430159813,0.09421713053508766,normal,0
1801.9822986683291,3,0,1,6.605570068183347,1828.7755033733797,0,3,393,0.1854916489089274,0,0.14355151112968423,0.09667285346754383,normal,0
3821.0514858480224,8,0,0,29.968780503351166,2307.9627968173463,3,3,2320,0.24113063498922144,0,0.00025746714832807215,0.16947155415254045,normal,0
40637.72480270438,18,1,1,695.4134942087946,657.4598283124723,3,8,1194,0.5634126138839906,0,0.24113769370565785,0.8482619401173945,account_takeover,1
2767.9965800081627,13,0,1,11.736879060654765,1733.4115437033142,1,2,930,0.14250270077168892,0,0.015210183512705821,0.10926316521234358,normal,0
2156.0403058961706,1,0,0,6.026250111316179,3050.76216536454,0,10,2007,0.22740848018862558,0,0.03836057314905409,0.058475577126083776,normal,0
3966.9390691759577,11,1,0,43.25954065749723,3347.091000524579,0,12,442,0.10873483920417999,1,0.26573171737408385,0.17083236645246172,normal,0
57528.94003655748,22,1,1,210.59318120562912,3377.7904914771543,2,8,1207,0.4592337058598594,0,0.18444803588309217,0.6666089384661453,account_takeover,1
4066.6287661519027,20,0,0,48.32322186808679,2063.627109417693,2,9,1467,0.14934142415355145,0,0.11195636806517363,0.22442615696153154,normal,0
2957.6349409577783,21,0,0,2.5737842033568272,2294.8430392388004,2,4,62,0.04527886218387582,0,0.19465831533233613,0.08847855381416422,normal,0
689.7815234289317,5,0,1,42.123939752844954,1649.3279807731763,3,3,414,0.002580545529814604,0,0.039575324226480635,0.29801769084496765,normal,0
4155.009956142831,9,0,0,22.72717012637704,1742.5520869063382,2,14,181,0.2411448238908885,0,0.2963281872749651,0.19595291005065382,normal,0
3715.6364256895704,22,0,0,5.48059039993386,729.1256970243949,0,4,1285,0.02318791155422546,0,0.12712188611136027,0.2663621465640735,normal,0
4339.949218653671,13,0,0,17.2742495632769,2643.926432195817,2,6,638,0.025215069679140677,0,0.01685929628619125,0.18410815119777596,normal,0
23228.145642747677,14,1,0,481.09144200332855,3005.4806940327508,3,18,134,0.44947610007057515,0,0.35884852731905825,0.6120956933856303,deepfake_identity,1
2951.659869380554,23,0,0,49.111987792675365,1050.9548954900677,1,14,2548,0.0604540390567005,0,0.08123213883637549,0.00994086192482988,normal,0
3067.6256576847163,10,1,0,26.714087261415877,1106.806041892193,1,14,2964,0.12680244628848283,0,0.0393534436559835,0.29108990881567354,normal,0
16035.992548375893,2,0,1,190.9562247125509,1714.9057601789473,1,3,35,0.5001393118649973,1,0.4674374841279518,0.7601533508557674,deepfake_identity,1
7978.926610630258,15,0,1,345.2418019885225,2651.201345710819,0,9,211,0.7135879352569765,0,0.08670305239537034,0.6079447332006289,deepfake_identity,1
4642.469269501903,1,0,0,5.747635865873652,1721.6421435843588,1,9,1982,0.2277413240407772,0,0.10975368124448558,0.14987336352833722,normal,0
1860.2435100588518,1,0,0,48.221836658750085,2291.9746256810276,0,5,722,0.2884707814649056,0,0.2775791818007369,0.2845988037257944,normal,0
54907.72023866821,21,0,1,497.2935839298207,2056.6895718113565,2,8,1319,0.842479476059087,0,0.17769165644355878,0.5262631359853047,account_takeover,1
4858.185401310302,13,0,1,7.5620125020184,3694.944056345495,2,3,2631,0.202447372746222,0,0.22646691349388035,0.004119177472287538,normal,0
1171.6980556420422,15,0,0,18.013715006193355,2754.781093288644,1,13,2446,0.293371012344323,1,0.044411041050475795,0.0025906176484035703,normal,0
798.5271196622664,20,0,0,25.383010393807492,1363.7852075620108,3,8,2697,0.0781851083906412,0,0.15751492529642883,0.21703410204337498,normal,0
8918.076710688281,12,0,1,31.063474536821232,1128.3077763068145,4,1,2177,0.7654560896646421,0,0.39250387299474554,0.8593940887395273,account_takeover,1
3158.3296484607567,7,0,0,34.21196133012903,2192.818715954695,2,10,862,0.013019383825328213,0,0.11504752322713781,0.09250897316503348,normal,0
2444.606243525227,8,0,0,27.077627368808066,2446.2879230723715,0,2,617,0.014468780098471844,0,0.21918125353197013,0.09099727334263565,normal,0
1592.9277815803998,4,0,1,43.192459148527746,2933.8641282339004,1,5,1273,0.23488443682036508,0,0.11416568100152315,0.031952478807846664,normal,0
194.04215643297778,19,1,0,30.732283976558517,3727.033671714219,1,1,1661,0.236366721232702,1,0.004767034736615738,0.27874505467367156,normal,0
1589.4560875472732,22,1,1,468.02409884977556,1084.2577804158743,2,5,297,0.6631712269910515,0,0.19349968897131709,0.7435930323896089,synthetic_identity,1
2303.9447792244805,10,0,1,16.6451402322253,3755.17032274535,3,9,570,0.15961567811496155,0,0.011099439124713428,0.2652117675711497,normal,0
2306.817587665107,20,0,0,45.06017872821773,758.592251468574,3,11,1532,0.25232971794116654,0,0.18714732039550494,0.20445343722387518,normal,0
7028.728510086728,17,0,0,64.1714096412771,2866.0480908115064,2,11,2513,0.5418269767692827,0,0.44916841776859556,0.46458855344212424,behaviour_anomaly,1
800.6592420588956,1,0,0,43.29430453648667,3073.3676708902362,2,2,2811,0.08853909534990494,0,0.26690232941828723,0.0471150535153753,normal,0
953.1357431370133,10,0,0,48.99004975661722,1261.542998537846,1,11,737,0.2881205456582456,0,0.1820552559567458,0.1708195132321972,normal,0
2778.8088421534376,21,0,0,6.740450100069073,3064.9163511730103,2,7,2080,0.29524582959520485,0,0.27313275675851617,0.23352967270835362,normal,0
3106.8257246479807,4,0,0,14.482300519036245,1904.1718212402413,1,13,2378,0.2264825908843031,0,0.0240576867119068,0.2581278876918336,normal,0
1479.9186063175955,16,0,0,22.93620269152897,3308.9561510835492,3,5,250,0.061554618762689695,0,0.1113602709162242,0.04720266488359356,normal,0
1802.8420970373977,20,0,0,13.410756138025464,1711.4415339815378,0,7,2883,0.15228761862765489,0,0.032405454525213394,0.1575921416724232,normal,0
2629.104320743231,0,0,0,459.7543597427691,801.7856014766874,0,8,2366,0.097490727765287,0,0.04373997640387689,0.6715638768639131,behaviour_anomaly,1
573.01890395766,4,0,0,28.07745364014392,3904.4217475671526,1,5,1062,0.212176231520334,0,0.10868219738173529,0.0746139892197977,normal,0
575.1317877305812,23,0,0,38.791467585736804,983.8038745949232,1,5,1894,0.10599483624852443,0,0.1371350841591238,0.2349213824366263,normal,0
8537.256036861421,10,1,1,106.83788999772439,1810.8181436352543,5,8,2891,0.6207411145499471,0,0.20135096796075536,0.42751813309120923,account_takeover,1
7756.975069050355,8,0,0,336.77539066261653,1590.7724563427746,0,16,165,0.790865354177055,0,0.1932515789170503,0.2997882490848217,synthetic_identity,1
1969.9208456347615,4,0,1,5.725439295612911,1785.1003891433083,2,1,2429,0.2925869310647321,0,0.22388132023630763,0.026045313842375416,normal,0
3144.5200583629658,16,0,0,32.37683341355965,2490.70052156617,3,7,2978,0.10839312467372275,0,0.2676627277709393,0.28806901769121457,normal,0
13005.310292393811,5,0,1,287.50224748343896,1367.8396045823124,2,9,342,0.814572495992767,0,0.050073205883199745,0.7141887954329011,synthetic_identity,1
2041.9318649412808,22,0,0,14.624172155246312,1268.9707811857688,2,11,444,0.1782216462976736,0,0.18414775655444174,0.048719145031912534,normal,0
3319.0802657089835,5,0,0,7.303519197917691,2623.9086496398586,3,10,2978,0.08546200147892444,0,0.18853316103988196,0.14885090984312382,normal,0
1320.1428069345407,12,0,0,1.1110720380191341,2481.0949569798477,1,13,87,0.11878666536727209,0,0.21848660604012934,0.18222419279321753,normal,0
160.77977775884247,7,0,0,30.344434087360376,1758.4595027345686,2,7,1209,0.25871457554655475,0,0.04494385978193555,0.1021508616007779,normal,0
2041.5858926230278,3,0,0,17.537044944140533,3073.063928213644,1,5,385,0.09739988372173168,0,0.017382116584831752,0.10418282082421546,normal,0
5346.267372485224,20,0,1,211.21991950274466,3538.1424102659266,2,12,2507,0.8444738709612107,0,0.18832874153501894,0.7671094801995267,account_takeover,1
368.3320302279535,15,0,1,12.433374308641964,706.8888852967552,0,6,1954,0.09986983703940071,0,0.17945892423939733,0.007363362779528626,normal,0
4499.882937874311,4,0,1,39.6415376050212,3789.7246318462153,2,10,2718,0.25043746140496265,0,0.27320643018032303,0.2744389756400741,normal,0
4024.5997355530085,19,0,0,8.731610174800968,2999.060587837366,2,3,1271,0.01503283171232027,0,0.08023966375039888,0.05781645665990945,normal,0
762.3148168586315,4,0,0,42.46668773072886,1382.8821781752072,0,14,970,0.0007526324526890171,0,0.06970567351175629,0.14301342409138287,normal,0
2955.3008017889397,4,0,0,3.4248537381339483,3189.085144329231,3,8,2917,0.28280724796411616,0,0.23613798400067554,0.011145945310375882,normal,0
2642.0740465424938,9,0,0,39.70295657863676,3441.1782846050473,0,1,169,0.09552986922508164,0,0.2800582510125701,0.16479149446946997,normal,0
1448.9122459141147,13,0,0,0.29031304546213166,2581.7164347323614,0,13,705,0.2233329468531433,0,0.17512327681264775,0.02851143005998855,normal,0
4208.609985830822,22,1,0,43.07640651490192,1480.7196239262425,3,10,1608,0.03484055642987697,0,0.19812059964297346,0.21063212786870644,normal,0
12905.670571678073,17,1,0,23.227855214982828,2612.0019469064146,1,6,314,0.6382424894746546,1,0.3907369119403099,0.6554495851309696,synthetic_identity,1
4818.660818909074,17,0,0,38.06329180492267,2949.903294557339,1,6,2429,0.24249912356378467,0,0.18862731844786204,0.2174435395784931,normal,0
2300.289962857617,13,0,0,40.052638738641434,1902.6017774904592,0,1,183,0.11629881699162195,0,0.05269500605730931,0.14984884610246896,normal,0
587.2628245207914,4,0,0,43.52712315529398,1176.5754757438026,1,14,2632,0.20739694817027912,0,0.2000613195619624,0.12287147405920622,normal,0
1160.0306103910525,15,0,0,34.5851708937673,1726.5012936209675,0,13,1233,0.25962663723242274,0,0.23331310706608105,0.24334213273715036,normal,0
1767.8968108470779,17,0,0,39.748681758798135,856.6500871207379,0,14,567,0.10702355955669403,0,0.2148832440701124,0.25816535313790706,normal,0
1864.6256748363091,5,1,0,479.10709884891384,1355.7510628967066,5,28,514,0.3754645593861333,1,0.12843411948583228,0.7516255852873694,velocity_attack,1
3585.2040829264747,5,0,0,583.8673732064286,700.5950804439967,1,2,73,0.6941694668761486,0,0.11192417563972992,0.6529320881909422,deepfake_identity,1
2055.1132489636384,9,0,0,6.48182510737132,636.3954752976257,1,11,2365,0.06638318603293515,0,0.07454687605487943,0.04379262980053691,normal,0
1199.7588019996372,15,1,0,2.9869202865630493,3520.2221859888205,0,11,1521,0.06506210856713836,0,0.06846364718631065,0.021199426215060966,normal,0
2487.600235090249,14,0,0,12.07797536082007,1325.985985432413,2,5,1222,0.27728035813114077,0,0.2317702015873,0.2582027578049614,normal,0
447.9375562129518,4,0,0,8.27806351544005,1807.4568421131007,0,14,798,0.24250884578201082,0,0.23712049563322973,0.15676326571909313,normal,0
1527.669256904948,23,0,0,2.4181232797630905,3054.766451547381,1,10,254,0.08877602703017891,0,0.1492767794944914,0.2666342400712357,normal,0
1226.9693944198784,17,0,0,24.14457279971384,2778.7960007443407,1,2,815,0.07957434374049611,0,0.1861581943399239,0.10982975002960757,normal,0
156.9406455496931,9,0,0,28.472100951062174,2150.486121776542,0,3,58,0.00268157327041445,0,0.012889765760863191,0.05695195922623797,normal,0
4017.1378069479983,20,0,0,6.688563367839462,705.2424528925716,1,6,772,0.23565541401896908,0,0.05832126573541488,0.15499263405952624,normal,0
4858.6394461046,21,1,0,19.46619608632605,1261.6405488904866,2,1,2047,0.1610345125992737,0,0.24894479420074614,0.1284843823921463,normal,0
2129.2357873917426,9,0,0,0.7860005151724914,3547.673863927525,3,1,2339,0.25627704079632463,0,0.07093090360080702,0.1398945657654564,normal,0
1157.1293279646252,0,0,0,45.28416828854126,618.5566293373807,0,8,1240,0.02589146503833306,0,0.011942966286971767,0.2755984361717905,normal,0
898.3786926990055,16,0,0,22.3174832191313,3704.578135561878,2,11,1953,0.1844260773523617,0,0.028451935015170824,0.021241372778577072,normal,0
1176.2111501133882,18,0,0,6.634529083888135,2287.591996312128,3,3,1981,0.27033585985422914,0,0.11120077716225359,0.2868716834129206,normal,0
3930.9369303901844,20,0,0,30.138132608608558,2104.9028258955104,3,9,514,0.03757869880645961,0,0.01063102973317176,0.06728270640701162,normal,0
2817.9664214629993,16,0,0,20.477832069782576,648.594025038773,3,1,2322,0.14781580042488177,0,0.18680410663137637,0.1748453596806915,normal,0
2298.5987508504004,8,0,1,14.54518600844632,1770.6928005966863,1,11,232,0.16265544318708045,0,0.046059229715931224,0.28046668601607344,normal,0
629.4183409443948,19,0,0,21.282316648615947,517.4313425694032,2,8,2719,0.2367579410319993,0,0.06913993422089701,0.1335295120287762,normal,0
4921.490475003158,6,0,0,13.621530146277072,3281.0479935721905,3,8,2978,0.16983418575340936,0,0.24088059093114245,0.08171553069079143,normal,0
1772.4613651552554,18,0,1,21.38627576771596,1555.0216402605506,3,5,1353,0.07807756211894247,0,0.11737529448880094,0.2151439102214566,normal,0
2708.230192162127,13,0,1,18.581690628637393,2942.7631004465948,2,11,2773,0.15601582246116405,0,0.286610294812885,0.2201355874993955,normal,0
14568.081530744503,16,0,0,11.751062074380647,3534.5340421859596,1,1,757,0.15213360433348344,1,0.0413790724654991,0.40689383869393214,behaviour_anomaly,1
5135.199769033477,20,0,0,297.3570720459388,1679.588744854923,2,8,1421,0.5945470493543911,0,0.14828803302152455,0.5270362991493119,behaviour_anomaly,1
4703.544813664526,11,0,0,18.728980346749264,3519.0942964229375,2,1,1653,0.2584605087576393,0,0.22230858711353896,0.20774533688485725,normal,0
3305.250411436581,10,0,0,31.978877992425907,3975.121452312484,2,7,2652,0.2167817380997333,0,0.25412694587927415,0.011254574077708756,normal,0
303.73690324830943,8,0,0,5.8253390911370495,516.0458597084634,3,2,2555,0.11973318041692785,0,0.1054229999952386,0.17881595409623513,normal,0
3668.260108198112,18,0,1,49.07772188615188,2013.028770135004,0,4,1869,0.290181486703253,0,0.14112647580799828,0.04160290144653058,normal,0
4038.6439633690284,1,0,0,47.772245519521015,958.2429582320087,3,14,2257,0.16943453847992176,0,0.19045392280952528,0.04284567716091485,normal,0
1330.7294109871664,4,0,0,21.188587338976088,3218.9480022656885,0,12,249,0.02066742021575496,0,0.19134037873828927,0.2962633762476418,normal,0
3616.2290517250635,18,0,0,34.20693941865285,2849.9670255868696,3,3,1025,0.24079223423323787,0,0.27577271458247743,0.2686032401353031,normal,0
2234.3582425833715,23,0,0,46.82847124516698,2057.8384040539063,3,5,1890,0.20593928831591404,0,0.20030294778644606,0.10553730722498636,normal,0
3933.68887188554,21,0,0,42.912334922824584,778.1080861033196,3,11,1415,0.22588696977921496,0,0.2252945679121036,0.17510870587221888,normal,0
8201.529589375918,2,1,1,488.7029364015927,3047.532147850989,3,5,426,0.5733771198039339,0,0.35865502500999735,0.7028265017907285,synthetic_identity,1
14678.934572720535,17,0,1,422.8052458225663,3843.0421583001134,0,8,1162,0.25199252121485444,0,0.29070456232753017,0.635684973107387,behaviour_anomaly,1
11140.001575602206,19,0,0,374.54483556610575,3620.5612074059463,1,5,1259,0.1858546223466726,0,0.26573581195341694,0.468479251134284,behaviour_anomaly,1
4926.449315090288,12,0,0,20.681420905492704,2621.6776865701518,0,14,1222,0.1319348515472113,0,0.23012544984047478,0.2337401073997618,normal,0
4652.809114337268,5,0,0,27.839884885620403,1158.8422944584336,0,8,1198,0.0968620650531139,0,0.1346265970883546,0.0029187466519963955,normal,0
12381.025729942154,22,1,0,621.6899337402123,905.4578225497005,5,11,334,0.4051443121480258,0,0.10639958846510128,0.3174169768994802,deepfake_identity,1
1064.935951821799,10,0,0,24.014440989527014,718.1672435545428,3,13,1450,0.03419197564110275,0,0.15681286162513372,0.04716999331044962,normal,0
456.5387311845483,12,0,0,6.186404409356927,3458.972937012782,1,10,1296,0.1917512465751462,0,0.057095718919413736,0.2920086158052562,normal,0
17649.225726785564,2,1,0,371.8569045498467,2266.052433387711,2,16,158,0.5012305762096848,0,0.22358016968603756,0.32295217634250883,deepfake_identity,1
3519.3806489753333,23,0,0,29.302440420621352,1950.4947472349168,1,10,485,0.2981651083731362,0,0.06146949205496459,0.23057507540500777,normal,0
2198.1781131355124,19,0,1,45.03422741438058,3235.3470663535436,3,1,1137,0.13491154346510315,0,0.08388359781565678,0.2576361697529909,normal,0
341.18248124973184,17,0,1,15.147904059781814,778.4628408515847,3,10,2258,0.175716599222502,0,0.2782374971436681,0.19518050060338815,normal,0
3492.9371414894113,20,0,0,5.241292476124637,2058.0224848924177,2,3,2119,0.15389204184308758,0,0.28063444650060526,0.01909928558024184,normal,0
2778.7185979968276,10,0,0,45.06943077677865,1475.1098914028585,2,10,2212,0.2896777783421829,0,0.12669392764341678,0.13280504598865328,normal,0
1153.207855094708,8,0,0,28.312543393600347,3124.7501671738946,2,12,2745,0.2242495454260309,0,0.2744735334245854,0.14905845761202288,normal,0
4844.1477967821365,11,0,0,9.589977872829609,2461.0619772842438,1,1,767,0.08170450423651193,0,0.2970139621054245,0.2999306894617082,normal,0
492.8820690013269,19,1,0,15.737434972923142,1046.997271438715,2,11,1173,0.0036705068641190385,0,0.2913024905804516,0.2949225863082407,normal,0
2106.11915190339,18,0,0,40.99221758628669,2378.159742774909,0,10,2822,0.277271349726253,0,0.18831826067215232,0.2671924229182103,normal,0
10253.222605193288,20,1,1,19.32024046465508,1685.0109603139267,4,7,176,0.6691058847624991,1,0.2939387370426066,0.36534036545213067,synthetic_identity,1
1957.2983783768716,7,0,0,30.79216779344965,2816.769813980779,2,1,2799,0.14943510611184024,0,0.11047827919619786,0.21774620552775265,normal,0
45128.503057240836,16,0,0,97.60930322207568,3919.745635560848,2,17,1382,0.4438454627113932,0,0.8294212694658142,0.39675294298473485,social_engineering,1
335.8998962939319,2,0,0,22.989122092124965,2581.7809998501493,3,6,466,0.11184419157631188,0,0.08730317847456419,0.2488412048771299,normal,0
3873.77523760977,15,0,0,6.143406613870078,1105.7416461719563,1,2,1110,0.26302947224561185,0,0.1203959131345507,0.14915890649849234,normal,0
2371.1208146228046,12,0,0,10.856596396921592,2775.852279632985,1,7,890,0.09771678694994958,0,0.19222952091229337,0.24766772813777327,normal,0
509.15351182347695,20,0,0,4.01684674996824,3858.119782462419,1,12,1837,0.23299663267119147,0,0.014152147318308472,0.1622975814461041,normal,0
3672.950088992295,22,1,0,24.138394894047714,3177.639759754194,2,10,2661,0.07393354188783331,0,0.2371552433240114,0.2552683049547749,normal,0
4839.628832814458,15,0,0,36.94217546272632,807.2172636105538,1,4,185,0.2599491325935496,0,0.13921210130234335,0.10414143897638557,normal,0
3805.4467083558666,9,1,0,32.462736273150455,1219.1054837062854,3,1,1145,0.03558548231395512,0,0.15480070675171112,0.29408362171539965,normal,0
7224.645374709328,15,0,1,97.58702090355575,1366.0245656028394,2,9,310,0.48916139004564424,1,0.2622594902272246,0.35069333362388816,synthetic_identity,1
4308.202178723958,12,0,0,18.579071892585052,643.7737980144149,0,6,381,0.16645567262578223,0,0.12821476638886636,0.04270721326847848,normal,0
3047.897918717023,7,0,1,13.581631078002799,2952.028830502375,3,1,879,0.0056069356690671476,0,0.18977257258578187,0.15595458639396728,normal,0
23626.956501732882,11,0,0,558.4293481209332,513.4329773304163,2,12,16,0.885361059205469,0,0.214908210715412,0.7593141304460751,deepfake_identity,1
4007.3875058739477,4,0,0,28.47829587887506,2739.1389433779273,0,4,2124,0.018670898338140816,0,0.23622929061352205,0.03861933350642844,normal,0
2266.324469930628,8,1,0,29.58755033320771,1585.7352482114843,1,2,1533,0.13314462536461508,0,0.20047184785556982,0.07852732717393852,normal,0
1098.4556497256767,6,0,0,25.278982591481263,502.6208322520492,1,14,2828,0.16883436824581155,0,0.1707810667843245,0.13418811351895507,normal,0
4104.7590728162195,7,0,0,18.193423031115934,2774.5308684315,1,10,783,0.007642927880837036,0,0.2631723666899951,0.2659597636494727,normal,0
2114.368452743462,21,0,0,39.08050246152761,2331.905840403571,1,6,1693,0.1823681786949879,0,0.03742095943288754,0.24412984720017789,normal,0
5696.220512697713,17,0,0,51.85309049669471,615.6148332233361,2,13,2460,0.43872879961493144,0,0.4742643723601805,0.4141220599680558,social_engineering,1
4102.219385877617,9,0,0,35.01609843168043,1010.273801099635,1,9,1480,0.2485314008231167,0,0.21311254019379952,0.039699632942614735,normal,0
3621.824127482298,7,0,0,4.669498878524381,3549.2775048343824,0,6,2195,0.0869828750591802,0,0.23762468349713167,0.24797363041378773,normal,0
2016.2995295936275,18,0,0,23.18398753774539,2046.028719259253,0,5,1162,0.29821655621092497,0,0.06390330572371025,0.2755707561859897,normal,0
931.6693000269235,17,0,0,36.315668595958414,3474.579176125625,1,6,391,0.01809997654752694,0,0.06344761329735932,0.246484610860635,normal,0
2909.845651804102,12,0,0,36.91303403745205,3699.917021616132,1,11,2045,0.18084423490841314,0,0.1583566173306921,0.2106475917227009,normal,0
2815.4722123273878,7,0,0,39.52768397782735,1551.577765177432,1,11,1851,0.2554431221407379,0,0.1975875663528764,0.15100538455888188,normal,0
847.4413102798806,16,0,0,30.273243011114438,1647.9942192986389,3,9,1854,0.001792452217780971,0,0.1845708760704585,0.1746690167031231,normal,0
2081.0197615488587,9,0,1,5.6544144465414,2688.935881996527,1,12,1454,0.2626367405722921,0,0.18852758052320256,0.1004231821783791,normal,0
1223.8923074845945,12,0,0,18.24892702343734,2656.9977108260837,3,1,51,0.038710301461870565,0,0.2583835536749988,0.23287760677490732,normal,0
4687.158393387826,12,0,0,19.368241848479002,3177.0894751524716,1,11,2765,0.13358821918130873,0,0.009269769881059509,0.04752954226943538,normal,0
13466.034318196535,18,0,0,89.05631361235588,3537.812990150628,4,15,369,0.7845398615553962,0,0.26412347442405615,0.4356966692440979,deepfake_identity,1
3006.785693526183,18,0,0,20.09980686892782,3150.9499761812317,3,9,1854,0.29809930260236817,0,0.1877231246235314,0.10740511832532276,normal,0
3427.601363807999,14,0,0,34.70776865627791,887.74369058435,2,10,2504,0.09425842603467753,0,0.1784718102786643,0.05065148543259838,normal,0
2432.488833906956,1,0,1,5.83529606012338,1887.2747096100497,3,5,1973,0.04433911841257821,1,0.019500689789981884,0.23525100271683597,normal,0
24104.708404520494,23,0,1,250.92844953291277,3902.193121383046,4,1,2858,0.48247055381151593,0,0.15349855454499134,0.9360855391085176,account_takeover,1
646.4098403742544,15,0,0,5.356039254394118,1695.4948932538196,2,6,2334,0.07987760415382751,0,0.22715590832722066,0.16101545951631124,normal,0
1975.6420919748987,22,0,0,14.789327124675989,3155.0608674631326,2,10,2312,0.07370079853627282,0,0.06382639773574124,0.21941100337220293,normal,0
1220.516220057683,8,0,0,43.209418127741785,3283.157912836931,0,14,2820,0.2321846006792799,0,0.07416175636098064,0.12733851612436112,normal,0
2334.742922663476,16,0,0,31.78694160133667,925.3937426346793,2,7,1410,0.10611297999570736,0,0.2556026680716731,0.07491923533483648,normal,0
4956.726268071185,21,0,0,18.18807774908679,2872.227125870839,2,9,2597,0.10919464196931976,0,0.21665030510181763,0.21846451782318935,normal,0
430.7624787507275,4,0,0,14.08320510557709,3077.5821879693217,2,5,1017,0.2527696732505711,0,0.29520397053673936,0.1433054130975434,normal,0
27569.611781412128,7,1,1,95.0685900102972,1982.7589799932691,4,14,1710,0.3843243363714575,0,0.8216799709766915,0.5506094147159347,social_engineering,1
4655.518496478608,22,0,0,34.69695639914087,971.775802338821,3,4,2194,0.296983286343276,0,0.1097574258757644,0.008985632209099282,normal,0
4383.690370957362,1,0,0,37.65867358748125,1590.67979889239,3,1,2836,0.1550889307450614,0,0.28081643112465415,0.20337412807229088,normal,0
13392.025972142073,7,1,1,536.3302013306886,1450.2089142678747,1,8,861,0.4716381615538559,0,0.3460508001471649,0.8032724055994793,account_takeover,1
533.6132600544056,12,0,0,42.725254615910025,3645.579716642728,3,7,331,0.28766349573553734,0,0.22738326063181954,0.05223291073961811,normal,0
4092.64305735791,15,1,0,1.9883185114808188,1447.2680462630728,2,8,1244,0.2240045656955206,0,0.2687569387805994,0.1782943812934112,normal,0
3092.038207964,8,0,0,12.810846608279503,3989.7072006902945,3,3,1083,0.13858975663512577,0,0.2867749216782195,0.23194333539380246,normal,0
4713.223763779721,17,0,0,25.79695032328421,2203.509572384143,1,11,2944,0.04596945537179483,0,0.08342708915449654,0.16957976111811407,normal,0
1443.654491508483,12,0,0,33.29027302303863,2746.8572419007096,0,4,527,0.10774595739103233,0,0.10226896052487239,0.18355389257954102,normal,0
1482.7166659966806,0,0,0,8.932682541299819,3076.8448542393485,1,4,1579,0.006645789824669901,1,0.042723425933720936,0.19354486702446858,normal,0
4011.646376937198,2,0,0,24.29848237319045,1928.3224770664453,3,9,1483,0.06412335258324604,0,0.24508227703849517,0.1977945492333858,normal,0
821.0999303652321,12,0,1,17.844377332036004,3625.6475409571053,1,13,1461,0.14342157133435676,0,0.2824805818141894,0.03125539442590792,normal,0
1076.424648687324,14,0,0,44.323217409193106,2315.9675629063468,2,13,630,0.16331099537021462,0,0.09128315483388613,0.09977473395346949,normal,0
3765.5585792047073,0,0,0,21.819293748394024,1169.388690058702,3,14,2155,0.2546009533003158,1,0.22814799454310516,0.11804886683971358,normal,0
937.3491782113225,12,0,0,33.15144402218304,964.8913655477536,2,7,2629,0.030942018868548325,0,0.04323618355194329,0.21981829362650873,normal,0
1914.137709854426,1,0,0,48.06623590581084,932.2964201038578,1,2,704,0.03859055156969982,0,0.0661159317047701,0.07200045697966634,normal,0
1853.2751217444059,20,1,0,26.781514265241224,813.3747825520778,0,8,1515,0.29609318150270975,0,0.10512165411308455,0.23586028739876203,normal,0
703.9125448495021,6,0,0,45.603174704188184,1402.1595201434861,0,5,442,0.07424562444212325,0,0.02886718122339029,0.1994870297035432,normal,0
2526.217982368474,2,0,1,9.56627513452284,545.3661850523865,2,4,2607,0.011926071970212181,0,0.05603785413521153,0.1849505945995811,normal,0
3516.1020914761043,12,0,0,26.263598570723286,3512.912082247165,2,9,299,0.11471550248938592,0,0.16043952998193367,0.2970845565354559,normal,0
1586.5891637827526,11,0,0,9.352358243377473,2361.733961841649,0,3,1339,0.20129837340250653,0,0.10489370772603326,0.1869228655496654,normal,0
890.6777251713801,22,0,0,12.397257187704058,1581.6152017690056,2,3,2286,0.2316379065162107,0,0.012794074448836379,0.21629718507705273,normal,0
1768.0166249598724,0,0,0,41.750633578764166,1641.1839260069985,3,10,742,0.12670605272066487,0,0.237510678483987,0.15283935906228707,normal,0
435.35947528886805,20,0,0,28.425720669544457,1427.6368132308298,2,10,2192,0.22252020852029852,0,0.2594069962443619,0.1508794703862452,normal,0
1795.0814634801184,23,0,0,47.276739298703625,3759.022268613369,3,5,1190,0.0749560101765268,0,0.09874528942464363,0.12618404750792897,normal,0
33713.55945159889,1,0,0,84.06869316621935,2069.245095378208,4,15,1829,0.3941587283159706,0,0.4987559481197403,0.5428777800369867,social_engineering,1
1371.924601447741,23,0,0,38.30681480070763,639.0242064811914,1,9,983,0.014113099358600677,0,0.17526356665546988,0.24549529212502527,normal,0
109.7614625734443,17,0,0,8.90642539316281,1639.4728372224909,1,7,553,0.21728143819800108,0,0.1670870974265658,0.1803044600876498,normal,0
1662.4474097735804,19,0,0,13.509722974849709,2104.4438306941042,2,1,2564,0.008558552678933596,0,0.15941869291400038,0.07041973474268443,normal,0
4370.156891919817,18,0,0,48.24299593842851,597.775315600842,3,9,2069,0.03761121167637605,0,0.11723682720207738,0.25388504364154807,normal,0
968.0522637908653,10,0,0,3.80246850957639,2021.2555375874394,0,11,160,0.029622101559886482,0,0.03174319737851295,0.04340789399274226,normal,0
17727.62953043711,6,1,1,267.0253880180031,1956.5232059964462,1,1,443,0.4733627059908057,0,0.11859396903079764,0.5037210829400166,deepfake_identity,1
51347.225200776265,9,1,0,92.9135784573131,3274.9924305019163,0,6,1616,0.25133439625485376,1,0.18232622202273363,0.5128416881730393,account_takeover,1
1031.5274839402655,22,0,1,35.79372084658543,1445.5447373094385,2,8,2563,0.032723008380024884,0,0.015358090263097656,0.25111033342016453,normal,0
2726.0818863753793,0,0,0,23.556394249847724,996.6875890527067,3,13,986,0.10674646930533417,0,0.0057986649325658555,0.26060403993971315,normal,0
3567.8346163108845,10,0,0,22.56949494169987,2644.8099689093046,3,4,1782,0.21957790725209808,0,0.02462640471917067,0.1877949020272594,normal,0
4267.815187274068,3,0,0,12.094232399139376,2724.6780772920065,1,14,943,0.08268840568563036,0,0.0083429927786274,0.2711639677255055,normal,0
35892.05492763609,22,0,1,1034.3290018479354,3362.8247059089917,0,2,1381,0.37374314863929803,0,0.023517457070962366,0.40813886292284024,account_takeover,1
17920.51312711972,5,1,0,160.61543549469778,1785.5034921786553,1,15,159,0.7593664006253729,0,0.36732313842060244,0.8399357849819318,account_takeover,1
3154.160821455034,9,0,0,36.32799540947625,2958.6722456112325,3,13,2816,0.22687881329628384,0,0.2223099306622084,0.06900278381575767,normal,0
1438.0469688667808,5,0,0,30.82169615032609,3498.850529968488,1,12,2442,0.2304231090750717,0,0.009843765883525868,0.1175468985518899,normal,0
385.0025979768314,23,0,0,3.7564220821909244,1199.1298913653254,2,14,2122,0.10401021501773867,0,0.10334835772596597,0.047675071385971775,normal,0
2462.447284707225,9,0,0,35.26545302610333,2603.253602112986,3,13,2991,0.1860462338991462,0,0.08032069645199486,0.07823307523627414,normal,0
1900.2145706156452,3,0,0,48.09552924301303,3317.4365047994006,3,6,1460,0.02691579576192249,0,0.2449489103728699,0.19859735918760665,normal,0
2036.7706456126732,10,0,0,9.843357550540361,3962.412449012624,0,1,1072,0.0020927805855180392,0,0.29713832417970715,0.192786210156717,normal,0
2256.9750899819037,8,0,0,11.204129578900163,1879.594826848781,1,3,2694,0.05354991451972894,0,0.0442506585235698,0.18526149997786726,normal,0
13856.341503616073,17,0,1,189.84718089182462,708.4016548784699,4,14,1244,0.41387224355772034,0,0.3726363604861697,0.7028389263808054,behaviour_anomaly,1
4642.842081406294,5,0,0,7.17396348728041,3437.1709189976355,3,6,2396,0.14306388448680582,0,0.2617251859175338,0.022044466675506167,normal,0
4149.0699736559145,14,0,0,47.719291596563586,885.1569508453294,3,11,1954,0.17782134185131684,0,0.10588969308569415,0.12656768031635457,normal,0
4412.387529051145,1,0,0,41.914977660142036,3149.7036749310246,2,3,1655,0.06384674569564547,0,0.24094030703979688,0.05720572063120996,normal,0
3026.830653820488,11,0,0,19.856151280255958,3937.707522276769,0,12,2400,0.24066717960214318,0,0.1793549042048019,0.2934756639551172,normal,0
1023.8489681713305,13,0,0,28.819392510234938,3732.9355788105677,0,7,2764,0.024364765199847625,0,0.2883344098133222,0.018418107113652136,normal,0
13032.62899666749,0,1,0,376.0403269185427,3534.8391850758017,3,1,359,0.08422012120239267,0,0.27343285695435005,0.6854718331151759,behaviour_anomaly,1
10770.424330090274,23,0,1,227.33592895474095,1924.7143057668484,2,12,565,0.7490274935905651,0,0.22147152489290434,0.5709624344077654,deepfake_identity,1
1281.7095501080335,17,0,0,37.14018728276493,1150.709595703077,2,9,2287,0.18540296004175877,0,0.055097868415930604,0.06110268474716141,normal,0
539.82155274477,1,0,0,4.042601651980915,3743.6920640193957,1,10,1589,0.20741900535089303,0,0.10122625201268694,0.05300302246015721,normal,0
849.009782003227,14,0,0,32.198379962676114,541.1329085929459,1,11,2497,0.1816055959678589,0,0.1422302787236436,0.12585027160789367,normal,0
643.8483991460572,23,0,0,26.430391134596448,1425.2749964003906,0,5,1166,0.14942320343193408,0,0.03980376351555358,0.05780249045701264,normal,0
4336.983339301634,0,0,1,294.79072966544186,2197.298824178522,0,4,2302,0.08440685357770711,0,0.38596001330250074,0.42393903041928643,behaviour_anomaly,1
37762.78175539755,20,1,0,130.307559987624,3338.8897887393923,2,4,2454,0.28674955172869615,0,0.7385754689717284,0.763060816053837,social_engineering,1
2882.9316297078844,20,0,0,20.74792511012598,612.3749288979395,1,9,2750,0.03375803709383966,0,0.002715492526758911,0.1920671767616917,normal,0
241.03511393536095,3,0,0,5.81701116220531,1634.2851070915256,3,5,830,0.22098638681401842,0,0.14978668467346498,0.005732071934624205,normal,0
2945.161606957207,16,0,0,45.73658673894026,1920.132433839814,2,6,1121,0.23608410846522762,0,0.14427145567794009,0.0035408020855335672,normal,0
3983.7145847247602,20,0,0,31.26962602151534,3080.7144379127662,2,7,1535,0.24678155124293255,0,0.14478374966669352,0.13663203752327827,normal,0
2284.923261246067,11,0,0,2.1862847713898903,1119.6848127750663,1,1,2822,0.2606726531704432,0,0.09504010309464352,0.2965050671056402,normal,0
3562.486362405677,3,0,0,10.529177681429964,2461.8024639095383,0,13,838,0.04358017437813836,0,0.010162244964955979,0.14138543432575948,normal,0
24291.29947306698,8,0,0,201.34922600434328,538.0803948658815,0,10,516,0.7972920075026233,0,0.24491796114800468,0.39746932599518564,deepfake_identity,1
4083.630119708858,4,0,0,30.11812715036931,2860.18587429628,3,3,1190,0.14220080436443297,1,0.26590973098092574,0.1941148229014196,normal,0
29190.80816940747,3,0,0,597.85393168407,3473.037673647067,2,17,231,0.8056595601424441,0,0.30466278874044084,0.8321628827630403,account_takeover,1
4500.026769554164,21,0,1,43.38705293358474,779.2268900513222,0,14,2642,0.22770097118105673,0,0.211635157678583,0.2307866069260075,normal,0
2540.836723385408,9,0,0,46.190563497892754,1039.7786118512238,0,1,2413,0.08429199897244988,0,0.15400189873711537,2.5296633912930132e-06,normal,0
1336.3284426414666,14,0,0,24.308223287419846,3448.458505258734,2,13,2129,0.20423769809987555,0,0.1904276550844873,0.048649563453211316,normal,0
3515.377130876813,4,1,1,12.78218357794813,2160.8148672994894,0,6,1829,0.0036700718466798673,0,0.20181875357725412,0.1665337113757606,normal,0
1114.6714651331906,21,0,0,15.606939583163577,3178.329951037136,0,1,2362,0.15287195724781236,0,0.1120651466835373,0.22232880106555133,normal,0
1849.213904396453,19,0,0,39.720050494597245,3110.418944912024,1,4,2145,0.2775869504430265,0,0.0683280922622257,0.10204417997752196,normal,0
1089.8767751722007,13,0,1,44.07729187702284,2995.7691338263176,0,7,611,0.0737858742083556,0,0.2603764477024975,0.23058660356141117,normal,0
2195.246535146353,21,1,0,9.92948082468047,2839.5385298896404,1,8,2104,0.011077610653839253,0,0.20699545341808354,0.10598476577241606,normal,0
829.551446628979,15,0,0,43.081831167715436,3815.3311633271646,0,4,105,0.12304486640177502,0,0.1363446896603642,0.0807106883413617,normal,0
425.6702963037334,8,0,0,42.084504798088254,1998.2886869402487,2,4,2955,0.021569074954381217,0,0.1841881383565218,0.12358131201653283,normal,0
1794.5486991297666,22,0,0,25.044101472490976,1747.1022491667802,1,2,1449,0.3212602838790722,0,0.6642135141422489,0.7923547806030768,social_engineering,1
1490.50193841375,22,0,0,42.93227335812419,2496.241867029309,3,1,2580,0.14477158610303273,0,0.29630350650756365,0.22785953131347625,normal,0
516.7762888972813,21,0,0,36.894993597571975,966.6100469836781,3,8,443,0.15381331844284551,0,0.14949959020264614,0.2393766648109254,normal,0
4211.8183795466875,14,0,0,0.7937210896923896,1855.8471481427619,3,10,307,0.17742254925043785,0,0.25589150417412226,0.09506111647200656,normal,0
4135.405910397913,9,0,0,15.382366230942068,3277.574523771738,2,2,2758,0.07151792822035757,0,0.06755614438483772,0.29907150717825365,normal,0
4756.163033721932,5,0,0,8.148613273966316,3292.7595177302924,2,2,805,0.1339583368755583,0,0.1608836053955616,0.08620428340638701,normal,0
3024.574196750021,15,0,0,12.618084087275982,3263.4688088733824,3,14,1015,0.25593276551772776,0,0.12572370012661413,0.019416104669037138,normal,0
3330.834218808335,16,0,0,9.577203851889971,2861.2552953003074,2,10,2351,0.20793269020743665,0,0.12253769094430211,0.21522151320872945,normal,0
2418.72854278863,11,0,0,16.647018021109567,2146.080855063462,2,13,936,0.22141526818065624,0,0.08261327154347185,0.11974976526605148,normal,0
36829.12026141299,1,1,1,958.1383376182163,3632.7154485882156,5,8,2956,0.3049780655192344,0,0.3987068970348899,0.9051382484452308,account_takeover,1
1225.0309876944464,10,0,0,47.31605888322709,1423.4504899872331,1,13,1441,0.2975661185811505,0,0.2752493993761934,0.014125249917727055,normal,0
440.0310209304986,7,1,0,28.123766772492615,773.1089116196746,0,10,1877,0.05422362991721586,0,0.02312346284561787,0.22939647353212975,normal,0
15150.41281633771,9,0,0,319.23809357883556,2272.5501961624286,0,7,324,0.7675851109475587,1,0.062168064834503566,0.39851566792256904,synthetic_identity,1
16575.93006587372,4,1,0,113.34768386222208,3106.812475908823,2,13,451,0.5719683275795855,0,0.19114694922288444,0.564643383538368,deepfake_identity,1
4368.901963088955,11,0,0,8.931070351480097,601.7066466708685,2,10,1178,0.05507732109133263,0,0.13952065202146446,0.02626406587815483,normal,0
1740.4663052643277,7,0,0,36.47570992179361,2749.4788235491783,0,12,915,0.266720048916849,0,0.128340697462178,0.19744286935903652,normal,0
1371.1748238133332,20,0,0,44.460074923045,2265.1981546789457,0,4,276,0.17265945486109194,0,0.2720892688049882,0.06902334180589753,normal,0
348.0501141184632,13,0,0,11.93121218731984,1208.920021803558,1,2,313,0.021015881900707276,0,0.19088933626381288,0.23269428779192275,normal,0
2752.3520429752452,0,0,1,21.559220359609053,981.4749033938886,0,5,955,0.10524744405595785,0,0.0913961544889107,0.01586170009373188,normal,0
1974.3257116250006,16,0,0,316.3090702924335,1172.9233311283278,9,30,2531,0.12177548662685836,0,0.24374673300456623,0.4275733766439134,velocity_attack,1
2725.5556539180984,2,0,0,21.075526575958587,1934.2260505194129,2,11,1856,0.050690440893576626,0,0.1925190646832575,0.05595699167349359,normal,0
1822.9511674742087,12,0,0,21.350790822872757,2960.5564288809805,1,4,1869,0.06687193928461195,0,0.1581381479188026,0.08690037204032154,normal,0
2152.7347025722847,6,0,0,20.184408872833192,3294.712769128703,2,2,2930,0.03141306603116083,0,0.12478664450500294,0.0507009651710878,normal,0
4707.128182982292,16,1,0,38.47717730076245,3870.0294942350665,2,9,698,0.2023679012666257,0,0.03735161800122278,0.02320908205025266,normal,0
1881.7850516585404,19,0,0,40.52136845324091,2979.2405370003935,0,1,698,0.060204762870325695,0,0.11725212267987595,0.11925041305715056,normal,0
518.2025784694631,9,1,0,18.40150263434035,3837.078347180179,3,10,370,0.2761715979426255,0,0.2241597318794231,0.19603123565063124,normal,0
3093.8068453698593,17,1,0,40.18921892629652,2059.200272888267,0,1,617,0.1990453695326884,0,0.21471993410581572,0.23467580156304227,normal,0
3687.9019434068496,22,0,0,45.794176716820296,3548.7843955384355,1,1,2875,0.24870514018843656,0,0.003225830160919718,0.0846282612933205,normal,0
3181.8199492214317,3,0,0,0.13971919101923302,781.8387347083824,3,14,532,0.015419901881733554,0,0.2958534588338656,0.09877935071271064,normal,0
4020.017060642039,21,0,0,15.349082474663007,531.5578467814964,3,10,2555,0.28909545452365415,0,0.26498650084971487,0.22417556412057824,normal,0
1627.4381321981864,4,0,0,8.885040739476647,2090.408606285455,1,10,498,0.003802925267547208,0,0.29950403441658685,0.10633097775678728,normal,0
2798.2505592601724,7,0,1,2.820715332225859,1315.034368219194,1,6,2384,0.11381399688748722,0,0.12940379935059557,0.04946970946383855,normal,0
375.26277900245117,17,1,0,15.753673080691616,2647.435646444915,1,2,215,0.22925130799637805,0,0.2705838029841619,0.20723931029726966,normal,0
4456.726827306049,4,0,0,5.783136059192534,681.8031342968651,1,13,2195,0.1287685234598861,0,0.2327954848982841,0.19175436579664065,normal,0
30851.554450925076,10,1,1,482.0579586795819,1305.416737175051,5,13,2021,0.2377617095602647,0,0.4313468097784551,0.7194575018210292,account_takeover,1
6127.11933263596,6,0,0,130.52208613063098,1237.1682810424331,2,13,472,0.5406625141120592,0,0.1543804572046072,0.7112610436064775,behaviour_anomaly,1
279.68999197436057,3,0,0,49.17310176922013,3727.9849391818598,0,6,2601,0.1050107911518835,0,0.048439726987034824,0.09171459770748379,normal,0
3549.2031264093216,6,1,1,75.63236532871336,1970.1528438183955,1,19,1557,0.1887269151573786,0,0.3749818400776979,0.5821913793931367,behaviour_anomaly,1
34158.459549427964,9,1,0,258.3537590302097,1407.397003143944,0,10,1565,0.09400750046139153,0,0.8455016142024336,0.29926532124296024,social_engineering,1
3937.6722251632673,10,0,0,35.514316935694914,692.523908653771,2,8,1705,0.11409393313065865,0,0.19921512057865953,0.15461999026477372,normal,0
2847.2344626392373,11,0,0,23.63883228234249,1218.3924945741453,3,13,2120,0.03671362985268238,0,0.1380784857770331,0.19482805523303176,normal,0
4112.459425550311,9,0,0,14.34032185356005,1092.4952511315828,2,13,1510,0.12424640426459255,0,0.14857128007586587,0.15096078692003606,normal,0
3767.0833134135337,2,0,0,11.633458501363247,1365.670914286023,0,11,1749,0.04128275161858843,0,0.21380858178409928,0.0437931287041861,normal,0
4556.787517759478,11,0,0,11.5551512321999,2470.0559662315236,0,10,2891,0.12254902475640671,0,0.09344253421166818,0.09838224482111288,normal,0
37612.47873830601,4,0,0,254.56091178355814,1011.0188309758189,3,5,267,0.4307012877562665,0,0.8177673112311356,0.6275988082718635,social_engineering,1
4727.798055202087,16,0,0,14.179588316444331,1079.2882079608714,1,5,1792,0.06687794721616468,0,0.1537266598520591,0.10720474175063609,normal,0
1551.9964293090204,12,0,0,26.090643937376022,1115.472674613787,1,2,1889,0.08376832059165837,0,0.20026694762040997,0.007241226552761859,normal,0
194.70539149624506,9,0,0,39.85694200351961,3149.8286747526126,2,8,796,0.2891438981520502,0,0.17977117514933283,0.010008549318463998,normal,0
3516.32597135722,10,0,0,14.034823854022022,3036.1736353055576,0,4,2333,0.2675298424002977,0,0.04851832709681068,0.2835282079118815,normal,0
321.61371566163655,9,0,0,32.454763681871064,3085.4973816942465,2,1,347,0.07207739652673638,0,0.03048376637962915,0.05497531841722859,normal,0
3879.2246987611343,1,0,0,12.357439182818315,1153.3854068599585,0,5,1969,0.26398681257946816,0,0.004284349379198626,0.2153121978115028,normal,0
4667.379584169701,19,0,0,0.5234286658251319,544.1038538981977,1,10,1813,0.23733759505740493,0,0.06648300095043645,0.27470360820163686,normal,0
1982.612893630421,16,0,0,19.036902994019435,534.9992840953116,2,4,1397,0.25937974391948315,0,0.18253027053138968,0.2892398045312746,normal,0
2577.607351767598,23,0,0,40.97497914745091,2512.87813751709,0,13,421,0.0023945635030619417,0,0.2539333792604848,0.07610875988402606,normal,0
1137.04304688835,1,0,0,34.11419912630031,1329.2093659810748,1,7,86,0.8332527189307057,1,0.2568269050348283,0.4657066531377699,synthetic_identity,1
4551.407750534779,6,0,0,20.624109963463816,732.7793841330364,2,11,937,0.013515392449715268,0,0.21524243019853648,0.007030469486236512,normal,0
4581.288452857939,18,0,0,19.702262759440952,2334.556143870554,1,2,622,0.19423404405654532,0,0.04520659197107372,0.08331142743884704,normal,0
21525.504388487956,13,0,0,337.6677754592715,3469.0383192302115,2,9,141,0.7987707940094085,1,0.20519314686127837,0.5334699420937836,deepfake_identity,1
1701.0384559472,19,0,0,11.209327537112834,2947.587539013719,3,13,1883,0.12800883561406515,0,0.028690130769397047,0.19961502250641724,normal,0
1479.4538722331567,5,1,0,45.27545406481433,3467.4337674578987,3,8,217,0.10041134588123449,0,0.09772365905259538,0.01303370287411033,normal,0
1251.3696844801686,13,0,0,35.44031489852057,2384.8913558172226,0,6,1166,0.07294264491490278,0,0.15865040097084035,0.08991143405246153,normal,0
2200.639902833525,15,0,0,15.08103685426665,2897.6417815784234,1,14,1308,0.12369636339727041,0,0.07294655803807731,0.26847771814123517,normal,0
3866.04852147469,12,0,0,33.89642112307092,2870.0683699099195,0,8,2928,0.26698970532496985,0,0.16002614727100214,0.26424141750850283,normal,0
4307.944968812414,21,0,1,48.55997839580445,1145.6318413665722,1,5,295,0.29553812078474995,0,0.09793942913542203,0.07677120052522983,normal,0
2467.5862302369756,21,0,0,8.975735114179956,2308.3988683422613,2,10,837,0.06909428211388106,0,0.15545594190365455,0.15237097964865862,normal,0
1016.9089250114585,15,1,0,13.197923412352075,1765.0732717278654,0,13,40,0.15138506479203767,0,0.26046489269195267,0.0010264814577030988,normal,0
2992.445218322558,5,1,0,2.1215368624322273,3643.7736066116845,0,6,1112,0.26763439295054103,0,0.06675808018307756,0.2812526455624892,normal,0
956.919042162201,21,1,1,30.595694590434615,1840.5380646739627,2,14,2331,0.2597021647063334,0,0.15834031543972507,0.02797181283703214,normal,0
1601.5208312465206,9,0,0,31.116077298334062,1843.9496836244386,1,13,886,0.08484001426865824,0,0.006735586014417949,0.12338533829791484,normal,0
1791.5933997282912,12,0,1,8.606848674576511,594.0120690540639,2,2,1222,0.001169712934208933,0,0.08760624824647768,0.11200788601390141,normal,0
7487.088877074268,3,0,1,182.4725463867003,777.8518767296068,3,6,1736,0.08820411380893094,0,0.16159901417890365,0.5021145157833048,behaviour_anomaly,1
2508.8132790330405,12,0,0,12.536598875601236,1687.0003572656206,0,9,1585,0.1453457648806463,0,0.02608960965484489,0.23679005244785845,normal,0
2512.3948520057916,17,0,0,32.720826192600605,3888.699343620622,3,13,515,0.07008285788716823,0,0.24658717701686778,0.03701430951385136,normal,0
4328.461761656037,21,0,0,370.705853011304,1572.5000016289862,0,2,1582,0.2571645276767999,0,0.45519106592195213,0.48375901729804605,behaviour_anomaly,1
2439.0169507997666,8,0,0,23.40980224655106,636.0392483537507,3,6,1857,0.21104183163909931,0,0.013259780234302531,0.03256991809634985,normal,0
3829.036722259937,14,0,0,30.885311069733646,1526.9824247046056,3,3,305,0.14950673441310666,1,0.11950083208193747,0.22673196355082822,normal,0
4160.674020708231,20,0,0,11.25486251959943,3103.3738914378355,1,5,1790,0.0009244194807924932,0,0.06534335681282273,0.28407455697867506,normal,0
2044.9721791617949,17,1,1,231.36473454452425,2485.32544362019,0,19,586,0.7305553293141367,1,0.1190621019786755,0.7201103400156149,account_takeover,1
1933.9268992049895,18,0,0,19.463173149088504,2080.8805680030255,2,1,1825,0.2095402099234879,0,0.14988341068387387,0.2377756872816143,normal,0
3563.2083627386846,4,0,1,4.010889943367607,2121.413731350757,2,12,617,0.10064949545814847,0,0.2528309511176755,0.09529289365472905,normal,0
4365.582134719983,1,0,0,14.175501782580502,3005.5892931050043,1,9,519,0.08214272844169539,0,0.22581436672870006,0.08355271968190355,normal,0
920.7063365611277,5,0,0,37.909155513508345,2912.810266440328,1,7,201,0.28638785397466304,0,0.19996963720784164,0.19117543523749006,normal,0
6324.017511681438,17,0,0,51.79154633738814,3266.4771112729236,5,16,1036,0.24448709188241485,0,0.14990751025360427,0.6897545499155788,behaviour_anomaly,1
4989.877141613353,2,0,0,32.4708586821596,984.3680737256852,1,11,1123,0.2112438409935357,0,0.16628393654509882,0.1783304164932655,normal,0
4757.249935818949,1,1,0,4.877414706454985,3769.8887270390246,2,2,325,0.2874121272311493,0,0.04256447280459514,0.2414513491433302,normal,0
12948.64283317976,22,0,1,203.22576504856357,1263.7723931019405,4,14,1868,0.15044766180581493,0,0.6478512679448929,0.30242860885052725,social_engineering,1
5856.854862383489,22,0,0,104.19644639697006,2369.5915029505904,5,11,740,0.3074576884552688,0,0.26894892670050474,0.8319823642452632,behaviour_anomaly,1
4689.367892245311,2,0,0,14.789323617363486,3328.6431688642956,1,14,2051,0.014937126876481188,0,0.193495913409907,0.21444853961348698,normal,0
3493.214850679204,19,1,0,30.79375656024199,1465.14071282329,1,13,2991,0.00383666827562662,0,0.10614986799906774,0.18713194584467677,normal,0
812.1007928604702,15,0,0,39.348274598372825,2565.01780436204,1,12,1512,0.13692361200080122,0,0.2039847520349251,0.07291006610111611,normal,0
1618.053689080098,9,0,0,39.91758577319884,1670.7722704947741,1,12,2530,0.28464239280063813,0,0.09225648606121602,0.16899027668078534,normal,0
2244.540507926197,5,0,0,1.647708755731897,2929.873032628786,0,8,2365,0.109691349272327,0,0.0950251426295103,0.15658506593499785,normal,0
4832.161328116763,15,0,0,49.1110861902076,867.1315656514516,3,13,858,0.1715869418243896,0,0.18455273915483383,0.16184380944903695,normal,0
4120.389163953347,17,0,0,27.046579034131916,988.2601092260652,3,10,635,0.1397715546012417,0,0.2651688087958783,0.24085534657608038,normal,0
225.64612245153486,17,0,0,37.97778017534165,3836.111979179085,2,6,2890,0.24173954517221977,0,0.2330743445851491,0.21639731794365294,normal,0
4488.25795584601,17,0,0,42.874377861186765,3646.726071232121,0,13,1943,0.04661114622655433,0,0.2261447217340128,0.14701164959067975,normal,0
2189.3519483279506,15,0,0,10.899674054218488,3958.2425928755983,3,10,2583,0.19609542591972873,0,0.06977008535592263,0.14437423881939077,normal,0
407.00069693123714,9,0,0,20.062776748950455,1365.7012229560928,3,7,1688,0.06717253235663355,0,0.25967139943967377,0.06418343615224732,normal,0
4411.581670962371,11,0,1,31.18318238926628,3884.445022778709,0,8,2542,0.0756900242515259,0,0.26046299939225287,0.09638029103395344,normal,0
559.5049786593809,16,0,0,24.37380723267208,3790.4144351951422,2,6,1243,0.1774378293997056,0,0.09807671349241158,0.2273066740847269,normal,0
4343.868604697288,19,0,0,3.605621534373149,1443.031707082016,1,2,2938,0.15800956137377595,0,0.08644436998317509,0.2033040047228678,normal,0
1706.4299056405093,14,0,0,32.44910991189221,3088.1468534129167,2,7,2875,0.008043137265226652,0,0.2551355701214749,0.056742789817961256,normal,0
1319.0797648219677,15,0,0,34.28610531320546,2170.7729935242583,2,9,798,0.09885426595754025,0,0.03175044432696795,0.25737435929946556,normal,0
3096.171695005738,13,0,0,32.92975905942356,1603.6036439899597,1,10,1346,0.11000413682856111,0,0.14616334748987267,0.24632260923812788,normal,0
384.6096996241774,19,0,0,23.000988387737483,726.0077620589138,2,8,1373,0.18954624220944988,0,0.2539651654915373,0.049701106247274904,normal,0
4331.382860321271,9,0,0,34.36040930658437,1871.0457290296522,1,9,240,0.057029540382143036,0,0.03172375738109706,0.29309561434388876,normal,0
4850.405123049308,11,0,0,0.7511337118937311,2029.4327165102834,3,13,1185,0.12567422048878843,0,0.2366820009207081,0.1691658101203887,normal,0
3567.636580230487,7,0,0,34.06591520231817,531.5859416851409,2,8,1551,0.018540327833874104,0,0.12884482472433928,0.2553385272873186,normal,0
1832.479138854816,0,0,0,67.77016191458729,2461.1638234952006,6,11,437,0.37466941799630993,0,0.11041739706069986,0.45722781763234793,velocity_attack,1
1390.7796596329981,11,0,1,226.97202010276442,1817.0797400191298,10,35,2429,0.25554655073872445,1,0.17566032453320554,0.7291762226545159,velocity_attack,1
20380.353220001543,3,0,1,466.4363191930622,1043.6410616817907,1,7,214,0.5910320297107965,0,0.3752991313651506,0.41307632646628994,deepfake_identity,1
4343.574807724207,7,0,0,27.028980535683605,2165.5677785784655,0,6,2398,0.12307456046440288,0,0.03999236324761779,0.22767392161072408,normal,0
2115.389463124533,23,0,0,24.202655957610357,3080.5891876435767,3,1,2891,0.15172129965931078,0,0.0038852152838938503,0.08191729011303887,normal,0
1453.2308333224073,18,1,1,12.955400336765067,2714.4585729741616,2,14,1134,0.22534601045192962,0,0.06516631653857798,0.016424691745084864,normal,0
2213.0459619786334,15,0,0,26.879533006765875,3303.4475139155616,2,3,2910,0.2683613583768385,0,0.17244394880218714,0.2540944743651315,normal,0
320.14347233060886,0,0,0,424.90306455131946,969.0894127453851,6,30,2220,0.24779227639912815,0,0.34232025827666335,0.5705982803439784,velocity_attack,1
2164.6493111576438,22,0,0,0.9008323810064833,3006.320266592512,0,7,2624,0.27621090036108015,0,0.25766356900641774,0.22707610882569135,normal,0
4592.47675217665,4,0,0,230.15846471086442,2987.8275945069945,4,14,265,0.672505603986508,0,0.3049689835071733,0.3084124000142294,synthetic_identity,1
2955.753491909099,19,0,0,37.10354288497902,1950.9421005142933,3,9,1984,0.2526723417227104,0,0.062340519945985294,0.21312500554411934,normal,0
1702.4624916598696,10,0,0,23.63743071944335,3387.940465665598,2,9,2281,0.2231165243942247,0,0.14199167571848414,0.22256409980872227,normal,0
3261.5710216388534,3,0,0,43.941306932759886,573.752037299152,1,5,1306,0.25988848800652753,0,0.16694907549701957,0.27821265948158613,normal,0
4959.8687616118805,14,0,1,43.92559859056256,1481.4963727039737,3,11,493,0.133935027333409,0,0.06265943746708132,0.28567155859573484,normal,0
4151.60694876649,14,0,0,43.4327693224611,799.0885455231696,2,1,443,0.02801819986483358,0,0.13450695038627491,0.10902351212833085,normal,0
2844.8240989630253,23,0,0,6.315496331102749,1837.499786124931,1,8,2592,0.1851900607241576,0,0.18692751169643065,0.19936411364178072,normal,0
34391.368235326765,5,1,1,986.9245402865519,1000.5929378313926,5,8,248,0.7748944354100766,0,0.1061826010368967,0.8454917242733146,account_takeover,1
3385.128235604896,13,0,0,26.368883154903177,2071.7067587860874,1,3,890,0.0894128086872223,0,0.013369300766221481,0.2939716479601466,normal,0
1138.7708680234246,22,0,0,45.08596693988454,2987.4274101210926,0,11,2090,0.18772433361626126,0,0.11642699146741714,0.09361220831229987,normal,0
293.35171116540664,17,1,0,43.349699187907824,2876.9811233833507,2,8,748,0.19045432025687128,0,0.2508269558755843,0.297856632495763,normal,0
741.771340671453,22,0,1,16.223274563694495,1721.1143464341274,1,10,1772,0.2845987011369811,0,0.28045584389691447,0.0805472647687817,normal,0
3644.758557074066,4,0,0,48.233134035916805,2763.599051295917,0,4,2430,0.2548410180457087,0,0.23819788471308373,0.13673666320476838,normal,0
3291.0415875033113,19,0,0,1.4905361426913066,728.505519248686,3,8,2520,0.08813207851256012,0,0.14198381636633392,0.04066699262135833,normal,0
2135.670702901239,12,0,0,35.02660577959987,2613.0676172440044,2,2,1821,0.2353145273765567,0,0.2854364772205574,0.19188835705039806,normal,0
1900.9325829096172,19,0,0,448.55505246606106,670.7382162421006,8,12,1959,0.4065112537634631,0,0.3820620770338643,0.7469396346601038,velocity_attack,1
1356.6689989821532,15,0,0,26.416835615601258,3611.203463536544,3,11,463,0.06524498794131929,0,0.14724526207944963,0.14533314292094418,normal,0
4614.40680984358,23,0,0,43.8008834825388,2465.6057355423463,1,11,2902,0.0038898782694597564,0,0.15352622585783499,0.12421331606269634,normal,0
559.0063623576532,12,1,0,26.236463021476215,2536.7476674325244,3,11,540,0.25810902777893574,0,0.27529464787075303,0.23277238435575207,normal,0
110.28301641083812,0,0,0,244.85887229137242,669.3979639260187,4,11,1210,0.4642233208993302,0,0.3580530564554395,0.4500466268267767,velocity_attack,1
2778.8803687820705,16,0,0,12.961409753356545,1128.9733305995537,2,9,536,0.259067503508667,0,0.19228381891653815,0.08335751162034155,normal,0
3148.22483111658,0,0,0,45.01560705453168,686.3515047239508,0,9,2054,0.2936093654373087,0,0.10324800888357358,0.19241125543133064,normal,0
4335.355424214222,8,0,1,44.382916423113805,1782.0749159544007,3,4,1701,0.12502621644798356,0,0.12276970656388948,0.019627616075181552,normal,0
3785.3602302151767,16,0,0,11.534806172432644,1398.810419658384,1,12,2771,0.23041491728076194,0,0.28693668014073714,0.17298220497663097,normal,0
9441.968893045936,4,0,0,319.8687927339858,1448.4958949648499,3,1,253,0.4211735482764009,0,0.30557665880210055,0.6945234375015539,deepfake_identity,1
9360.089475196068,13,1,0,21.64485827681606,1435.9198682172932,0,4,310,0.403963741539305,1,0.33959095365262754,0.2639675231573383,synthetic_identity,1
2415.2174395319166,15,0,0,35.633071815685156,1906.737340082494,0,12,475,0.10901513731436503,0,0.08284299355042309,0.028188457322284186,normal,0
3792.013342232024,6,0,1,49.70646907248863,3019.8699074167403,2,12,785,0.2906822785391983,0,0.2140557537153298,0.1982475408064524,normal,0
3542.1720115368353,15,0,0,23.207089903171706,3075.400439677024,3,4,1631,0.08290320221866422,0,0.2420738645414683,0.1069974916756284,normal,0
4975.048330967533,3,0,0,33.65473875404639,3081.8955306682046,1,7,571,0.008708691661414436,0,0.058007656519284655,0.19695473255818013,normal,0
2045.373702062239,18,0,0,38.33546310971223,2280.683797513887,1,1,1213,0.004040271726434874,0,0.1993556800612791,0.2552608826172552,normal,0
1063.7721668328331,11,0,0,49.7082816146767,2750.862248932637,3,3,2394,0.1809879083815346,0,0.24392049075809646,0.1411777222940222,normal,0
4044.446098435772,18,0,0,40.31956502305235,2968.51987374928,3,7,699,0.1522641454298042,0,0.16659070766613676,0.008935895159963302,normal,0
1481.9694055994019,2,1,0,36.28682550045189,2424.098109128686,2,11,2684,0.2885810044177084,0,0.17022424895730995,0.15844967017314487,normal,0
2219.2396038176466,10,0,0,15.241497349078653,3791.6970754469894,3,2,2821,0.18901454607583484,0,0.0943289597219028,0.06165383885391485,normal,0
573.7146032689261,16,0,0,46.411553405285396,2121.7288280160433,2,12,2766,0.24097800447126272,0,0.14961355430531487,0.27193926410163816,normal,0
7189.183413522978,8,0,0,434.3388751209596,3351.7979418480268,1,10,193,0.404410220190482,0,0.11181502473647056,0.4878889441839498,synthetic_identity,1
106.63276600579395,4,0,0,48.765840857747214,531.956819964514,3,13,1687,0.14401078725218514,0,0.18846391495560508,0.009401332922097893,normal,0
4711.491981415,11,0,1,42.87018400055954,3519.8821894906127,2,4,2980,0.291170783447291,0,0.05145205671290058,0.26302598153074014,normal,0
11329.455145706388,3,0,1,170.6728737191342,3023.995855276735,1,2,334,0.44725967962432356,0,0.19566306862904553,0.7397674101763372,synthetic_identity,1
1446.549574185867,8,0,1,49.090835117713404,2545.7846328910427,1,14,2159,0.07852995531876396,0,0.07695606003924439,0.09240307363863455,normal,0
821.7849169669547,21,0,0,29.2207312441724,3149.2864423805477,1,6,690,0.09401241848432035,0,0.08033681990117393,0.1792457804305432,normal,0
514.9728751890034,9,0,0,9.869283457761673,1188.457531207031,3,7,782,0.2988587737124487,0,0.12812920895916188,0.2917413330418281,normal,0
887.9594519457434,21,0,0,13.274828191926785,1455.7600267899147,3,10,2187,0.11028140363571377,0,0.03709791665382956,0.16806596611836902,normal,0
1960.4928000196078,12,0,0,15.596944107841882,2842.404900463482,1,12,453,0.2571604040618724,0,0.26156163578081315,0.17109612763440069,normal,0
485.03463605960167,7,1,0,13.788510535861837,3337.059845275923,0,13,1960,0.1864081008324473,0,0.08703410660569154,0.28014517806572736,normal,0
3427.896584765858,18,0,1,16.870831218998166,577.021571636261,1,5,334,0.06877962889614227,0,0.2288648521330939,0.18632075961631636,normal,0
311.5513054053572,2,0,0,20.695476171800976,2201.258091280659,2,4,2212,0.22360166789995958,0,0.05450917218668013,0.017092028069948195,normal,0
2253.084449502816,7,0,0,36.79874355024139,934.838158522159,0,3,193,0.002098855642946018,0,0.05295742858415694,0.29486649919188335,normal,0
4341.328013560306,8,0,0,45.20978180338841,3835.821555425177,3,9,2531,0.25440279204094685,0,0.05424012710020678,0.22461029723648038,normal,0
58669.955770401255,21,0,0,273.8735231685841,3053.103561539959,0,16,1637,0.4008657051269158,0,0.30973194591725384,0.6807253027723942,account_takeover,1
3213.5303486233583,0,0,0,8.309114216170965,2058.803028448997,1,7,2608,0.2988375058694492,0,0.2595320093813787,0.0333568520135113,normal,0
914.7885069047891,12,0,0,41.545150173078916,1608.4681662147757,1,2,1599,0.28754787481762134,0,0.09935095462559336,0.1799537901412414,normal,0
3433.1161181209313,23,0,0,49.96113560119495,2998.7015959587707,3,13,1735,0.051862648594550864,0,0.05064448937998168,0.29038845626488646,normal,0
4128.305486941104,10,0,0,23.995839914878616,3811.549926261299,2,14,206,0.07957501948698971,0,0.22647171227911295,0.09314466340410667,normal,0
715.1960523370016,1,0,1,2.7862610436658164,3693.312120307844,3,2,2123,0.2980769991679555,0,0.1700581599924383,0.2788612160288731,normal,0
3813.4459412754086,3,0,0,42.777474521776405,2703.811106447421,2,8,2656,0.1030012086044819,0,0.02503758154271287,0.09868852342411778,normal,0
2151.1756470998166,7,0,0,28.69407953826288,2149.025138668032,0,8,1196,0.2335329339879966,0,0.25720936724115606,0.1671075422120464,normal,0
1838.676092161497,9,0,0,41.180161660769635,1175.6894813112865,3,6,969,0.03604296805543872,0,0.08121900510756287,0.1936852648603399,normal,0
2561.8937071152445,8,0,0,20.651355581576407,3501.269506761393,3,2,534,0.16310822023990798,0,0.09506097739206923,0.21964531568446735,normal,0
2068.716123206189,17,0,1,24.24230934962448,1286.3871717210222,3,8,1299,0.26096074296754346,0,0.2530210289499507,0.10767794889043933,normal,0
3955.826592650946,11,0,0,45.38595116252605,2485.4707998925,1,13,1202,0.20200295014418393,0,0.04582675438830628,0.24363842624271498,normal,0
3032.9586667670237,19,0,0,15.913815767174293,1167.512191968298,2,11,1731,0.12103859097206712,0,0.18842547697392614,0.26617293282169646,normal,0
2938.6408866434954,15,0,1,17.301525479726585,2066.3907369524795,0,9,943,0.11577691096666867,0,0.1734185044356915,0.1239430802971752,normal,0
4871.622025450032,1,0,0,40.45824879871985,1290.390417667147,0,10,2710,0.2673968919149634,0,0.21022176258770456,0.10977913972951085,normal,0
15193.947107571053,22,1,1,827.6100113425524,2903.2055426055244,2,2,1107,0.4653051059221282,0,0.24725866033718225,0.6965526120015006,account_takeover,1
48786.56077135347,1,0,0,834.417994159628,525.3113073472849,0,10,1905,0.7315048727585491,0,0.39534578497368406,0.7983719919889636,account_takeover,1
4857.6072230626305,7,0,0,31.983533777997703,1651.7805331368122,2,4,451,0.24126577568253643,0,0.21261120093122077,0.13075233519010268,normal,0
4139.317191521812,12,0,0,11.714998211186057,3122.7497712946756,2,12,1611,0.2093147339618222,0,0.2100133113964087,0.05748470325416263,normal,0
1484.1148892130182,13,0,1,46.311603467540735,3754.2990329668564,1,11,2962,0.17400300528195434,0,0.20050531220139456,0.1719978681316286,normal,0
3402.697603388084,0,0,1,7.465059957177056,2389.555204074369,0,2,2717,0.29169492859728546,0,0.015118357142280103,0.1375281151558246,normal,0
844.9217803303758,5,0,0,48.658322882980755,2310.6977477246155,0,1,443,0.14503051729206629,0,0.09408654886209737,0.29404285121256823,normal,0
3647.743024987314,13,0,0,33.47148322150674,2785.671400290658,3,2,1452,0.11485924079177148,0,0.060979125731332545,0.1987717287869207,normal,0
711.6219884375566,2,0,0,45.91977632295251,3179.56731670351,0,12,1158,0.09174756523752568,0,0.005247497405817869,0.12947005413178472,normal,0
3607.542326942234,6,0,0,49.477087856004104,1356.5871219747946,0,12,605,0.211288034607818,0,0.03863079476998416,0.1869474147465993,normal,0
1209.829298469896,1,0,1,42.39688788793143,2746.943607932818,1,11,1471,0.13630401521075727,0,0.2908074173543741,0.005710956506943488,normal,0
2867.7215529868204,23,0,0,1.0991353367204193,3855.300950807172,3,1,1604,0.031958884862594024,0,0.10233615402202426,0.022370071232988443,normal,0
12424.156628912759,21,1,0,53.30504234282591,3965.6144227550312,2,13,2150,0.3746395891535109,0,0.3738748157683399,0.41185255787208863,behaviour_anomaly,1
553.8648669516992,8,0,0,25.359594400906566,3399.808894226187,1,6,658,0.13843833870650607,0,0.021118679620115075,0.2194452443430098,normal,0
10491.180755789552,11,1,0,200.64422209809322,1202.1073450162226,4,16,1379,0.16418279865271773,0,0.6236592022548544,0.39345477038134424,social_engineering,1
3870.2995810020307,9,0,0,21.94649717914821,3844.9601857528664,2,13,978,0.12625957485450215,0,0.07796066605779335,0.1720864025369985,normal,0
3031.3039409123203,14,0,0,1.1852621449874312,1098.2862484745183,0,6,396,0.08040727134599598,0,0.2264580906899006,0.2863906150997064,normal,0
15019.606674613218,0,0,1,141.4998684157984,3443.000162750743,3,17,2501,0.3966657715154604,0,0.7740726217953278,0.536594526463578,social_engineering,1
12339.909471377365,2,0,0,249.68856488192654,3179.5230161066047,3,16,834,0.257425621080291,0,0.29338550132269736,0.6849927439363995,behaviour_anomaly,1
659.0693459508735,19,0,0,2.0745745385785552,1063.7789552349996,3,12,551,0.292960038158037,0,0.25959899650761276,0.18151897487567373,normal,0
15566.74696663176,15,0,1,167.877360395358,1192.594952178771,3,16,253,0.7885170119181224,1,0.07177258061285982,0.7382838757263916,synthetic_identity,1
14957.487242655434,6,0,0,271.9033456207583,1920.4937710530205,3,7,35,0.5081293787866401,1,0.38553938974950314,0.795356894046132,synthetic_identity,1
2216.530591346367,20,0,0,5.682798453306715,1431.7811789290047,2,8,1260,0.1558862813688976,0,0.04987805429011672,0.15522279060468205,normal,0
1935.2465823520763,18,0,0,39.866223170012525,749.2841005750257,0,7,1574,0.25407081854324215,0,0.030139646981172573,0.024282811339813404,normal,0
1213.179829415223,19,1,0,49.789019723406724,1726.999023732346,2,7,352,0.13484190306110128,0,0.11224903000458857,0.05478738634239881,normal,0
4513.439133655167,21,1,0,26.999052605721012,3186.8168474553427,3,8,2822,0.2276493207106309,0,0.24014392920885053,0.012197060605713317,normal,0
832.2696792584454,4,1,0,410.11324176574857,1055.6301448624004,4,24,551,0.39712186442926534,0,0.38117767874909103,0.36465265072498615,velocity_attack,1
2925.841754403006,8,0,0,31.815363631015785,1643.646444690418,3,8,1165,0.297791452754237,0,0.13806769339496083,0.14280423057505937,normal,0
3671.4210671227397,1,0,0,20.60872502217962,3473.8897600997157,2,11,490,0.06727773072914713,0,0.0751206029251395,0.12179175848037752,normal,0
59574.18513695155,19,0,0,426.943948334038,1923.2563104666244,2,5,2960,0.21119388358547586,0,0.2244352683711685,0.913881434050515,account_takeover,1
4306.222484030758,20,0,1,15.468343356815556,3380.753807779218,3,12,2562,0.0876286048495917,0,0.2862667315223209,0.18565027904510759,normal,0
4198.566743102361,10,0,1,47.577121755113374,1018.5906604522066,0,8,2758,0.1467893344473822,0,0.20102706913322557,0.1824181874536501,normal,0
1637.9899339401054,2,0,0,42.112202104193756,3352.9981101567328,0,11,1331,0.050625061266923156,0,0.20744221357076642,0.09145813383652333,normal,0
4563.048696962945,12,0,0,9.82831883551037,841.629815882551,0,4,2230,0.16394101977622935,0,0.2808472444370835,0.14110828418888816,normal,0
1398.7274987925198,20,0,0,45.58422178535137,2866.8223466674667,2,6,2647,0.08371112252438868,0,0.2956386360143003,0.28965226580839154,normal,0
3097.971998505785,18,0,0,23.78419768914802,1052.596554535188,3,3,2658,0.14697708413087832,0,0.2540688844347349,0.16368680114382725,normal,0
1325.5575354907608,21,1,0,418.29442890839096,2558.904707243209,11,25,586,0.09233995698652692,0,0.3444479575129229,0.5767260035056807,velocity_attack,1
2997.249635150153,14,0,0,15.2042414255874,3835.7880927783413,0,9,251,0.2594058079135391,0,0.1800843546996751,0.12442879451628563,normal,0
3710.681350226492,22,0,0,8.740394688759306,646.5212102625218,2,5,2669,0.19185776496538545,0,0.2581883117813902,0.1642287409952582,normal,0
44517.316253029494,15,0,0,208.08048201082073,832.5459924049592,1,2,1907,0.23712469263464941,0,0.2047175749993403,0.44151408318928165,account_takeover,1
4786.856851667452,10,0,0,5.803182532533702,572.0532166803462,3,9,2896,0.19192139921351234,0,0.082698879725273,0.08521526398872109,normal,0
1346.5187461250503,6,0,0,45.725452135932834,2881.649861232346,3,11,1733,0.10450840271649761,0,0.12039590572995783,0.17194288017477896,normal,0
831.3224017332221,18,0,0,4.648665672290014,1985.1699209009985,1,12,507,0.2964684332756871,0,0.26496753801415135,0.22195129786538784,normal,0
2470.9150724351257,8,0,0,42.364440606017425,3441.1352540575504,2,10,1929,0.03892758798139066,0,0.2863601187929015,0.1875709869422711,normal,0
17471.987576724532,18,0,1,28.24045194842928,2889.6717606187003,3,10,311,0.8463847190137022,1,0.2911427986062666,0.3008232855092113,synthetic_identity,1
2026.2968112146878,20,0,0,36.950637180475724,3759.617198523941,3,12,1044,0.14248792109769515,0,0.20599299528042994,0.14335118893926446,normal,0
3988.8899267538914,15,0,0,290.7329354533813,689.8720232953068,5,19,1855,0.06150315820476227,0,0.05226818848501491,0.6612697345484466,behaviour_anomaly,1
45649.63790700211,14,0,0,49.61010519733821,1940.4088595078736,2,12,240,0.2552301880704135,0,0.5108137408113422,0.5179714051687568,social_engineering,1
4462.883172190804,7,0,1,35.075172884374524,1207.2217707691307,1,10,498,0.13777753862273268,0,0.04948241417845106,0.10650160364767611,normal,0
193.86187920113923,8,0,0,13.584493533344533,2450.143000156736,2,13,1067,0.14598657207006682,0,0.13278424742445305,0.08456416901429296,normal,0
406.5677268753127,18,1,0,47.78220903138981,3522.5209004690114,2,8,99,0.2746565984978954,0,0.24621430502743513,0.1890945714500387,normal,0
35980.11114311541,1,0,1,1087.2696460181714,1396.7461084705592,0,19,2308,0.7141976979391804,0,0.31299317439193786,0.8393972849679131,account_takeover,1
2255.292634597791,10,0,1,28.692741645111557,1677.5923052623284,0,12,630,0.2558019492131147,0,0.2279622985637459,0.23280981037409718,normal,0
4170.051526115778,13,0,0,37.181883277985975,3168.5431803663632,1,7,2014,0.21108234842102558,0,0.23410541687906017,0.2186484152389764,normal,0
4395.6026530258905,3,0,0,39.113467530111386,512.1254318413596,3,9,1470,0.2788050534551002,0,0.09886941979534068,0.2764120896356105,normal,0
243.3116868693398,9,0,1,17.67072822501421,2601.7875284845186,3,11,319,0.19237972596686584,0,0.05635619644597312,0.055088918302897034,normal,0
3994.566788874654,12,0,0,30.79655361125463,996.5330515663195,1,2,175,0.14674874197254809,0,0.1401883479809395,0.23804902744116285,normal,0
569.4277097037758,19,0,0,104.6670676350539,1869.534887510394,7,25,1460,0.1314959643003283,0,0.10248535475283407,0.36289861773652166,velocity_attack,1
1750.7893796784235,22,0,0,6.801929174990251,957.8749919281363,0,10,2694,0.10485976226372475,0,0.0903592535509827,0.23009426049367096,normal,0
4103.172145632,15,0,0,11.172047484467473,3018.596336794641,3,4,1757,0.20276662722618397,0,0.16979331444807447,0.20002283086095513,normal,0
3734.043113996607,21,0,0,38.882905263039554,736.8952434423276,1,13,1975,0.13848030596811628,0,0.27001763932564865,0.055270497309367825,normal,0
2709.6882195027706,5,0,0,48.64840224713512,3999.3775787650984,3,2,2273,0.1839850112151585,0,0.20524496903743655,0.2729015438826206,normal,0
2654.3506335052807,22,0,0,43.541976793362025,987.9594547295826,1,12,884,0.0861362984616705,0,0.01983379758695598,0.01193526679340685,normal,0
1814.695482496499,16,0,0,17.6680785770462,2021.933865559327,1,9,2307,0.09816474396201064,0,0.24462243000982165,0.21716408771587922,normal,0
1067.6054003136928,17,0,0,20.66871479375097,1511.61922478224,2,14,1475,0.2836092897269506,0,0.13948422445442718,0.19973312080505462,normal,0
4670.4894013955345,4,0,0,6.010710451377288,3976.8311211522464,1,4,2825,0.2520702202095873,0,0.06830035169084654,0.16964688453819657,normal,0
458.0996539323734,13,0,0,9.537489564532597,3044.2211850335825,0,8,2593,0.14611283830890204,0,0.001094123229754007,0.08270307095617334,normal,0
4661.648607984192,22,0,0,25.3496485192792,3098.790365988202,2,4,1726,0.14015079327963886,0,0.054148519723153134,0.1475606465204015,normal,0
14966.860131029702,22,1,1,401.201683852481,1979.6519382180106,0,18,1200,0.6452536761111332,0,0.2991753890877925,0.9676752418773983,account_takeover,1
4979.098815051483,14,0,0,26.637963632173715,2873.2149127880903,1,8,2874,0.08211681092472423,0,0.23662475001706074,0.025813454195554607,normal,0
3538.5175419985603,0,0,0,40.88756236199521,2773.7469029700806,1,5,2808,0.11300178603004396,0,0.1955149312745899,0.2920168276110941,normal,0
860.6772050604912,6,0,0,40.577646533891,850.2740979901812,0,1,2493,0.03927208105421219,0,0.05260169581117852,0.000879499018955554,normal,0
3886.7976272984497,2,0,1,477.57431195527965,859.7650653573185,5,19,695,0.25051200186774897,0,0.11937293971977342,0.610587720928876,behaviour_anomaly,1
536.7097173684814,19,1,0,9.572264585463586,2208.3330467736164,3,10,2388,0.023042098829374722,0,0.05205590954857655,0.1341863875542598,normal,0
4113.411217922115,11,0,0,39.00356992520249,3438.134838044586,2,14,807,0.16819484035395746,0,0.19717732262592194,0.2497050840733569,normal,0
1644.673229782309,1,1,0,42.17448777970051,1080.840741201916,0,11,1739,0.16954308197724086,0,0.0409349261986308,0.060914167855633534,normal,0
3018.8311383914947,10,0,0,29.981824093165717,3415.231996645901,3,10,1831,0.2021945149274633,0,0.17003267241184547,0.0007401581472553098,normal,0
1263.9662412842047,2,0,0,19.956965431413508,1434.1176115234698,0,2,139,0.07818341124242997,0,0.24278687763294532,0.19584087670124983,normal,0
297.26421474523727,12,0,0,0.2819311750193787,2153.682372782053,3,10,1728,0.12983408507514307,0,0.2653107202196089,0.23913942799587812,normal,0
901.9141200419521,19,0,0,47.77310718143893,574.6272571824944,0,10,1866,0.24919309948168333,0,0.01177327340897002,0.17126262979046877,normal,0
2785.911493367308,22,0,0,38.60998276046691,3742.4153825887383,3,6,178,0.17911121927834417,0,0.09676667010265214,0.07454610879314015,normal,0
4531.3628974699,0,0,0,8.034966324135178,2453.5630040013552,3,6,1558,0.1458951203974612,0,0.24187910172449595,0.026396389516190798,normal,0
3965.7691117024356,17,0,0,38.944864879102866,545.9676893307196,1,13,1549,0.2624036711694526,0,0.11804909432607823,0.181442384653389,normal,0
1422.1215286282502,0,0,0,38.077540777305124,1401.8460960760913,3,11,2167,0.0280889915943351,0,0.26113183398419065,0.16674614463592963,normal,0
3492.558720059185,6,0,0,36.243230767018886,2393.2972971921927,2,1,2618,0.20881266665836803,0,0.006985630923309327,0.2388127000243992,normal,0
4097.5823124540275,17,0,0,43.30576891126452,1902.5696257802883,2,9,132,0.013505345565939974,0,0.15898367822099949,0.23301353336727382,normal,0
15427.036533971705,7,1,0,49.84883327507883,1548.4048169349846,1,4,919,0.8252377034304963,0,0.19032108694519934,0.8769606530166427,account_takeover,1
13814.458779778246,23,1,0,242.3561340141547,1968.3666648294657,1,8,1251,0.05181958578283505,1,0.3342506424159216,0.5316076957287449,behaviour_anomaly,1
1521.2231066159407,22,0,0,34.40865160133415,829.1435739859207,1,4,742,0.2870056477983148,0,0.10735617942000449,0.11595857153553296,normal,0
4461.475472400661,17,0,0,35.53992054003592,661.2559614931037,3,5,1942,0.24549151326022875,0,0.12800568121091685,0.0019691621148352654,normal,0
4692.41958745861,15,0,0,49.35985240138304,2985.969329721194,0,1,1898,0.038848752078825786,0,0.05563281731647085,0.13984068590915838,normal,0
3905.881729080388,8,0,1,13.200794106980334,1826.961828330392,3,11,2700,0.18309059225365712,0,0.18552233004060983,0.20676210134736295,normal,0
3202.197140639013,7,0,0,45.14390005288932,3937.264284886105,3,9,137,0.22762677853054417,0,0.20846331191576672,0.17262217170469268,normal,0
137.0580873928964,18,0,0,45.15263326263635,973.3469940627829,1,4,2393,0.03513837922269299,0,0.27017025818979523,0.0788790578157261,normal,0
3769.919439215953,11,0,0,34.39021668164657,1910.6923924205144,0,10,2015,0.08439389401516745,0,0.2616516339740047,0.24516728623701003,normal,0
2511.369836089737,2,0,1,29.74041578899457,2945.7193157662937,3,4,304,0.22040177074388037,0,0.2910988728839334,0.06564229530205125,normal,0
2147.0287984479883,23,0,0,42.19294939781278,2627.166940564424,1,7,498,0.22380999432893664,0,0.2602996829102668,0.15553811813173626,normal,0
4352.799643148109,9,0,0,29.45189458076586,1218.1831457648168,3,10,395,0.004349705346947363,0,0.0018743148230727313,0.13173134325005403,normal,0
4247.616229499139,7,0,0,2.257917017774819,3374.4326429845055,2,2,1345,0.16203864061947348,0,0.28009775444159835,0.045926943856441284,normal,0
2386.7962923336013,8,0,0,24.809296719441804,971.0619683628713,0,4,279,0.20480758809501623,0,0.12111980988671067,0.24778964974302622,normal,0
1794.7995576155013,21,0,0,32.71791002036111,2981.9621944515575,0,1,2726,0.20647076357936758,0,0.029007118167589094,0.28447398621159753,normal,0
4705.34949946315,18,0,1,380.1882246004022,826.0461176915098,1,6,480,0.7647919308700044,0,0.1959361021806702,0.582919251889036,deepfake_identity,1
695.3567438744985,20,0,0,11.259826411262342,3823.7267126768807,3,4,611,0.24021933688271457,0,0.28354996921083253,0.21765065406349943,normal,0
1188.3282713065782,23,0,0,23.430801024999642,2370.2465351509045,1,3,2116,0.17514590038403333,0,0.2961263952161461,0.16391499352562922,normal,0
4689.976944809999,7,0,0,32.88619526805664,2791.7662379023323,3,7,419,0.16759111663051823,0,0.12292356584987456,0.22590370103234747,normal,0
10302.068032358047,21,0,1,2.8105595831594554,3376.4934232997152,2,1,1398,0.5695695531596737,0,0.08808623851009223,0.4370130144734262,behaviour_anomaly,1
3414.7703726509617,18,0,0,5.376352189212897,1210.670835367146,2,8,2765,0.02421024640712863,0,0.08161499338660244,0.19591095219806226,normal,0
2640.9522744620963,18,0,0,44.59433865886756,3034.286859243365,1,4,1353,0.018639355559365987,0,0.20814509340173626,0.013927536499077174,normal,0
702.3113244803991,0,0,0,15.084209683722765,1637.3547234861792,2,4,2705,0.03163022791024179,0,0.1745406331675641,0.1576934591404705,normal,0
2458.2619609742615,13,0,0,36.86868167697931,2947.251930015975,3,13,2952,0.15217164625631277,0,0.2215339361072631,0.21963269894297333,normal,0
6355.593593818153,3,0,1,84.80249278179308,1455.6483317622497,0,1,391,0.7095695542942907,1,0.2107941093812204,0.35395432892983886,synthetic_identity,1
1912.0849543371655,6,0,1,18.768758242019253,2047.7009841203337,0,1,650,0.1386960257315584,0,0.25601261144636267,0.22725025938871618,normal,0
2766.5734462681407,22,1,0,15.256988706025194,2199.9991631266475,2,13,2163,0.1432892856282125,0,0.053345806120593364,0.046203002706672776,normal,0
4401.367382945,8,0,0,22.24016666725363,3963.7332357802784,3,10,1711,0.29287613519283895,0,0.13798462459766556,0.2592435597022328,normal,0
3264.994482524846,5,0,0,43.22706264487696,3506.8259697244525,1,4,835,0.07941316918406528,0,0.05868889461101781,0.10187275107729067,normal,0
3118.3287062748773,20,0,0,20.376321153930828,3990.6946743490416,1,12,1031,0.2840867090039993,0,0.18347715805581874,0.1679947246540889,normal,0
10374.995150497823,23,0,0,347.7140895752425,3633.7816438456584,0,1,1437,0.341737289560587,0,0.43922381500816315,0.6999912599458794,behaviour_anomaly,1
329.5743517852553,0,0,0,32.99050574006981,1395.4374910310678,2,5,1591,0.2898270375120233,0,0.28104441297928007,0.18030933345087918,normal,0
2749.4225355600606,3,0,0,6.848725048553233,3850.4084465916167,2,12,1236,0.11124033179093207,0,0.27264629860449413,0.08953590995221361,normal,0
7514.693805250405,21,1,0,287.8140515794806,531.8897824379422,2,13,2476,0.5138012555055497,0,0.33264121972686655,0.7347179493729687,behaviour_anomaly,1
4012.063668539927,13,0,0,26.514657673233682,630.3966647936204,2,10,1970,0.2557290998065833,0,0.2431903174526853,0.24706369389811678,normal,0
4206.76491927574,8,0,0,31.61705203664541,1454.5186345038476,2,3,2092,0.03908502612641705,0,0.22016494063226066,0.02723515369552184,normal,0
948.6891625590744,9,0,0,46.112485062518765,3068.3304987978418,2,2,2200,0.2422991447083866,0,0.08378049966159919,0.25557760729917334,normal,0
3102.699594128901,0,1,0,43.4379693363884,1200.850627754307,3,4,2483,0.0018914838957541978,0,0.15069474227944035,0.25465735086379343,normal,0
4791.495293286671,23,0,0,45.66856485791035,628.5527584062011,1,3,2347,0.021507264088629574,0,0.2604265288914256,0.26970159324414833,normal,0
3996.809828113462,1,0,0,24.348712580084065,2535.305420126576,2,12,1559,0.23320899565162828,0,0.09872174442893875,0.03998111266351845,normal,0
3044.6328742348232,11,0,0,9.394875997220087,3716.901122341002,3,7,893,0.07064918554682101,0,0.19771610015744967,0.14983552322185673,normal,0
3015.8818604312487,18,0,0,4.277083361278167,855.2529049222256,3,4,168,0.05088455834351354,0,0.19444334458541382,0.2263637064398955,normal,0
11415.649601419998,19,1,0,12.42249229578345,712.1302383268438,1,11,268,0.14318481703132901,0,0.5311296043885712,0.35527729856057766,social_engineering,1
1744.1811679710227,14,0,1,100.99441042240413,2389.8043511722026,3,16,175,0.11613205096518212,0,0.5642767348740587,0.6472069676404568,social_engineering,1
3247.3950769356143,21,0,0,42.7908928186987,2742.2860803703934,3,4,92,0.00020714234461478574,0,0.1559354273958543,0.2919458779216596,normal,0
216.16799285814005,3,0,0,32.31410727047126,3376.6578807675205,1,8,1352,0.0497980505876489,0,0.2621359613607912,0.05962386972758949,normal,0
19031.30020810623,13,1,0,392.26477758641244,3768.9712551830758,5,7,531,0.5002684043504491,0,0.23521798599670057,0.656154972364136,deepfake_identity,1
6304.296468771589,1,1,1,332.7045187630991,1294.7976344636754,5,2,1844,0.5447514770609548,0,0.2918244148820631,0.7035901193417314,behaviour_anomaly,1
3561.731059785816,17,0,0,20.405032423710285,3588.579042640299,3,7,2567,0.08923883323262362,0,0.16209574212096686,0.2390433386418261,normal,0
2268.6289950707956,14,0,0,40.55393902952546,603.2922257321515,0,5,1751,0.11826292913463421,0,0.16774601627310382,0.06068354919924108,normal,0
321.3217196870623,17,0,1,44.01858526879327,1426.9370911528858,6,18,677,0.16715706164244015,0,0.33466184062772103,0.7092476395118906,velocity_attack,1
1844.8739568994465,5,0,0,16.339142298460924,2375.8490169538463,3,1,2846,0.10807115664355056,0,0.2561654630956296,0.07089677514417676,normal,0
835.8281040035041,17,0,0,49.19205858346079,660.9033552016781,2,3,2393,0.14676795314700458,0,0.08607569268294847,0.13185567860067723,normal,0
1180.4708908346709,3,0,0,7.1221316916217745,2309.784551952165,0,6,647,0.05611465405112543,0,0.14326585127556338,0.2148081580847416,normal,0
36880.28829352922,22,0,0,104.15208654998182,1747.6354680609759,0,13,2642,0.44746926414537797,0,0.6619276857555103,0.23309040234916828,social_engineering,1
1021.7936826464304,12,0,1,38.64677434932532,2981.9256274360137,0,12,2867,0.2125685292857945,0,0.2519034103382146,0.11054830129327439,normal,0
787.5901391482234,6,0,0,11.667992577475328,3603.9483128545535,0,12,1152,0.20550072369008218,0,0.26582397473748365,0.21246412944854345,normal,0
4793.934713638074,21,0,0,18.9402057659786,2819.355043798334,0,13,1078,0.026016818402189324,0,0.236481809340456,0.02299993434562846,normal,0
4034.7101525934017,18,0,0,45.713362228614805,527.7391030259962,2,12,2329,0.035485994625931404,0,0.10196472757294824,0.2846010453593383,normal,0
12548.178785150845,22,0,1,91.13820064671229,2925.452186782698,5,15,1130,0.5251716240135137,0,0.0066967239501986575,0.4053807203257967,behaviour_anomaly,1
1096.0689551556604,8,0,1,415.34088699398916,975.6387214898011,5,31,419,0.2976079557577849,0,0.21911768603635437,0.6391906900691545,velocity_attack,1
1227.9103664309669,15,0,0,59.926640836901136,2395.681216878521,5,14,977,0.48805248656642575,0,0.2675910432653491,0.5789651263157822,behaviour_anomaly,1
2390.2674051243616,23,0,0,29.924305321300302,2067.6511255018404,2,14,2634,0.1685963835355148,0,0.07625285253434932,0.29630487332073924,normal,0
10505.653180469364,13,1,0,260.39039836169763,2769.2157692612623,5,15,2413,0.13372601010833302,0,0.2208383131791557,0.6519427034363161,behaviour_anomaly,1
4232.298222160627,18,0,0,14.856540647757216,1402.5231444344217,3,13,2440,0.2955677003176218,0,0.12023208461087723,0.0843079513811132,normal,0
662.7004412220973,9,0,0,48.113434083846826,1165.7934374574459,1,2,1046,0.003627808441802449,0,0.21640254870662542,0.19564084084818453,normal,0
798.2281602174148,11,0,0,22.523520582894868,2473.664177120524,3,12,2590,0.2647099034616192,0,0.2246686936534825,0.08058623612405953,normal,0
1091.240350875198,11,0,0,10.768846085253792,2895.5345590407474,0,3,159,0.07000811102418199,0,0.1297325538598913,0.19066259681379671,normal,0
394.69747874384757,6,0,0,46.009170150666804,948.7857823388454,1,13,104,0.29276414116446403,0,0.010045845230249317,0.16839297406465717,normal,0
3564.723738606821,11,0,0,33.2922801793032,2174.949733498732,3,3,2818,0.004035458791414481,0,0.07444946504717452,0.07686801644676945,normal,0
4914.354234054589,21,0,0,28.995296914117475,2722.388488831917,2,14,419,0.2912329218232165,0,0.06803749753346718,0.09868390139114037,normal,0
3532.996332332813,7,0,0,49.7958707438692,2755.5255198978034,3,3,366,0.18966012273034852,0,0.09413078563377972,0.23174952916920402,normal,0
4030.7652056947945,16,1,0,38.25506750850066,3375.078860359118,0,9,2926,0.10667998870200933,0,0.22689899356818433,0.12163967429531647,normal,0
2471.70080529608,7,0,0,49.97590657077265,3312.1779697226025,1,10,1249,0.10857926270782076,0,0.04611746647065483,0.1110274446406251,normal,0
927.1690283443645,19,0,0,38.36440978209915,3732.1987437440816,3,12,2782,0.24610533635064796,0,0.2624408716566108,0.26049932263888925,normal,0
2610.5825099743743,10,0,0,16.072475902117873,1477.1868172434388,2,11,354,0.08757928850076445,0,0.19232751150817726,0.019989334022965544,normal,0
1005.7081499404222,14,0,0,26.476594197210275,3654.0807034491722,2,1,2328,0.27039119587353694,0,0.2623937701194265,0.15078205581178789,normal,0
4548.408718029317,8,0,0,6.781047975229787,3124.0972458197393,3,1,378,0.1527479440555342,0,0.010652710611516002,0.2646304271063753,normal,0
4137.588494211894,15,0,0,40.050144881779644,1067.1445891816115,1,9,2885,0.07096821058586061,0,0.19061115266296755,0.07390345928095711,normal,0
4033.981898130256,17,0,0,31.943920280326378,3218.689429783756,0,7,1540,0.07406107395934203,0,0.2427672574075938,0.2638717539677723,normal,0
2048.2125500176917,18,0,0,34.17362972167982,3272.8942086236334,2,8,2981,0.15360121093209492,0,0.0484897579553531,0.17577966843156467,normal,0
2074.602875949291,2,0,0,5.63415228777534,2311.995781698961,0,9,1546,0.27184979919399904,0,0.2611210281558693,0.04306628284531426,normal,0
54362.38342722446,10,1,1,482.22160851472387,2557.7127735638564,3,11,2771,0.3304685076675721,1,0.374458360991985,0.4550438205005203,account_takeover,1
3818.0036434108933,19,0,0,17.603738647282345,762.7495240255092,2,14,1927,0.135714207159784,0,0.07236808633600046,0.1493170358266852,normal,0
210.56610735620143,12,0,0,31.702338373462442,3580.58709258019,3,8,2922,0.08302058843212504,0,0.04647811024025262,0.004009425801447586,normal,0
2837.347742607084,21,0,0,15.588539370806021,740.0754029357462,2,3,79,0.2594168897023786,0,0.21351515561375978,0.1755852132120426,normal,0
2709.269925438311,13,0,0,27.260036757678176,533.222684375995,0,14,2958,0.04381923448066575,0,0.008955105992339485,0.2934022766148942,normal,0
2674.8045060438767,13,0,1,2.26517120305843,1037.011033158926,3,11,408,0.1342647103646831,0,0.23177577900015006,0.025217771382308928,normal,0
2296.7633713101686,0,0,1,16.784272073995783,3710.1340077251784,0,10,2230,0.12962334577455073,0,0.03166666408330649,0.24592202566167318,normal,0
9922.430198936605,8,1,1,243.93992262244333,3435.3559290591616,0,7,345,0.8580686756899045,0,0.4333010266052073,0.4635946636767819,deepfake_identity,1
2344.1792191175005,16,0,0,0.6024987448124353,2467.6692889703186,1,5,2616,0.07089116312181638,0,0.1678151149498088,0.29038403562065246,normal,0
2779.9467190494197,14,1,0,242.24321282394195,3853.043533466281,1,12,280,0.7932025492057946,1,0.20996962573149147,0.3318171490519214,synthetic_identity,1
49134.33450899738,20,0,1,148.4261808534604,2555.1626943434567,1,5,1286,0.34776960609498747,0,0.8317388143761166,0.44933023145247475,social_engineering,1
6233.852599772547,18,0,1,192.08533127439537,3111.5936515499534,0,11,412,0.5378341368679129,0,0.07210366971223092,0.7941910742148222,synthetic_identity,1
2872.086623579376,18,0,0,21.639646210343024,3828.630872255583,0,9,280,0.12432384923659583,0,0.2663786412479567,0.012924860623583834,normal,0
2202.07073413759,23,0,0,28.092318735960127,1810.9849814006418,3,5,1075,0.23929555265232316,0,0.10314238949178436,0.23668945454389215,normal,0
1933.6138297261584,10,1,0,183.2151402260382,1500.7230679191757,5,17,1595,0.46173298002176766,0,0.15617354462226524,0.6554516497432894,velocity_attack,1
1638.0025749236338,20,0,0,11.753050250502067,1264.4064740169165,2,14,814,0.23907080498827707,0,0.011312280521267648,0.2005051289893065,normal,0
2958.61979435399,16,0,0,47.077098229898326,1987.66307830926,0,1,1563,0.1754346609324094,0,0.08289914329088824,0.12292132594619881,normal,0
20729.578412115417,21,0,0,2.190600382057295,1890.1246828367462,2,9,2083,0.14473175073404032,0,0.7804550597017923,0.6459346336730516,social_engineering,1
3758.741777535908,4,1,1,104.22684907017371,3705.5366861457587,4,2,480,0.35532351532280276,1,0.1815217015878206,0.7273420321081219,synthetic_identity,1
3124.0104343597473,11,0,1,5.636526606476449,1852.612604520779,2,1,418,0.18490130017083803,0,0.04375588597825534,0.19709949454669393,normal,0
2291.2924484736945,6,1,0,31.88903261592488,1934.753461605125,0,3,1893,0.13027301762971413,0,0.0022673524182486803,0.008835360091599964,normal,0
1601.6709934098196,1,0,0,12.094815202972399,3226.023331434303,3,8,2026,0.18033067456477045,0,0.2894361015510037,0.24275570617623587,normal,0
3548.0612895578993,1,0,1,29.427590728534035,2272.3467222394165,2,4,274,0.04255104884550682,0,0.22241122134949265,0.15908339164822582,normal,0
3024.529959692757,7,0,0,43.304706568268735,3883.207337630485,1,14,2091,0.2020441262695064,0,0.2406675220410075,0.22670038638111287,normal,0
391.67103170408126,0,1,0,12.244426473849007,1970.2620276970395,1,3,2588,0.07919961655616665,0,0.20528946679094656,0.2391670979465901,normal,0
3218.50822276382,18,0,0,45.01888644404656,3096.2191895272695,1,14,1101,0.010556725362047936,0,0.024523477056360765,0.29606124286543717,normal,0
1137.01590299232,0,0,0,40.3539578129366,2154.733605388721,3,10,2664,0.17847140607005577,0,0.1973879317557267,0.26164056506819194,normal,0
3476.5295033663256,0,0,0,7.3262909890684345,3122.9882978988685,0,1,989,0.25916651740050306,0,0.25715359055596687,0.09220665745079727,normal,0
4785.83021941547,19,0,0,12.445544158995508,3659.17670005139,1,7,1309,0.15274472857665092,0,0.01316658076719882,0.2641111559988269,normal,0
1721.400321777981,20,0,0,16.846433632353957,3083.9307319429345,0,10,2196,0.2046010452502988,0,0.2121553972444603,0.10011395411529259,normal,0
3342.2530131592966,14,1,0,27.584552305421777,1550.8083164700697,0,7,1012,0.18894042362748756,0,0.22589609988129172,0.2624133076038041,normal,0
1782.5948406704567,13,0,0,4.0258176329266595,3086.0530848102794,3,9,2730,0.2301229972607633,0,0.21383562923635957,0.11809912794430362,normal,0
1826.4025658374426,17,0,0,17.094505853101882,2708.90895900651,2,7,2617,0.17945547441800885,0,0.09741768675193033,0.23705335293125776,normal,0
3921.122331649334,17,0,0,35.30619739579116,1834.4640934290646,1,2,957,0.25416065399309556,0,0.27834330211307595,0.26538091685972903,normal,0
11711.069397885016,15,1,0,209.95334716744378,2104.865880548208,3,3,48,0.6643181550940629,1,0.13730570428964267,0.33449407918776675,deepfake_identity,1
1569.716141907411,5,0,0,9.504439608210163,1611.2251232778194,0,9,2142,0.28714707671040207,0,0.184949431480905,0.2925360425403772,normal,0
2141.1725595632315,7,1,0,16.89952500388847,736.8020777199379,0,12,1876,0.11419332718783039,0,0.0964260723470901,0.17325376383097293,normal,0
2522.659493042649,12,0,0,39.725292393737085,3096.472961110889,3,11,1784,0.218470057128935,0,0.1487627444858721,0.10320087479407847,normal,0
12243.767777334866,6,0,1,207.13892925359679,1206.391107031718,2,1,907,0.35916669672499246,0,0.41046172137387693,0.31582920045095836,social_engineering,1
3754.0955353830377,2,1,0,11.074907267149314,3576.0526592481533,3,14,2447,0.06498349745431672,0,0.2771571678033729,0.12178850361287442,normal,0
1793.7276833666267,22,0,0,466.5192763731798,2978.036341935555,8,26,2185,0.3808002170031825,0,0.2881463741337043,0.324229075895376,velocity_attack,1
1625.407725864418,7,0,0,24.280582924724254,1301.2809751056484,1,3,844,0.14746911357654807,0,0.1780522178888795,0.13146110913039777,normal,0
3263.3036889943974,10,0,0,49.87291644197992,2361.7894439037786,1,6,1327,0.16780691043492818,0,0.21611211756269152,0.15326506022703676,normal,0
2176.317442878938,23,0,1,12.968310103874176,2421.785032388624,1,10,259,0.1664320985330942,0,0.210929774988553,0.2923242333129391,normal,0
3931.26547368476,21,0,0,18.033056209159305,1370.0801629406787,3,1,498,0.05883019571898483,0,0.1876171890376293,0.19872702448596377,normal,0
3216.1780651022696,3,0,0,30.21590674576416,927.0996697275283,2,13,2659,0.2917618763303672,0,0.011825513488977235,0.16945633681224545,normal,0
3198.0950108056986,12,0,0,0.9899365059078624,3915.858536499248,2,14,2130,0.18480533756440864,0,0.17821419599067664,0.05499322291598806,normal,0
3520.992398696751,2,1,0,45.03396935100086,2545.233409187102,0,2,2736,0.006985596200081268,0,0.050042647947103704,0.21488648570698834,normal,0
4441.85783303472,9,0,0,39.096707051403975,3619.805609155259,2,10,744,0.013471508588180192,0,0.20474107402648842,0.001822330320034171,normal,0
1333.7332495442843,10,1,0,5.666704272385292,2993.2649526456908,2,4,2956,0.03508078147519859,0,0.11274935893133425,0.1918386256084251,normal,0
6903.923253257741,8,1,1,440.3105210692077,2391.986103644156,0,12,1646,0.4830281112119638,0,0.2538309720892167,0.8142096310951715,account_takeover,1
2604.532782262426,15,0,0,4.350338365531559,2511.7777637520603,3,1,2986,0.26014338857433617,0,0.11243481427825465,0.1756209123663315,normal,0
4024.805431976488,11,0,0,47.247637591116884,3392.4302340860004,3,10,282,0.2024988913937034,0,0.11390504102976196,0.2822240336057532,normal,0
2622.6050342554818,19,0,0,16.445282735077132,1872.7171878823676,2,10,2895,0.14348839664487312,0,0.23935136078441221,0.09738871555881565,normal,0
3870.2686391656284,11,0,0,35.40211685027609,536.3630725125938,1,10,2821,0.18155502683007518,0,0.29048840676379956,0.1575116706517106,normal,0
7684.2256924096855,2,0,0,484.0091842032109,1381.3250325164693,1,13,98,0.518748099541434,0,0.2416437285219606,0.7430099626234064,deepfake_identity,1
2999.316095300995,0,0,1,45.44091314008433,3878.3452811903667,2,7,2988,0.07614877570783399,0,0.15861330172462246,0.17157962435752097,normal,0
2118.5946656670994,21,0,0,32.81241390685573,1778.6649523093076,1,13,40,0.06098806927249847,0,0.06728530338307291,0.17886320995685331,normal,0
2454.8742289005754,6,0,1,7.7756822004344475,3635.099688695647,1,3,2562,0.20090675791850612,0,0.2552711495984109,0.10353706554671956,normal,0
2209.094310572852,20,1,0,9.784054272500764,1564.0461423079705,0,5,1867,0.2921993199049843,0,0.014420651417528962,0.13642436074653164,normal,0
5546.49849114785,14,0,1,122.11262325647616,2731.0803919502087,1,13,1936,0.5486431066184277,0,0.34587440390971524,0.5306781499789983,behaviour_anomaly,1
3108.274565324303,18,0,0,45.27304696842587,2760.790597664705,3,4,2476,0.22778078523916737,0,0.1836955868002009,0.2544693324271629,normal,0
17282.986592296336,6,0,1,39.44566509761993,3325.933877295411,1,13,420,0.46012010545686594,0,0.19553485808940324,0.6789024910761645,synthetic_identity,1
2648.8011554487675,3,1,0,38.06568872696225,3138.8465540388474,1,10,247,0.28829226435467215,0,0.2267476773230397,0.1519750217153067,normal,0
682.2077897135524,18,0,0,36.51848295939778,1020.3919523207331,3,2,2668,0.12287198159062834,0,0.06889591410182418,0.098234889695701,normal,0
3352.5694622603864,13,0,0,13.848214042110364,3291.33452127356,2,6,687,0.2772496695868387,0,0.28885777743820884,0.019560236219026417,normal,0
4382.061380056325,13,0,0,4.163544065403702,2723.9118436661306,0,2,2085,0.1041637048769128,0,0.20927776970666598,0.12104651010135761,normal,0
4821.304511451653,6,1,1,143.17533210386395,1764.869963496299,3,11,83,0.3693243572061286,0,0.06617476057657931,0.5182092631737777,synthetic_identity,1
3048.8529963326914,12,0,1,1.4071640522957285,2032.1544055449835,0,11,2197,0.2564050715805025,0,0.16357788634332002,0.1799183179773079,normal,0
4983.520501662137,8,0,0,11.014368014435139,2070.2841256770816,2,11,324,0.09479143265787082,0,0.10475635460108049,0.05893050110843505,normal,0
236.47598002326458,7,0,0,13.665861150705034,1473.2918257637457,1,8,2049,0.2495527689132682,0,0.003841890495374822,0.05621715278668469,normal,0
1534.8279798347273,7,0,0,1.8148139205374725,962.6437561833377,1,12,376,0.2048868167889411,0,0.12267029861258127,0.11908093132573254,normal,0
2964.261254971345,2,0,0,34.28665507762499,3299.2416714038645,0,12,1097,0.09143764024438734,0,0.16694681478683893,0.21291990467719377,normal,0
8891.135689308287,22,0,1,394.2125112664383,3768.8778323987603,1,15,277,0.754263707122425,0,0.3967628919667011,0.6743154405344888,synthetic_identity,1
999.5557566721211,13,0,0,375.57815663218156,1252.0922118683404,4,34,1878,0.2106512671129589,0,0.26796981573726814,0.49242921598992295,velocity_attack,1
995.9051213572038,8,0,0,33.44087969800829,2186.532394845507,1,9,112,0.09736650427207573,0,0.25508172418049874,0.21422589190862457,normal,0
1210.6163709122413,0,0,0,6.770063386086356,2040.2920558809933,0,14,2968,0.1930213588017187,0,0.2454684022230793,0.14628523735004262,normal,0
486.9488947350602,15,0,0,7.868772128674051,561.1915059298993,3,11,202,0.10617722695278797,0,0.18326239055892635,0.16793281910343438,normal,0
1948.692399212651,17,0,0,11.10218880335545,2633.4457967191606,1,4,1519,0.12555841403033763,0,0.1776420770509304,0.10656522469526915,normal,0
1227.9031069035073,16,1,1,163.13019473996638,1462.1734060994972,2,14,2783,0.19315602080887667,0,0.49678557454480726,0.6350865890030852,behaviour_anomaly,1
1555.8964065535577,5,0,0,29.027466093351993,1423.5095994493713,2,11,2035,0.1797596782851713,0,0.10743806213278663,0.052961264702800645,normal,0
19372.453572385384,6,1,0,325.1536870878997,3837.0905642274392,2,5,240,0.6681039908558639,0,0.3576587636279097,0.37406138783325643,synthetic_identity,1
1508.6429690158059,5,1,0,372.4964502440913,1065.0872716616977,8,19,1005,0.1560668389922433,0,0.031829527684170425,0.42772815802381414,velocity_attack,1
4130.154761808369,18,0,0,25.493873697704807,1670.6401031017617,0,9,290,0.1420508142652369,0,0.26967012593864503,0.2920745435804881,normal,0
3034.9946900683317,11,0,0,34.23191659315534,598.6492337577032,1,10,970,0.11456309838405013,0,0.16147002630448226,0.1582489714352276,normal,0
2168.7419460153224,21,0,0,14.807158220071026,3258.8631997318444,1,2,337,0.2996272644133255,0,0.24661542116096824,0.12202384877956873,normal,0
6349.05211927882,7,0,0,409.03724840702944,525.9292291625447,2,9,123,0.8075578372603842,0,0.34670296561715386,0.7838769823260181,synthetic_identity,1
1581.8556052648282,10,0,0,6.785703850050267,2068.8212162597347,0,6,1435,0.19785338170334918,0,0.051795442564309326,0.1250061510749122,normal,0
1286.0708304063521,4,1,0,37.20997624303082,2700.624486180618,2,13,2171,0.2855251547467802,0,0.08389241370874549,0.09592248945552731,normal,0
137.5537599812041,3,0,0,4.755468710919591,1522.077294045585,3,9,502,0.006709102394124566,0,0.17670815786456945,0.09006662561632742,normal,0
1131.3870792748078,14,1,0,416.7887786839437,654.2810796605673,8,38,848,0.27409016534919556,0,0.2399356266070469,0.3667557035208204,velocity_attack,1
985.8472377556598,11,1,0,0.571259370187549,1827.1002568246524,0,11,819,0.13168173207851863,0,0.024016440197013465,0.19317517952376542,normal,0
1235.1913367788727,3,0,0,43.66058298467148,3655.2876499696067,2,3,136,0.02279729874198475,1,0.08810139157265023,0.07723411365493507,normal,0
2192.8147222656817,20,0,0,27.864316350008362,2650.6604947888145,0,5,57,0.12594577337537702,0,0.23738847313467684,0.08884623298221776,normal,0
2114.0032688011743,5,0,0,29.47157415003035,1416.6490746002587,3,12,1161,0.2469401722446555,0,0.2520701243313709,0.19096296872955443,normal,0
1400.098074021788,19,0,0,44.13620721372294,2562.2336368271526,1,14,1722,0.18806454096914504,0,0.2939620955554624,0.13380858208867372,normal,0
11739.799432831967,14,0,1,77.57201540274325,2694.4992797135965,1,10,1642,0.43790947924329315,0,0.6300196464663901,0.5800879411304802,social_engineering,1
1504.0521354285936,9,0,0,37.36511268742945,871.134682970843,3,3,2639,0.12317539689713734,0,0.10767987097125974,0.09935095209757057,normal,0
782.8447629568383,5,0,0,20.82672530603073,2202.751449359497,0,9,2258,0.014725593680157145,0,0.06720620028336062,0.14600944136473432,normal,0
1589.318310049634,20,0,0,8.630161462056485,2706.4598074867085,3,14,2509,0.12756437078000257,0,0.1186172106753362,0.250526679529159,normal,0
4135.755692669971,19,0,0,39.4107840697252,520.4970426444662,1,4,1535,0.10759938430487725,0,0.21012800509321647,0.014394049985456181,normal,0
3714.501990274123,0,1,0,237.11295316149273,1129.8826190290715,2,12,46,0.53914525986674,1,0.08720499786686246,0.3764806134215347,synthetic_identity,1
438.1372038027999,3,0,0,2.9578047768639646,3141.89603528079,0,6,2014,0.27218892597621847,0,0.29397467363334034,0.20697028680016186,normal,0
4642.906531135802,11,0,0,34.4044461524347,3180.9755359319624,3,11,1080,0.17663581359054104,0,0.2819694830574206,0.10390837077737347,normal,0
6021.471745762671,14,0,1,366.18621432152645,758.4682558860366,3,6,399,0.5298704907081548,0,0.3903463095997448,0.2696279197862663,synthetic_identity,1
1788.3809476905858,17,0,0,195.18703030829548,1199.7248540323371,4,21,153,0.33747893537058155,0,0.2940912304732514,0.36176455620505904,velocity_attack,1
3396.2446716236004,22,0,0,1.9630960518287055,2872.17701791959,2,12,2430,0.0383199845780862,0,0.10487626844751446,0.052960304478014295,normal,0
3751.552239185089,19,0,0,19.867797705302863,2629.4728415988975,1,12,590,0.22733923941967807,0,0.06455491265603626,0.24360049313324034,normal,0
8079.5511752002885,12,0,0,128.4915592238688,1661.060532186535,4,12,1503,0.3993131556574192,0,0.5742444664342393,0.6630969358761125,social_engineering,1
3883.161842317346,7,1,1,181.41290860448908,2430.0003228133364,1,10,395,0.5047656460636364,0,0.22065421705510152,0.5013408102002261,deepfake_identity,1
3291.959902924135,18,0,0,11.746413164537579,1933.6985818395942,0,13,544,0.08682646300937684,0,0.10784839476681077,0.08814207413000276,normal,0
3647.46797178386,20,0,0,39.61180836221344,2695.065072245908,3,13,947,0.23321787561143492,0,0.25259568549111483,0.23399927064621992,normal,0
4416.386286669287,2,0,0,30.1138740249885,3264.6072830838093,3,10,2370,0.2980045381906203,0,0.1807639919040713,0.23504261474728413,normal,0
38715.94564140431,11,0,0,138.12235757542646,2426.3435419808743,4,9,1291,0.24020603016332148,0,0.6331732669170116,0.3565178713029947,social_engineering,1
1734.0459432434718,7,0,0,203.6365531041698,2591.4561707459593,9,25,470,0.37825936800621585,0,0.3885179302874841,0.6915604690750512,velocity_attack,1
4819.264046786951,4,0,0,15.032593650258196,893.180312154142,0,13,288,0.1784759250642665,0,0.1258696574876705,0.17928668263290837,normal,0
4168.542006712647,11,0,0,31.653948377846685,3643.2707794227676,0,1,2560,0.1275697007494369,0,0.4965511309118203,0.6901275179684943,behaviour_anomaly,1
1287.5331061701354,3,0,0,5.332635871396501,3602.8502730189143,2,12,225,0.1686951598935135,0,0.20581958797223973,0.10603423304739872,normal,0
4904.784312597545,18,0,0,20.503122423928527,2726.4768879885933,2,12,1857,0.2016082187055438,0,0.2979767270237416,0.20151657929626668,normal,0
2706.171655874581,22,0,0,35.73993038665478,2737.602216075215,0,6,1101,0.03912328293419851,0,0.21140488081024886,0.2849912739731125,normal,0
900.497116152259,22,0,0,3.2162097264524734,3434.3903696874663,0,10,2556,0.263483447376955,0,0.03785190493481109,0.17286709662660113,normal,0
2527.9074494103725,3,0,0,36.813138388882,2949.6065249302046,0,3,1604,0.13526290823331955,0,0.00830893471357711,0.09401492408881999,normal,0
694.7934489810915,13,0,0,10.41711339605056,619.7510517268696,0,6,2348,0.16076030482492007,0,0.15364448008311185,0.0713694444097935,normal,0
2960.196579883683,4,0,0,35.392960013681936,1852.276186923609,1,2,1460,0.12982254769871188,0,0.031038620976510743,0.05411151203314639,normal,0
252.6305546876162,0,0,0,48.76904369837059,3727.349650441939,2,10,2355,0.2694981969913149,0,0.09697629430738577,0.2641827676546764,normal,0
16900.92273803807,4,1,1,145.7584501276966,2989.530283420827,4,14,375,0.8474330107715826,1,0.08361700221840387,0.4589828587632705,deepfake_identity,1
3877.4697983545275,4,1,0,24.731693150995888,655.3639646131512,3,6,2848,0.08067340535941793,0,0.24618292744567077,0.15969462457578615,normal,0
4521.823863101907,0,0,0,40.747898374645125,3962.4971293506173,2,7,172,0.29074927818834184,0,0.20293482238371494,0.15629023770084505,normal,0
641.9576344784881,6,0,0,0.24701525024786175,971.5899480568295,1,14,1870,0.022153950990897574,0,0.10459975068104302,0.056141964211699334,normal,0
636.1202381291353,5,0,0,167.91336344403734,1285.8901064037914,5,28,2954,0.24531422914662337,0,0.2887037302796291,0.5755099855792526,velocity_attack,1
21944.4753395703,17,0,0,121.91790821505583,2193.323328451994,4,7,891,0.2881803652640958,0,0.7586085263549548,0.6137515706476095,social_engineering,1
1279.28552231005,12,0,0,21.6859813610077,3967.649291909442,1,13,2239,0.2431577353094061,0,0.0972034847648527,0.22600996870255244,normal,0
3576.0052269394923,13,0,0,27.866621237537565,3622.9918020531577,0,3,1220,0.02888116287563387,0,0.05715411687025503,0.15941350154289433,normal,0
2080.2875760900615,20,0,0,0.05146577826833365,2107.8880269806796,3,5,528,0.20369817444230973,0,0.2066407267031826,0.15445611366628842,normal,0
459.48393055205304,21,0,0,41.17763635882828,3646.316059303793,1,2,385,0.22597661758602824,0,0.20074657870608123,0.2396753313647321,normal,0
1708.3422178238632,17,0,0,45.66780987674451,2962.625936614045,1,3,405,0.0939126786269355,0,0.09958562824889167,0.007654691339775077,normal,0
42689.70044021404,15,1,0,743.288974899212,1984.9325534410993,4,5,2798,0.3701582311906708,0,0.4224324700150332,0.46864632459169747,account_takeover,1
3414.915590308508,3,0,0,27.81188628501452,2203.5481685938207,2,2,194,0.06597665544770022,0,0.14851309798714088,0.10967238198388758,normal,0
4161.528492824787,6,0,1,26.33825855454561,3236.1508656129354,2,4,2136,0.17319420793694995,0,0.06105249369062943,0.2772076445378754,normal,0
4399.128052446981,11,0,0,33.51879552176694,619.1728354374688,2,6,274,0.16635388190039618,0,0.12509687402512634,0.13251437163602248,normal,0
4074.5064726740075,3,1,0,37.78304524067999,1660.6313421148193,0,9,604,0.03178271624394726,0,0.12958038606072939,0.005923691840865064,normal,0
1323.3778684271279,11,0,0,5.85282294822933,694.734346646644,0,3,1464,0.044635300121313046,0,0.12992373200544255,0.05049330740749947,normal,0
148.62672352639458,0,1,0,31.94039341321892,1384.2691411964731,0,7,2140,0.06053783868236413,0,0.061688078058057004,0.0246565921946966,normal,0
1308.6272174464918,18,0,1,21.154368492695212,1615.4354325130344,0,8,2367,0.0011357200897190278,0,0.18263532799122434,0.10421760528975062,normal,0
1363.6496586226913,21,0,0,22.179523319007586,3319.5731533473645,1,3,1097,0.08429518238484714,0,0.04609423586629804,0.075901561892964,normal,0
4154.866100373703,16,1,0,0.23830652407682007,2170.215684854548,3,10,2471,0.09460421667917576,0,0.06684127221665516,0.1115746472060222,normal,0
920.0494579602268,17,0,0,38.06263762966166,2660.5559960028995,1,2,239,0.13512475162015328,0,0.19650152291074066,0.2260134537784604,normal,0
1768.9604162483292,4,0,0,0.5499200535229898,1373.2500218304733,2,14,1911,0.27649262576837313,0,0.2796641066480599,0.029313650373590936,normal,0
3501.337810198172,4,0,0,33.30481088789607,2886.2831612292002,1,3,2693,0.15663035556188984,0,0.20220599634489314,0.10136656837690837,normal,0
14378.41229241678,19,0,0,169.97963927949712,2964.132347095591,3,9,1183,0.39095732384485454,0,0.1748334095501109,0.641503534192661,behaviour_anomaly,1
2198.1023267548403,11,0,0,27.389416746021784,1364.4472119886113,0,8,848,0.2074073712091999,0,0.02735405776555655,0.177573391890334,normal,0
3649.2602039308317,17,0,1,49.56479034501989,3293.0589233770165,2,6,1025,0.2157627263271109,0,0.013969139372185312,0.0035734122525501897,normal,0
637.7073735197672,4,0,0,44.22287377802566,3634.095223822329,0,2,1324,0.0065542190668889996,0,0.15937782597516467,0.011045832276848655,normal,0
15367.576102149036,21,1,1,140.200470923413,2839.639698967382,3,5,480,0.6043445830914249,0,0.1057531238640177,0.5235158104136582,deepfake_identity,1
2276.107428842431,2,0,0,9.729804641177282,1710.575974910382,2,3,2561,0.011852165836186456,0,0.28450794195253415,0.17711229635402653,normal,0
4019.2907541418444,23,0,0,48.65656941807986,1173.8074584036488,0,12,464,0.1452329395183626,0,0.17477515892941645,0.14154988249427264,normal,0
772.0275919484415,16,0,0,0.061726230144426575,2728.990493689782,2,11,565,0.24808114551458005,0,0.06073328404861885,0.11358987268433063,normal,0
4885.149014282231,2,0,0,25.5765472238007,655.5521671358307,2,8,827,0.027853763437172028,0,0.17007095463920097,0.1171189282762486,normal,0
1861.5066409768003,0,1,0,36.648483386082745,1639.814639224089,0,14,2862,0.24749335578000894,0,0.013419790848558521,0.10373635178890524,normal,0
1496.9663265998508,4,0,0,30.393600549575915,3304.344782255353,1,2,191,0.25821580450775217,1,0.19372562765223417,0.23866854485112354,normal,0
1131.349017058918,22,1,0,98.91567991859262,1208.8564690480675,2,7,529,0.8705980909899885,1,0.1774106899745379,0.4097653779272251,deepfake_identity,1
1597.4606559020528,1,0,1,25.521359806360966,3116.743204539561,2,1,2646,0.18775863903255002,0,0.004789051281100398,0.1703381585632807,normal,0
14586.490824931025,6,0,0,16.950010959330296,3291.964754646052,3,19,1254,0.07552765997343652,0,0.12543220865043925,0.7443349081290682,behaviour_anomaly,1
2436.5105008923097,11,1,0,17.49880154890905,3510.8383760104944,1,14,53,0.16640342820542658,0,0.05293700188753644,0.03610883055666298,normal,0
3517.6101621794896,13,0,0,49.962304594201285,2922.7914494451716,3,9,247,0.21774656720374988,0,0.29771861065357974,0.2795907840857118,normal,0
948.8650264096759,0,0,1,466.0666434873146,860.9949863568071,11,21,784,0.3103595413912527,0,0.04842367752553618,0.45291106243321194,velocity_attack,1
11873.173006783627,8,1,1,68.45200714745489,734.1697332078572,5,15,1004,0.4415816569564439,0,0.3206370094698699,0.5702754067191955,account_takeover,1
5407.998907828048,18,1,1,464.11791062299966,2689.175622234654,5,8,173,0.1532941609378239,0,0.34220890554705313,0.5503248704980234,behaviour_anomaly,1
927.4064705149356,9,0,0,45.741044679310356,3461.9800373170583,2,10,1099,0.23231063615465045,0,0.23417891654971817,0.22208499918430763,normal,0
3419.957110548871,14,1,0,17.957965608509657,1200.2520028557612,1,8,390,0.08876701783139845,0,0.21483447821395968,0.16064907301468825,normal,0
4039.3966870073496,21,0,0,49.159670487405506,2824.768223607168,2,11,1459,0.056224080432160095,0,0.030274783310667918,0.04958239668547075,normal,0
22065.18318090564,1,0,0,287.18822152426725,1130.511425143693,4,13,1688,0.3800493812607288,0,0.7941998210681389,0.5989896463589239,social_engineering,1
4518.633761463575,6,0,0,47.106165687875205,1458.398340969743,2,1,2705,0.15935393328998898,0,0.2697284244800274,0.23835803189951146,normal,0
234.92992736038087,10,1,0,43.29360242447955,1642.7160323511405,2,2,2499,0.0003887639735334125,0,0.229298694573774,0.00039245985752905943,normal,0
1829.4966669165472,13,0,0,0.9305508178078681,3028.1259250758967,2,4,33,0.24534983362244217,0,0.2785318846067307,0.27182928408352997,normal,0
12574.800561980288,19,0,0,382.48753790431965,1775.7296403892615,3,2,384,0.3789250831878832,1,0.06693579613083513,0.5058301187120078,synthetic_identity,1
3123.625928977226,5,0,0,22.986341197460096,1360.4376171783776,1,10,1116,0.08665081454334485,0,0.1887028233003531,0.26871657202024823,normal,0
1171.6780215855579,16,0,0,20.899712894000793,3783.0651064799995,3,10,2639,0.09759564837229152,0,0.01126232554384775,0.10289773997077382,normal,0
1471.8975589353925,6,0,0,23.647093177085743,1402.2114261400875,2,8,2070,0.12224402535514134,0,0.29881952398338646,0.12311437955209287,normal,0
3638.1475971934115,7,0,0,46.012272286140295,1737.1351758397132,3,7,2053,0.2867093823001285,0,0.18670243898760053,0.16361757486241854,normal,0
4803.941782499984,21,1,0,206.22941649861238,2647.980499223852,5,7,2328,0.4034632789957407,0,0.4575572438939828,0.7079530675464296,behaviour_anomaly,1
3176.711908505448,18,0,0,17.16248454027962,2773.6168330216174,3,6,311,0.08953143806553449,0,0.18631666635451236,0.022079353804650138,normal,0
3089.03634368948,18,0,0,37.08387298241663,1907.2464056609977,1,5,1016,0.09676342253571847,0,0.09994122139121078,0.020154562068043013,normal,0
19799.075796711393,19,1,1,294.0714641191388,2851.9360532776814,1,2,230,0.7197940288773772,0,0.08408518151301349,0.6900355875063866,synthetic_identity,1
2811.518829773882,6,0,0,25.378531047633103,2995.306398049341,0,8,1479,0.24308676907528315,0,0.04714888242372824,0.25472243193380323,normal,0
3542.90548811903,6,0,1,14.724635750177,1989.211646158919,3,12,1882,0.28199949528913126,0,0.20306180000053717,0.10706009978019047,normal,0
3717.1113902159404,11,1,1,278.7553110985976,3817.1059336913186,3,7,2076,0.5681362761600119,0,0.49548618533246414,0.6035280279739971,behaviour_anomaly,1
170.1448605685939,22,0,0,11.466828595253636,3602.5148335310228,3,2,37,0.02412873601990275,0,0.05039144015247805,0.21261508917310654,normal,0
2256.7472193240465,11,0,0,38.81125264360114,3883.3010305238536,1,7,534,0.14500855588551867,0,0.2200581635704324,0.27467519510188654,normal,0
1841.3843865601232,13,0,0,14.611342745180394,3071.823908527625,3,5,2884,0.011640907957315516,0,0.027054212226268238,0.04600073427555602,normal,0
3572.8490189405848,0,0,0,48.933359348661625,801.0915386040456,0,13,743,0.12569287539594798,0,0.25573202871158507,0.18642561516659867,normal,0
2288.9011835667498,1,0,0,47.819087241694284,3523.8310201899285,3,3,2023,0.22950370878866955,0,0.25241429421296413,0.204904830159835,normal,0
2893.2997334378883,15,0,0,22.745834601673074,1861.4007445788868,1,2,99,0.19120841735277264,0,0.24369429814567817,0.16731595699440827,normal,0
1917.6109399730494,6,0,0,27.424322304795755,2829.766438884974,2,4,773,0.1906300240970786,0,0.1161318543503934,0.2883854683304687,normal,0
4809.563878497205,5,0,0,20.308488297861736,2858.6097924169662,1,3,393,0.20615185668661415,0,0.08750809827604761,0.2368810671089902,normal,0
4984.683834045142,1,0,0,28.19536104030006,1738.9094271738281,3,2,1662,0.23508322067801032,0,0.2098981131914796,0.00252184014248924,normal,0
3208.382075471267,3,0,0,38.78124540469172,557.4236609162829,0,3,357,0.2955752174087249,0,0.11895762037652721,0.2111180469302278,normal,0
4078.144007650861,8,0,0,44.334534665839335,1556.7722818988982,3,10,2401,0.15579794760739615,0,0.027189075941815865,0.11907273656357492,normal,0
12254.007951797998,1,1,0,407.7786575155458,1760.2984325706443,3,19,1996,0.2964446911225703,0,0.2651827372418174,0.5342867891980629,behaviour_anomaly,1
863.2889768428338,6,0,1,16.411227142751205,3971.9630416335995,2,13,2978,0.13783939935133477,0,0.16374049853751474,0.14558153273537844,normal,0
3456.4225243282303,3,1,1,64.9052085536524,1335.319617093598,4,4,318,0.6550748774520284,0,0.3023536784987121,0.7542875824892559,deepfake_identity,1
252.55700613410568,8,0,0,2.4924697317520836,1508.6121947230233,0,10,2846,0.050851281772231215,0,0.012885049305035734,0.08620355388244003,normal,0
2101.4207440464234,8,0,0,27.196478126451158,2011.7214176286259,0,13,578,0.08831960010767857,0,0.001081397747187074,0.26818363072194973,normal,0
897.6758471105239,12,0,0,18.936857363021943,2652.520754836085,1,3,1486,0.06219117132183494,0,0.1283189262947883,0.047860348237698365,normal,0
1874.953664096213,6,1,0,17.83832907810965,3092.749470110445,2,4,1973,0.13554705458420913,0,0.21204525321844298,0.27491038998024636,normal,0
3800.1725528007332,18,0,0,47.42915698165006,3925.854718987195,1,7,2795,0.005670218199425236,0,0.053878584419885966,0.2816780104818686,normal,0
2164.98029790324,2,0,0,7.134039074059379,3589.914220187792,1,7,294,0.21065767348921247,0,0.05074855357792246,0.1342186031184235,normal,0
1649.7237336736032,21,0,0,48.52893275988394,666.4243076482906,2,9,159,0.09678175525653115,0,0.11485609308843536,0.23739270361877005,normal,0
2737.826521952996,22,0,0,34.41681741899469,3458.608618658117,3,10,2527,0.04818606222661276,0,0.286356902938821,0.23601144584616912,normal,0
2963.140128423191,4,0,0,35.39326015013861,3525.4570924722766,1,5,756,0.15553628852167628,0,0.07646315502060808,0.16361294874408241,normal,0
4044.0432065230493,16,0,0,49.43465669935653,2615.4924642306073,0,9,2069,0.05790141137117585,0,0.11540497758736595,0.2867376316235105,normal,0
1310.8058466497175,21,0,1,28.413592715001673,2050.491938640593,3,7,1372,0.12461703916904258,0,0.20613931748444136,0.2539521122395085,normal,0
2607.7242371904554,14,0,0,19.673537208169588,1793.4252978092318,0,3,871,0.167194961121048,0,0.03610079965338226,0.2700027192177334,normal,0
4780.064515729337,10,0,0,6.700916108206134,1992.2098147809795,1,11,1939,0.018880786320732444,0,0.10643565381553971,0.04865640176969016,normal,0
4344.263114297182,20,0,0,34.35119190356026,1138.448615531881,1,3,316,0.04915468403293727,0,0.0030724262971699723,0.11195905461207312,normal,0
744.2966875001099,5,0,0,6.939481686800719,2066.5387253391555,0,10,1241,0.1823727348927527,0,0.01684395661654271,0.25438685523790994,normal,0
19532.02949669327,21,1,1,252.05934484546597,3510.9651606117527,2,8,598,0.7482355117774124,0,0.20483732919138786,0.3426695428573072,deepfake_identity,1
4573.903187760295,3,0,0,20.78136192687966,886.5629623513705,2,6,1937,0.20073176694218584,0,0.23145440037597792,0.2880355118659473,normal,0
2137.510983290214,10,0,0,46.709722095427686,3810.8118707372328,0,14,430,0.09823763237974804,0,0.28090040445246717,0.06984170410132536,normal,0
4180.851957973741,11,0,0,322.0934890540612,1657.2510093776586,3,14,304,0.8484528399755337,0,0.28665610444154155,0.40739461613074157,synthetic_identity,1
2536.156343641294,20,0,0,31.130386092622775,1005.4220545623357,1,4,1088,0.043107359218215735,0,0.08583480633732704,0.24516199621521867,normal,0
220.4758906481274,22,0,0,21.48007070838235,1951.859936656007,2,2,2270,0.10250074201332506,0,0.22882124030911424,0.05671279557779933,normal,0
669.0809049825755,3,0,1,49.19887887039304,3378.3637105127987,2,12,729,0.07833704054025696,0,0.08172386596466742,0.08632075130655521,normal,0
2220.3727664965527,8,0,0,19.27419000252123,2521.1776631480825,2,5,992,0.1699782810714581,0,0.17568954000867726,0.15907040336329986,normal,0
502.641170634494,10,0,0,14.086479572483046,758.4624618634198,2,2,2296,0.234172581973154,0,0.23315929696153043,0.03998711428256931,normal,0
421.9048088763923,13,0,0,33.179438949891654,3741.0035164711635,0,4,1390,0.2569829415862173,0,0.012824458227866764,0.06299775971736998,normal,0
2046.7077237457995,12,0,0,39.43747395006356,668.5934009775087,2,14,1438,0.06729464249200061,0,0.1058825397927648,0.15993997497108428,normal,0
4757.602157672397,3,0,1,13.788438068303572,842.6927898945022,2,3,2705,0.1842903075537664,0,0.16645084038756022,0.09321349500267366,normal,0
4939.57323918357,15,0,0,8.431538227258118,3284.2866098090367,3,7,1952,0.2612847258959867,0,0.021395187616274257,0.18483067240353482,normal,0
9549.46261744416,2,0,0,66.45238578463025,514.7319623175209,1,16,284,0.48529357181802,1,0.1659318624252042,0.5665021295678001,synthetic_identity,1
3845.7595675699713,16,0,0,5.4556322092788765,2950.8527201394663,0,4,1595,0.060059764995153926,0,0.2651243883538479,0.19731482654925156,normal,0
4255.735251576587,11,0,0,38.063214061249376,1742.6608851781039,0,2,1426,0.05449166696339231,0,0.00018674116955158526,0.074871582060785,normal,0
878.6500215798325,20,0,0,28.190956253382026,2844.715504147213,0,7,360,0.060812867491207144,0,0.02671249981359638,0.2536959420948247,normal,0
4934.6467070090175,13,0,0,30.150413621127452,3491.8833464329864,2,12,2255,0.2515318269592055,0,0.06632687329008344,0.2102046266440511,normal,0
3222.2872363605743,11,0,0,41.55741335818428,1012.3401679995596,1,6,2124,0.10070329306765963,0,0.1774871419380854,0.20089607857529226,normal,0
4226.610345586867,0,0,0,20.905386139321074,644.4867021098195,1,11,2261,0.22264332766535114,0,0.09890240837776478,0.09080422481163099,normal,0
4931.405212732067,16,0,0,4.440373970152095,1765.0545401375077,0,10,1802,0.1500768628121925,0,0.22842688739710076,0.22906588251548604,normal,0
1232.2665032815498,5,0,0,47.71084084173534,1945.1081045287533,0,4,88,0.14273795896086056,0,0.08981997032876317,0.03176564526594694,normal,0
8747.414062471955,3,1,0,136.0232631187658,687.3171141182886,3,12,1370,0.636319316807356,1,0.4612895985472071,0.5770207268954606,account_takeover,1
1230.5798142205078,22,1,1,433.5429912653101,1603.7354619953871,1,14,222,0.7732629738960113,1,0.20975765866165552,0.46162892386615906,synthetic_identity,1
1218.3532811191255,10,0,0,38.77742253971445,3758.3963597453244,2,1,2170,0.08356219072964471,0,0.20439347174800868,0.01750674177927045,normal,0
2048.300654909066,8,0,1,1.1183111482882924,2387.297799339483,1,5,2997,0.20943653390795347,0,0.1716640511786166,0.1650725859090341,normal,0
2759.3497724032213,17,1,0,23.20553969454096,920.0770479622006,1,11,2087,0.014613418703262503,0,0.18368672617391302,0.014759445468669351,normal,0
1906.6651372374965,22,0,0,42.81300843833042,2174.624645346914,1,6,2615,0.09612264751567393,0,0.14855589142742534,0.2378142140544151,normal,0
20349.781857147376,22,0,0,178.01982917774498,3393.1937482427415,1,2,41,0.8361426045637392,0,0.13365599040427978,0.33020009969455727,deepfake_identity,1
771.8375580720954,22,0,1,5.88515311375733,3183.0618915131563,1,4,1457,0.03555967228487648,0,0.10605777569374313,0.20144475879226598,normal,0
3209.889238944313,5,0,0,42.28979663484822,2862.7479671531105,2,7,143,0.045976488695734716,0,0.07174662765961341,0.19189729518043092,normal,0
689.8991360665361,11,0,0,12.647642566678535,2802.90336847827,1,9,653,0.20228060688429497,0,0.2597724419041129,0.13005166744608834,normal,0
4907.6042857799275,17,0,0,5.750605471626857,1259.995909024992,2,14,775,0.1813676273075436,0,0.25075249932659777,0.14968958631142568,normal,0
2346.7627435212644,9,0,0,16.32155742616191,2073.5807652844414,3,11,1399,0.2055489366422701,0,0.21407917782749442,0.04551889130011335,normal,0
9304.773837080902,21,0,1,366.5004077982595,2173.4025081707514,0,14,211,0.4893691439828988,0,0.05878883537373051,0.7446343244600422,deepfake_identity,1
26753.40079730237,13,0,0,299.1190483379016,2229.453668523931,4,14,1637,0.31938231214802615,0,0.7922290179726144,0.5195644383297351,social_engineering,1
610.1320517244119,18,0,0,35.690432483838954,715.2208492101834,3,12,1567,0.2644931265542804,0,0.06416146100093269,0.015363537664756077,normal,0
4380.730790812355,9,0,0,31.256074187629835,1518.6564978527058,0,8,723,0.17441732975935,0,0.05311612970404239,0.040338992986182716,normal,0
3283.2685800626055,15,0,0,10.987345831405253,3404.9777605185254,0,14,2735,0.08691477575529524,0,0.24344818124358197,0.0057820852422632235,normal,0
2077.056748232298,6,0,0,26.817640529522013,3441.02827331785,2,12,1538,0.17951731918175076,0,0.1151396031143434,0.08578784096609551,normal,0
914.5238740531278,20,0,0,6.645924770067646,1603.47404415895,3,9,620,0.16454071571505186,0,0.15535635246011903,0.02899180033302516,normal,0
4998.61659910204,19,0,0,33.47986082885476,2608.3941136809476,3,12,1696,0.23817379582108358,0,0.04464957345943131,0.15707808825604883,normal,0
681.3544521337435,23,0,1,45.2140418331003,3223.8746016476225,3,4,2773,0.028297342996966256,0,0.0021142837503031475,0.09017798609764624,normal,0
2752.8972760031675,21,0,0,0.9709848098697405,1553.5814657209928,2,4,343,0.07206045775618494,0,0.09799031616789267,0.1855456003298259,normal,0
26965.247122024746,12,1,0,638.6059430242741,1074.2980086194175,0,8,2408,0.7173123186103925,0,0.19492064034551165,0.9375321562037597,account_takeover,1
3628.771558561607,20,0,1,23.288246165025818,857.90636713383,3,3,1447,0.26640595327394256,0,0.16057946125643563,0.12983085346335801,normal,0
3564.1847885330094,4,1,0,32.87635173485533,3675.9519182218196,0,11,1466,0.17970216381049672,0,0.24396009849679906,0.04335871921944727,normal,0
17019.743645238173,9,1,1,138.68119885037382,2063.108132014253,1,9,1741,0.3868259159360289,1,0.20503571135750132,0.6343457002175966,account_takeover,1
3092.8223482712647,6,0,0,27.78482543968704,1685.7527688424177,1,7,1728,0.07442754180053804,0,0.011303923532592807,0.20608862588098945,normal,0
4983.814583879586,2,0,0,34.617047195630626,2362.975152517823,1,5,2270,0.25510369844005987,0,0.15357324631457306,0.15320091585937148,normal,0
292.6294852213848,13,0,0,2.4739095527069654,3069.5158898433265,2,4,2908,0.024672462986620368,0,0.26343514820545627,0.13958557592901774,normal,0
2618.548496883073,2,0,0,21.797457521756115,584.390862251497,0,5,1075,0.23960305989310815,0,0.17169664273387178,0.26183233789347604,normal,0
4943.262870421057,7,0,0,48.03394189790293,2865.604362108714,3,12,2281,0.08678257895111123,0,0.28565461817936977,0.2163511274625692,normal,0
3684.788656601126,4,0,0,44.24473853006965,1056.1690220642377,1,13,1402,0.027390511982019694,0,0.21273966394811675,0.0179943050758786,normal,0
2225.873081266068,0,0,0,1.4385408559726476,2242.6384590400494,1,9,2784,0.08856485870785043,0,0.09476288426759132,0.0766302285944403,normal,0
731.5106373621812,12,0,0,38.56286099589376,2515.8382958103257,0,10,2516,0.002543916307652361,0,0.02929017655008229,0.13490218378503982,normal,0
4002.5587514650388,14,0,0,21.789918742716452,3483.7669779128,0,6,1157,0.22523637749880332,0,0.0013542143783623394,0.29665879823507596,normal,0
2709.8246056296134,9,0,0,12.348442398510612,546.7796711612561,1,1,870,0.25444961804384825,0,0.08539419433844182,0.08617390768050905,normal,0
512.1233499634875,9,0,0,16.69208150346711,1768.5020970240932,2,10,2650,0.05354930399232564,0,0.19215854441897806,0.009790405898419697,normal,0
273.0256392071715,21,0,0,15.243059538904285,2496.699440250142,1,14,1656,0.08735623764556767,1,0.10685116454059858,0.16430260560324597,normal,0
676.0013707360779,17,0,0,13.157561836710595,2006.9769475945263,2,2,2422,0.12721504054924224,0,0.17466176989981122,0.17829911256946568,normal,0
2194.9509899568934,17,0,0,16.19640407828849,860.1038271197688,3,8,1412,0.26312237449818565,0,0.1282764220941966,0.19833472774666575,normal,0
4144.536754207345,15,1,0,42.83075641570606,2956.6146190959594,3,6,673,0.20004470250470835,0,0.0828764315016204,0.09038664708936986,normal,0
4561.968014350667,11,1,0,25.003259594345835,732.5689690144865,1,11,461,0.04536881301937274,0,0.25313695031015737,0.11166302186654055,normal,0
800.7055010620594,21,0,0,8.10725017841225,534.0685533882161,1,4,1271,0.06520708183789,0,0.21496703915129448,0.06366862135523134,normal,0
7487.271985528926,19,1,0,484.19066126160436,682.026447170221,4,15,1529,0.5697157070605826,0,0.20687668768297607,0.7859519250166643,behaviour_anomaly,1
1718.053817870338,19,0,0,18.09889746761426,1343.400372167915,3,11,53,0.08813383396509795,0,0.07858776897528116,0.07882573858167242,normal,0
3437.4774844284157,15,0,0,12.362554494189077,3498.538180240585,1,9,2665,0.12994607863483082,0,0.057463359939185374,0.0038998577096221896,normal,0
2860.6372184919364,12,0,1,31.69209324274781,3203.818615935581,2,10,2865,0.14443947545005395,0,0.23983623560615044,0.1307764982971646,normal,0
842.0183404128202,23,0,0,34.60574982931545,2228.9112864641834,3,2,2769,0.031062048576821252,0,0.23161327079207134,0.1057167408690368,normal,0
2176.4735876615246,6,0,0,7.049669918298873,1825.7323495944588,0,11,1458,0.11919664333854407,0,0.22127433884458142,0.13236827091266543,normal,0
2945.425514315996,7,0,0,42.13608300215797,2875.4623019370133,3,3,1152,0.12283804925555587,0,0.1651193894384709,0.0043945620580913775,normal,0
4500.349689854936,11,0,0,38.40869133419197,3891.7737009126413,0,6,2457,0.16109591531208964,0,0.04862079772237116,0.18520579037226456,normal,0
1842.7963106782508,7,0,0,48.87276341674805,3544.9534767560526,3,14,1286,0.2586542375848996,0,0.28450829953711854,0.051930084219789216,normal,0
5318.410400644249,7,0,0,359.6319926471878,706.755897757638,2,4,232,0.8178073763196267,0,0.1780808907219858,0.5766224595957394,synthetic_identity,1
376.2399335895429,21,0,0,8.083867320787297,1185.9043143164104,2,12,1238,0.10113687675768158,0,0.07451596740267845,0.13728980226543405,normal,0
3485.594916702083,14,0,0,42.24450339131452,2756.4566458414533,1,2,586,0.17444578249895104,0,0.20449110891042202,0.21422002294772632,normal,0
1215.9737069057269,23,0,1,37.04779575311852,2284.902927617977,2,5,2069,0.26929050322324716,0,0.0901466194245348,0.21562732858650818,normal,0
4408.469825169333,13,0,0,0.41459040758227705,2003.9580217009595,0,7,2514,0.2543911339073109,0,0.04098739654342809,0.130991368709287,normal,0
4646.087730542968,16,0,1,559.149829613302,901.6180332745173,1,16,577,0.40576587507370887,0,0.21506210841892082,0.7677257593589732,deepfake_identity,1
4003.7388462377244,7,0,0,28.31946147885127,2692.764589053693,1,4,2092,0.14170411597856356,0,0.2523628863838597,0.03510797025407246,normal,0
3898.3329147310906,14,0,0,250.3401334747797,1620.6185552025208,4,17,1829,0.34383919904560656,0,0.5739725126586418,0.674825465577511,social_engineering,1
2043.0596333742237,16,0,0,15.39316455167553,2269.637249895931,0,4,415,0.04128193410552928,0,0.24590930243206915,0.1123989204672679,normal,0
255.54445032764423,23,0,0,3.501371924993041,3280.504830675941,3,8,816,0.12613659975741737,0,0.09037241459313085,0.13944213588995386,normal,0
991.2124135558097,21,0,0,45.631465568823884,750.7823429425513,3,14,989,0.007060114373547688,0,0.09438969212006655,0.10294999552095095,normal,0
43465.528438723406,3,1,0,307.27299514991455,3360.3381772424054,5,16,1437,0.25150008978918,1,0.012655539323182752,0.6279199760491719,account_takeover,1
3035.31847703687,12,0,0,15.539496355086523,1891.0153249220873,3,4,168,0.058706996030883606,0,0.105691562416279,0.1551735577923055,normal,0
4189.401772252575,0,0,0,32.17322720632419,3151.427782788016,3,13,1220,0.17509739778762584,0,0.19743289869845707,0.18301726629738715,normal,0
3397.5364497327187,13,0,0,14.600402473522827,507.81393600438065,2,1,517,0.005525396434560903,1,0.15382642282573344,0.07764801936488852,normal,0
3277.673618581572,10,0,0,28.604966302512853,2489.3474131717853,2,3,2410,0.12443473839156999,0,0.07031846575006431,0.28819719831983787,normal,0
3587.404470404748,12,0,1,118.10725634020636,2918.205916172481,0,9,445,0.12216668250059186,0,0.22342887264670674,0.8208359235242046,behaviour_anomaly,1
2470.6324453171715,16,0,0,14.771149213830276,2061.794962630185,2,3,2095,0.10144323852507296,0,0.26754192434056984,0.2819799410487212,normal,0
2907.906783033177,17,0,0,25.95535918508178,1855.4768050581104,0,3,1740,0.17695749574291958,0,0.2821589068530692,0.14839319715770763,normal,0
2654.747405221332,19,0,0,1.855425576914832,3977.1273772116037,0,5,1616,0.19094506114141302,0,0.08152151092937177,0.1445869184459787,normal,0
1531.869329263299,17,0,0,9.311610238210694,2765.2222146336567,3,10,1155,0.26335805361488673,0,0.1929891779940112,0.25744727843866516,normal,0
4794.778243705226,11,0,0,25.42063497636726,589.8934506964931,3,7,1442,0.22867178368830327,0,0.2039842877575639,0.026079373119736893,normal,0
3832.811137750716,6,0,0,32.65918010402199,2461.281038486289,2,13,1732,0.18409475892604824,0,0.06523155534039252,0.15360826068341174,normal,0
3681.264694303186,14,0,0,31.040126088657637,3292.451279206244,3,10,581,0.1295911903499749,0,0.01195859202324666,0.15104848931796377,normal,0
4399.6128662825595,15,0,1,45.598008432226905,3529.8115099637007,2,4,1751,0.10310318576849424,0,0.11545733936825714,0.03160507167670838,normal,0
1128.5374061683701,8,0,0,28.310612224869665,1007.2937367400546,3,10,1636,0.13767750392325362,0,0.2795023194702536,0.21868310762416557,normal,0
3475.5379800454443,15,0,0,41.195851391374454,2918.655907276868,0,4,2547,0.031155292329638328,0,0.1894495665766996,0.09856561963724587,normal,0
593.8122067493906,7,0,1,17.647666577738878,1185.477719161423,3,6,1587,0.08316125569708284,0,0.2582951097534718,0.0676579957237879,normal,0
2881.8638578621676,6,1,0,19.574949930677803,3137.647729992375,0,7,2453,0.1512250368358458,0,0.07773193796198868,0.27269340950755105,normal,0
350.63600753994837,18,0,0,3.179402123289327,3958.0022234348576,0,11,1474,0.25412694388168117,0,0.27955083229121014,0.05625452546166747,normal,0
37934.661428543426,5,1,0,291.4409718120934,578.5823192920515,0,9,1825,0.116382110952435,0,0.8396429807038466,0.26319167249539344,social_engineering,1
26670.722720107387,10,0,0,110.03228464746775,2539.735543013005,2,11,2904,0.10279072663923522,0,0.3693339679889156,0.7230959279053568,social_engineering,1
16068.165018430818,20,1,1,507.29806103798416,1367.2361953268012,0,11,454,0.5737667950611904,0,0.28964649899202666,0.6305601977671909,deepfake_identity,1
952.0867211754877,3,0,0,2.0436988742816578,1941.4742731631293,0,11,818,0.1720032130868552,0,0.10946625196413676,0.08493677457068444,normal,0
2703.3406899195666,8,0,0,13.600152796559456,3495.451002266569,2,3,1398,0.06414731336084824,0,0.2983130699153356,0.15079148129714942,normal,0
2167.9678746254313,3,0,0,1.7008274423016168,3975.280442644296,2,14,1989,0.2530221875617935,0,0.21183338495907753,0.2632273473489965,normal,0
3350.2224765696096,7,0,0,27.88772001723964,1964.8102814278418,2,3,1098,0.0591997540624212,0,0.012235103986832562,0.07576649441639195,normal,0
1077.758009552811,0,0,0,24.20587655008249,1796.4488356029262,0,11,1770,0.1842313124460897,0,0.28323976251668254,0.09745824337810971,normal,0
3358.4260270323766,6,0,0,22.93268082045689,1683.699192327413,3,6,112,0.1957946322672963,0,0.20848963375635318,0.021890398554966283,normal,0
1494.1734104689801,7,0,1,7.151427822267243,826.8583936971015,6,24,336,0.25837384001076663,0,0.06201329173210804,0.7518429687647165,velocity_attack,1
13827.586419499181,20,0,0,431.4806611516957,2045.3446647308667,4,8,402,0.6096049256946623,0,0.23778981349311157,0.22356576572675518,synthetic_identity,1
905.0055320348055,13,0,0,5.969538863285417,637.5985573535165,0,6,1565,0.2606249449621526,0,0.22488176453401582,0.06857393444187847,normal,0
411.8404555045475,16,0,0,39.96193784685607,2824.632876308263,1,14,768,0.13750980931123066,0,0.02026999388357943,0.23742314170417114,normal,0
4988.972006149983,21,0,0,3.8244886627065986,3101.7481251847958,1,3,296,0.1341210953796045,0,0.03139559604435438,0.08650792982307275,normal,0
6228.178289690845,10,1,0,571.0200148823959,1321.9291810935406,3,10,566,0.7824608132942688,0,0.4979794769520129,0.36461206120813466,deepfake_identity,1
4907.812272334375,8,0,1,47.18250359055921,1449.3303097464755,0,7,1163,0.16245701447849106,0,0.15975878962429463,0.039056332291832384,normal,0
4196.9767457155185,18,0,0,37.93437773241371,816.0771199796936,2,1,1280,0.26616329791250903,0,0.21713663141970888,0.007546500617955532,normal,0
1876.2597242044146,4,0,0,2.5300042452338967,536.3673311464261,0,6,798,0.2944314216397297,0,0.1600608610306649,0.2845594475883608,normal,0
9932.492197737678,18,0,0,107.92278709936137,3405.8652257130766,2,17,2829,0.41321364137256544,1,0.027336119603273645,0.41914865324841,behaviour_anomaly,1
303.70700934692127,15,0,0,45.55106493823974,3198.976949201651,2,5,67,0.27337461295335874,0,0.1264513781538197,0.007009290549973934,normal,0
709.4051551025001,4,0,0,38.86588114071937,1865.7483206801567,0,4,2589,0.22312207024096672,0,0.017616637210290897,0.04139981605851073,normal,0
11186.429807805505,21,1,0,250.85160875316726,3191.053454878776,3,11,146,0.8318374798216523,0,0.3296691078190872,0.34722750430543603,synthetic_identity,1
2474.236175892053,3,0,0,38.12880990467798,3590.5580280147524,0,9,256,0.267195253242551,0,0.16697606661919254,0.12925337823662086,normal,0
3824.7885559717793,8,1,0,42.03214723866063,1392.5482070503422,3,3,2646,0.029228090993160635,0,0.01876451197062462,0.23331676476993235,normal,0
1600.681922852883,7,1,0,145.1747258052814,1373.4378142280023,8,33,382,0.4794534191438098,0,0.25511656845970104,0.5734830933803421,velocity_attack,1
4997.127256276266,6,0,0,34.79790944500349,2133.1206918037988,2,7,2351,0.0809489775125011,0,0.19258863718360755,0.031055615421121407,normal,0
224.39314273568982,0,0,0,18.216230255770082,3315.541126266492,3,14,1246,0.08099604826003225,0,0.20601182788533462,0.2646193184906791,normal,0
279.9346762540236,1,0,0,38.27022196271106,2853.2275420512533,2,7,2056,0.08224119409285596,0,0.0757500326495698,0.14667606311611103,normal,0
3256.331185231988,8,0,0,32.36887977797458,2995.9716368027252,2,4,2741,0.193368567380875,0,0.2558186810030253,0.24865503871412772,normal,0
2254.728383888752,18,0,0,47.89580434201964,2318.5421385488257,1,5,450,0.25573948166446064,0,0.0969743725801967,0.11125199889674266,normal,0
25027.10565972287,18,0,0,6.638290830809723,3154.286978204871,4,13,2048,0.43821708403678183,0,0.7066370571201659,0.5899584484933726,social_engineering,1
2459.4595224114955,4,0,0,10.31491186223813,2781.164686738354,1,4,1183,0.019807778255834307,0,0.07172128080113524,0.1470481987544258,normal,0
3157.5925790920137,8,0,0,11.933955343719054,2893.7063851077855,3,8,1845,0.049689456247971754,0,0.07409597250011257,0.09635902610718441,normal,0
164.1628372828348,6,0,1,34.370766650942656,808.4149058473143,2,14,2580,0.14769814505541354,0,0.08036529154744622,0.13886678207685085,normal,0
1003.8493501934284,12,0,0,47.158702557928656,1849.1330414727415,2,13,1518,0.14045394488095822,0,0.25997255777705713,0.046235094406679875,normal,0
4902.159618898838,12,0,0,40.84533550472924,3406.68813780168,3,13,931,0.20997965569593413,0,0.06471896977505884,0.006397714758154737,normal,0
3071.5023923319904,10,0,0,36.53386850147182,3869.3859450619298,0,1,1064,0.2071382326374552,0,0.270970823608131,0.21181627226135158,normal,0
4225.963142444464,20,0,0,17.12840123057396,1710.3394696183789,0,12,2096,0.24781672514654043,0,0.19765195340497896,0.23078549431230677,normal,0
2708.8613431485637,10,0,0,47.024464355306414,1492.5301063617453,1,7,1256,0.16438095484851983,0,0.1046432650873031,0.23200135290543233,normal,0
674.2991378331437,14,0,0,35.16565407338883,1823.9896566271975,2,12,1176,0.10600435776159765,0,0.04643481535829752,0.08635514054978093,normal,0
4474.091384277177,9,0,0,7.003400274829619,1917.252269791496,2,10,711,0.231661935507469,0,0.10247076720694111,0.15862345828976585,normal,0
4486.513504667277,14,0,0,33.47354494058029,1247.3017346519155,3,10,2895,0.102818913730022,0,0.27993044618748364,0.01994416184592529,normal,0
2833.5810107343586,0,0,0,39.47821565754819,1485.8243135394926,0,2,1531,0.004376047277648287,0,0.2575071840330625,0.26625094575372743,normal,0
4535.965095151526,10,0,0,16.84145016576144,3635.028028027358,2,10,802,0.22000333497483288,0,0.14499121746187207,0.1616057287711036,normal,0
1563.755310584988,21,0,0,25.152205818228147,1001.7850327468407,2,8,2263,0.11404083684809964,0,0.2689019895646529,0.2278875416589232,normal,0
3204.295582728384,17,1,0,11.8592230773632,734.3291242075077,1,14,1957,0.2570170715013066,0,0.08636100363723466,0.03739739059703667,normal,0
4015.874058413432,18,0,0,9.556248748821478,2646.531700193667,1,3,2256,0.1410503039311799,0,0.2113730644499557,0.015149803303599928,normal,0
3225.0932950433985,23,0,0,36.34704719693281,1856.586680990014,2,5,937,0.2878875798147427,0,0.268708084033285,0.2209696302358575,normal,0
5501.3907033837995,23,1,0,52.825200930786075,2591.7222231165265,2,3,63,0.46022295403299385,1,0.12222975805356871,0.2877678047124133,synthetic_identity,1
1033.9881820648038,4,0,0,22.985548422418432,3935.8390242321498,0,12,1168,0.2091080661948541,0,0.05072235017932912,0.10733079344893966,normal,0
1456.7004759212982,3,0,0,11.387196991702758,2063.0362198342655,0,6,2363,0.21681694512268093,0,0.17112461436243362,0.20266762223194668,normal,0
865.1477270943327,2,0,1,42.48135274722124,1570.7168840908787,0,12,551,0.19910375080695839,0,0.12376921650353062,0.18250425252313168,normal,0
2626.420540038326,18,0,1,45.25069729338877,1113.108093916163,0,13,2905,0.05353808695607563,0,0.10383830877564819,0.02173524885691308,normal,0
3698.775267170398,12,0,0,17.176647229074582,1559.1165317878508,1,13,2085,0.14631655895434956,0,0.2961140010579826,0.26044969607095847,normal,0
12646.267038357038,8,0,0,148.65116042674748,614.4609706874069,0,11,2901,0.5687309302094472,0,0.21940331105412908,0.5885103755880121,behaviour_anomaly,1
3390.708658404718,3,0,0,18.56428782167272,3650.367821441379,1,7,1002,0.16534752417319343,0,0.18003820411739277,0.18150988149299005,normal,0
776.8139363872115,11,0,0,13.622410958870768,1972.0620624163664,3,4,258,0.2927730480777821,0,0.2584110408334232,0.187090011220699,normal,0
1180.430928664912,12,0,0,455.2091657856837,1193.9036788511144,9,13,1419,0.08403511337236594,0,0.05647210579748729,0.33855465982426036,velocity_attack,1
12291.853509166376,5,1,1,111.26080767503419,2323.6289990179753,4,11,1729,0.10188065919629037,0,0.5630322453800735,0.23747674368411836,social_engineering,1
1935.2863925599481,4,0,0,27.35915410339704,1750.0446989864838,0,4,1098,0.06401607381687133,0,0.1325938955522892,0.10473897868429008,normal,0
2007.2293112897635,8,0,0,11.421649137648926,1994.2358966273177,3,4,1671,0.13136900621411549,0,0.12301777913528414,0.22682299655490018,normal,0
2752.2235436142228,12,0,0,39.77986420288685,3251.8161829515066,0,11,2903,0.061424185187087886,1,0.1784993289772248,0.1893442228253395,normal,0
4434.475752325107,22,0,0,39.30880524621241,3047.6486205237393,2,4,374,0.1246335949026669,0,0.11931141148672525,0.10668301607611523,normal,0
42186.07213951693,21,1,1,778.7923064451479,3604.254326255394,3,4,1185,0.5057691866479149,0,0.042072796090693865,0.6493317114296945,account_takeover,1
1182.1786365187438,5,1,0,23.297481318278184,3046.3949495451143,0,4,798,0.20411895874680178,0,0.1806030024444263,0.04988869519735271,normal,0
3315.1930046372504,19,0,0,26.570762020402718,1202.2560554313472,1,12,1021,0.09240622132877792,0,0.018862534871936308,0.28585017997882695,normal,0
3321.03206263363,1,0,0,8.181644631459505,2528.4927585104233,1,7,1654,0.07698073043279104,0,0.26113620969713874,0.19110936765327152,normal,0
265.0143789848737,3,0,1,15.791062814177954,1479.2820654799098,1,13,2885,0.2351606082341554,0,0.18245499834229678,0.09139155667892049,normal,0
922.5750961128062,9,0,1,411.0677365677111,2897.9258873593303,9,16,631,0.25224971838673527,0,0.025258375879204167,0.3562887147743209,velocity_attack,1
198.3488691108592,9,0,0,48.272199343867506,2629.4310480802415,0,1,2599,0.29047100579089224,0,0.24631530688154205,0.20924388136133876,normal,0
3444.409051734836,3,1,0,21.477058769760454,2578.0821116524576,3,13,754,0.21110011706487594,0,0.194802463038404,0.21013877607848477,normal,0
2498.182321851388,6,0,0,46.00257534417444,3539.8858999960416,0,10,1143,0.0009848760864646256,0,0.002592420101121251,0.02800301918434538,normal,0
1690.1078208591762,21,0,0,23.309790261852104,2615.625029407073,2,7,201,0.038934230189827265,0,0.10213975759515748,0.16035534262447645,normal,0
13665.67479856045,0,0,1,23.64563951400641,2202.890430534605,5,10,118,0.5414206558464552,0,0.3737089606949082,0.41759356874560344,deepfake_identity,1
1288.1054678101752,4,0,0,20.450344924670027,2034.6347819768657,0,5,2569,0.048815606793145214,0,0.12972006608690786,0.25687973161104166,normal,0
12845.306950649745,0,0,0,45.37149168321808,557.090706440961,2,15,137,0.5562748300011373,1,0.3447406286335844,0.5961311981684767,synthetic_identity,1
17546.19348682414,16,1,0,524.8941293624018,2440.0340377026273,4,9,2948,0.5017170160914404,0,0.2713242703518567,0.5771170494228158,account_takeover,1
4260.580297797513,11,0,0,31.067757749627724,3771.2022655997293,3,9,2479,0.03860134227019354,0,0.009680792665444382,0.05837520985014306,normal,0
657.8081280353468,7,0,0,0.9724621246015641,1849.193617557522,0,4,1118,0.09582539548132586,0,0.07532211921953189,0.2686308027845944,normal,0
3187.456321622151,9,0,0,11.552730977275393,3660.378994118162,0,6,2457,0.2849708747883133,0,0.19828992385836813,0.00950453946472397,normal,0
1905.3997075912366,14,0,0,16.12530944939099,2186.9832768109404,2,5,2470,0.17249293257347578,0,0.2704079597414416,0.16551458369004227,normal,0
37311.45802676151,23,0,0,194.27292562362095,2794.6021112533954,1,2,2174,0.052652930369864626,0,0.7641377818450114,0.7093342486758589,social_engineering,1
2930.2074928176717,12,0,0,39.98574622639439,3747.936669017549,3,10,1080,0.19350140132198576,0,0.19680789585537123,0.2743395031967506,normal,0
1431.0025882444113,0,0,0,19.262535918096095,3737.9487030221053,2,2,825,0.2961587923256058,0,0.2667625458839478,0.1806304063049518,normal,0
3248.5694777224385,17,0,0,44.873735908262915,932.0503368598937,2,13,149,0.04709832450982591,0,0.10657427131710052,0.21876606204462942,normal,0
4286.486957510938,9,0,0,23.297911710775736,2103.981410298149,2,10,2846,0.2403286729292443,0,0.24875113989332606,0.020299501772371942,normal,0
24054.07096827897,13,1,0,580.8110017748033,960.8833287561899,4,15,447,0.7509831605078279,0,0.09802655128774648,0.35707796675704795,deepfake_identity,1
2488.4128714226167,14,0,0,11.704631808303596,1910.0624484198725,1,2,2326,0.26008275190372937,0,0.20328610699414093,0.20387240608943802,normal,0
566.7374925530546,0,0,1,22.926326109691864,2676.219587003814,6,21,2836,0.17852946703042066,0,0.079307804273865,0.7835224945049173,velocity_attack,1
656.4322017781822,6,0,0,29.405181594426523,3962.149349846566,3,6,1824,0.2834706824265515,0,0.26276452182892135,0.25581583713927436,normal,0
3447.9153386192643,22,1,1,14.746574388060496,810.7484649294693,2,12,809,0.060877617765934505,0,0.04874734743496357,0.27196500242806143,normal,0
2655.1522297352126,14,0,0,2.1849862062509215,1094.3751019994893,3,14,2473,0.04295962137760919,0,0.03979595088905924,0.11743619429791191,normal,0
4212.758612544411,18,0,0,19.853411360290195,2707.030989170384,3,2,2965,0.022208512911993317,0,0.007765220954245677,0.02109842055450605,normal,0
2815.7099192468813,15,0,1,6.072263348106821,1895.4679430051451,1,7,2224,0.1929675317175885,0,0.0798884951325245,0.27833897143155373,normal,0
4461.691573240471,1,0,0,48.0875745918954,2489.7473340206143,2,14,1488,0.10578344816233007,0,0.022880694550953727,0.12346307066871193,normal,0
1356.9973059768142,23,0,0,28.317801871035464,1864.3211074178269,0,10,1281,0.10805161493141405,0,0.1787399032265444,0.13574084327051492,normal,0
2903.038352509574,4,1,0,36.496280392865735,1689.2461380811608,1,3,788,0.22345988984657442,0,0.2294265666831811,0.27359824540351474,normal,0
2361.6316246569704,11,0,0,42.916790682443974,3201.916277319737,2,2,408,0.16171178308322756,0,0.171101837109524,0.27671255592785543,normal,0
2652.6940886330067,5,0,0,34.192360406584385,2261.403291516244,2,4,1340,0.2150344019977532,0,0.2319733000045897,0.24725878659915956,normal,0
3689.6032763302264,0,0,0,42.51794236771322,2365.9785271588207,2,14,1543,0.23615579871968528,0,0.09980232832449956,0.01153394573645493,normal,0
7094.858263218519,0,0,1,89.43169422906166,3262.157781082766,4,6,772,0.5708321239422381,0,0.19561171399569383,0.81240858829831,behaviour_anomaly,1
3209.4538459964883,6,0,0,10.689406349010133,1396.0294635257828,0,8,1005,0.1580186833367341,0,0.033908175047921804,0.16548623135848006,normal,0
5729.8819400122375,4,0,0,164.5087016627374,2397.340463934639,4,16,2380,0.10947648085552229,0,0.7188722754065132,0.5708550340454722,social_engineering,1
3737.231934286041,1,1,0,32.0533176903394,2919.922215812911,2,11,1265,0.2838154960140535,0,0.2113378341275553,0.24667397851477724,normal,0
1376.24455505538,18,1,0,314.94716899616793,2768.38935840315,2,11,339,0.3845479938646877,1,0.2760569787506517,0.4809787803743984,synthetic_identity,1
24134.71887507883,0,1,1,590.3803450263064,985.0281564042633,4,16,233,0.6306932979869251,1,0.14716224127626282,0.8278504330720882,deepfake_identity,1
4582.74491523369,12,0,0,30.420161381102513,1124.0474829251455,2,12,2851,0.2662626821524484,0,0.013412512373232143,0.22095998016650503,normal,0
3917.602673339355,16,0,0,0.6990242542583291,1962.0204271875075,0,9,1712,0.11286292871391627,0,0.2006549113816203,0.09520950189263212,normal,0
1465.0926612565972,7,0,0,8.017699234388648,527.0379943867938,0,12,2207,0.05162161005998145,0,0.20151172487031557,0.2332969172063079,normal,0
3300.497673603287,0,0,0,17.744210146342898,3102.4884122674507,2,9,2588,0.10407796207709197,0,0.15935038032787938,0.04902997782600422,normal,0
1212.194843410453,17,0,0,27.165296328332722,2684.686603624361,0,4,1191,0.14136845019598349,0,0.20753178590784715,0.22931802751144442,normal,0
4171.650938169835,19,0,0,44.8779204943082,888.6354660644796,0,9,1457,0.06616969816758773,0,0.224358673574582,0.26081263247133674,normal,0
4155.588036070278,3,1,1,54.04419297466892,3671.5533093219565,1,14,1233,0.3508824419344944,0,0.5076082085567695,0.3816367494433639,social_engineering,1
3012.934042412248,20,0,0,45.73761123014749,2952.177926518065,0,6,669,0.275130605321351,0,0.2486973321911581,0.07113529983870645,normal,0
38158.21606270884,17,0,0,176.13751842205707,3657.0611658690914,1,7,393,0.07271431610815249,0,0.4737653468047628,0.43412886322001676,social_engineering,1
1966.8572409751596,5,0,0,46.49914088307882,798.9665775303386,1,3,2404,0.022331068845929468,0,0.12545565658784782,0.25844825161305773,normal,0
264.7066408980849,11,0,0,30.074506783152177,3152.413931841428,0,7,2657,0.23200736448309245,0,0.035889023693933216,0.21542580590969915,normal,0
1551.9097902343515,16,0,0,46.86813361375219,903.2903745835888,0,8,735,0.10123724470751984,0,0.18234952299706667,0.08573800569169211,normal,0
1645.4937891652623,12,0,0,6.66941946585583,1127.084061935502,0,8,1814,0.15161030484610988,0,0.22617405336022062,0.23757385251221771,normal,0
3941.024943490474,5,0,1,26.311894179664897,1672.0452434869176,4,17,181,0.4053049274889908,0,0.1923872291079834,0.6620336616195015,behaviour_anomaly,1
147.87715235399992,7,0,0,31.802150271896647,1600.8268352122395,2,7,1827,0.19296930079829,0,0.18844980091170394,0.2823585832138659,normal,0
42218.90021569334,13,0,1,979.7093737010912,3191.193669504135,2,12,991,0.5587484414683692,1,0.4014009288414876,0.6268581632027534,account_takeover,1
3025.031594724546,13,0,0,42.33789652936723,2786.965923875825,1,1,1422,0.04813109004724729,0,0.25580395967207864,0.08888086002490213,normal,0
4175.6324219518465,6,0,0,5.6169507930825535,1776.2736422474065,3,15,752,0.3019510686414571,0,0.38419430505809943,0.7186743462712899,behaviour_anomaly,1
727.6691571943801,7,0,0,18.35155878107929,3998.809723948955,0,4,2089,0.08730300882328683,0,0.19954226306961056,0.22650767726023957,normal,0
9947.861407280492,23,0,1,162.61329241979084,2073.6759125186013,3,15,1867,0.15667342133624318,0,0.6788875764188045,0.538809546713924,social_engineering,1
266.3352950704143,12,0,0,0.7464483618008833,1714.6604023675961,1,9,827,0.2972905010337283,0,0.11072581479279596,0.23929437301315465,normal,0
3351.988710276976,13,1,0,8.857251696460555,3964.3997164385564,2,8,453,0.16605097000466,0,0.24022343350387157,0.08492817967715761,normal,0
992.3777868746265,0,0,0,14.504872338073655,3448.496047155944,2,7,2654,0.19317456257243884,0,0.04581383560293928,0.10842574395525478,normal,0
887.3299650880414,3,0,0,34.49729553067786,3172.0155950175977,0,2,2755,0.11189636636129781,0,0.00022329446672433306,0.12639903413964718,normal,0
4965.527500984572,20,1,1,22.830338738341556,1145.7112743244527,3,8,1861,0.26103516144218153,0,0.2737559913698893,0.0768943694998113,normal,0
1311.9675475135084,16,0,0,8.923604710706117,3207.246620140295,3,11,1837,0.23212076537425538,0,0.06533035084150761,0.1450351083521819,normal,0
3554.7004411326043,5,0,0,1.531784610307163,3509.1176348153854,2,12,2568,0.19868588511875943,0,0.21492809657712778,0.25100514049514006,normal,0
1585.32894413211,5,0,0,2.3283705757054687,2608.555982496104,0,1,2744,0.14807286031715852,0,0.16506200425034276,0.17039120726037238,normal,0
226.8931041629557,8,1,1,103.5057931014855,1420.6647742430623,8,18,403,0.05659377097183166,1,0.02355713789671774,0.6012320288582466,velocity_attack,1
1186.6803221886669,12,1,0,71.17408112232411,2519.8568972454113,0,3,2264,0.34902359513628717,0,0.7495840227910606,0.6257390041726645,social_engineering,1
143.4300970559976,13,0,0,36.96788025360277,1117.1556725570476,0,14,2678,0.1473382692767807,0,0.24436528823094977,0.051879626227490074,normal,0
3342.4215449553876,8,0,0,34.37711302761455,728.9114965064099,1,9,2402,0.15264022596195206,0,0.16383291438867142,0.20965078887737168,normal,0
3960.019617370447,2,1,1,575.1987009758374,3157.5483729622124,0,4,549,0.8769158994453659,0,0.1741399128337482,0.3214804437335622,deepfake_identity,1
1693.5348617534355,20,0,0,2.4980982335919943,2350.7183651739306,0,9,1999,0.2260554022766327,0,0.17489360468822457,0.17974900198332627,normal,0
2512.1614965953704,20,0,1,34.308955921962166,736.0145413881594,1,2,1428,0.2259857039371813,0,0.020131027580474824,0.19770009672266944,normal,0
1947.027704182047,11,0,0,35.25384809646562,2091.4295772394744,2,1,653,0.22566360809139352,0,0.2707139737381677,0.10566487571022791,normal,0
4935.790132402658,14,1,0,23.469878866931936,3043.9834341890446,1,6,293,0.20848392941094937,0,0.1451481296013128,0.05424520287053136,normal,0
1248.685440056422,0,0,0,28.789050741270017,3940.1269051953514,1,5,1969,0.13409292504567605,0,0.1053876828351656,0.11980511020916672,normal,0
991.4478394268285,5,0,0,26.679446969015054,1550.9068854626219,1,1,1543,0.2401973726175346,0,0.08481341091650829,0.23005736817895714,normal,0
1983.3396887682609,14,0,0,48.52435453185322,2974.445463099755,3,3,1827,0.1797956908848387,0,0.12018799984131344,0.06515713411258,normal,0
4140.936733033232,18,0,0,6.765053611701005,2257.316178856122,2,4,2871,0.20238378794756273,0,0.0020772891193657325,0.2920450899722629,normal,0
770.4112915029109,2,0,0,20.427436623783237,835.2785937116876,3,2,1190,0.22579186783569566,0,0.01790479531104321,0.2660060679505184,normal,0
3433.1183879133273,16,1,1,45.44373881184663,3849.5575159719165,0,14,1967,0.2829454947633023,0,0.24719320503550093,0.19223171401546732,normal,0
3070.255708809312,17,0,0,13.393715803733464,3038.66876152123,3,1,1702,0.01945983801041441,1,0.01744710147659685,0.24553109727287087,normal,0
1815.6137699169774,12,0,0,40.13356101579396,3276.1132233947583,3,5,333,0.047926482665395405,0,0.09840959516529109,0.26370691558180614,normal,0
497.1264579474749,19,0,0,14.931421853394134,2399.6062517470104,2,7,1921,0.28588632777516504,0,0.18446095946964586,0.1426570350287955,normal,0
20949.1004993379,2,0,0,665.2242642627248,1474.4440802059949,0,9,165,0.7707234865586026,1,0.21161674518139695,0.5380957046918406,deepfake_identity,1
3193.73909763643,5,0,0,30.788118383650914,3863.6292482336503,2,5,530,0.15145823351271948,0,0.12177169651871561,0.05705764091539471,normal,0
1653.0382801764845,4,0,0,7.614197588161647,3815.5235366654333,2,12,2145,0.2497968679139198,0,0.21232508088209842,0.24163452765929572,normal,0
54886.69417681141,7,1,1,1012.7464356565426,2633.557830803519,4,18,2724,0.608418410974014,1,0.07940651421121037,0.8806684813095986,account_takeover,1
1682.8339941950599,10,0,0,23.483642648838615,3737.654949210572,0,5,528,0.2783842566732467,0,0.2669580562245769,0.26405041677644975,normal,0
1744.4912259222292,10,0,0,2.223729920540174,1176.7805286798337,1,11,219,0.13881761300089743,0,0.2880822912167166,0.06322118094303043,normal,0
1694.1186207399953,20,0,0,15.362112537478707,2665.2453079119286,0,12,1840,0.09482033698923599,0,0.22852567981080515,0.03671908606242856,normal,0
4488.806410332016,1,1,0,37.271513348298775,2097.589999433244,0,10,841,0.25770008488301116,0,0.007453923475635959,0.2374930009603545,normal,0
1472.1829147973983,2,0,0,12.393139827765182,2272.9739463883234,2,2,163,0.07518550750076765,0,0.1290990007605428,0.06402305986300995,normal,0
2541.4528430909227,19,0,0,37.49117921805289,825.1317139731689,3,11,645,0.0954207975353962,0,0.17229824270164884,0.09206156183364667,normal,0
41873.073408392665,23,1,0,156.81400075875897,3824.2510382856626,1,7,775,0.2392752357769562,0,0.3734230982341717,0.6837333323425581,social_engineering,1
16042.744012674033,12,1,0,32.74996448085241,2748.586971442752,3,13,252,0.6006825184889832,0,0.4447112250333295,0.7399990405999308,deepfake_identity,1
103.20161473036782,20,0,0,9.37500731734925,3930.5473624833157,2,14,2896,0.11981691144152229,0,0.03343664174557091,0.14300266017296087,normal,0
897.2287446619729,15,0,0,29.335784196089975,735.5954069754,0,6,2058,0.2672272502685612,0,0.21774151551459617,0.14356400661765464,normal,0
47618.124973359896,21,1,1,86.05738595925216,3033.095533484903,4,12,2500,0.3851510681615044,0,0.3912347466529852,0.461779544893879,social_engineering,1
1844.1930900061384,6,0,0,6.555861793344064,3937.399842826706,0,13,100,0.20765051811645335,0,0.24546205814847236,0.06893990335059652,normal,0
1169.4440505388145,3,1,0,39.23572153155461,2090.7187809290917,2,4,2645,0.2756568326777249,0,0.24098029812676833,0.10533217093754958,normal,0
11264.526314368035,17,1,1,194.60721846980954,1960.7663014857355,1,15,2247,0.2726564183810887,0,0.2812863266754386,0.7975362944220921,behaviour_anomaly,1
1347.6785525874614,19,1,1,138.1340230263593,2347.154159781864,11,18,2083,0.0705152982644503,0,0.16790930096096984,0.37818582114291494,velocity_attack,1
2324.550564878525,10,0,0,23.80967317782778,1676.7633393285596,3,14,1018,0.03115887801028383,0,0.006046665708011522,0.11444762156850193,normal,0
2112.865168998098,4,0,0,42.61122900390785,1134.9284105694023,1,11,1875,0.0165269872327094,0,0.0010794305026960993,0.19059935613474888,normal,0
2577.0518794451023,1,0,1,6.013281099439976,2365.781935775792,3,9,224,0.011529943047044711,0,0.08032681345828026,0.0915300721767406,normal,0
22677.199283211332,5,0,1,90.93230784279328,2290.998140969682,2,6,1867,0.27264108694415295,0,0.7509093508003313,0.2481842000929698,social_engineering,1
3200.2882058681444,17,0,0,28.15558772016764,3592.1995174279386,1,7,776,0.2523088716305502,0,0.20300318396015174,0.10180097494892994,normal,0
1099.9155038783429,13,0,0,33.05185163284175,3312.6364443012794,1,12,1549,0.25604807155402454,0,0.2356613749038659,0.24979072212924963,normal,0
2225.8352219906965,0,0,0,45.91202511427768,969.9573883092321,3,7,2013,0.0833503637625052,0,0.09321694051101387,0.23126194772247166,normal,0
1116.9505874079468,4,0,0,24.606863182808475,3097.080861038371,0,8,218,0.1469003969005516,0,0.22817992986232247,0.03645974173539401,normal,0
1442.8705813673093,20,0,1,45.18155301885527,3168.9313330564737,1,14,411,0.028526363512060914,0,0.2737615498197392,0.18473149725845808,normal,0
3953.090570636205,17,0,0,13.82851577141499,1172.3400953262142,2,8,2739,0.29675112023012823,0,0.24539806886688892,0.20863205059776305,normal,0
2820.4839768373654,15,0,0,9.751974236652472,1654.726373652407,1,13,1792,0.2349673989705994,0,0.007809008460923894,0.23075391501501302,normal,0
4178.581344338875,19,0,0,37.18788810705049,1954.0812078768065,1,12,1630,0.28523421744447286,0,0.003669487052227238,0.2285262883196218,normal,0
3278.950392180991,10,0,0,14.962640280446498,2973.807924431405,3,13,280,0.22203831306831814,0,0.1970977782354291,0.08740585807695168,normal,0
2539.281289368022,21,0,0,16.65900306604316,2566.3488063771842,0,14,857,0.1058211019930604,0,0.22770464602274004,0.2071437576502763,normal,0
663.1716855918775,12,0,0,45.87032291845942,1033.44209068677,0,11,105,0.19568509551065544,0,0.2913147607091065,0.25483326399800416,normal,0
512.2255450709758,17,0,0,19.569501323499978,559.676911224625,1,1,1470,0.1074313377671601,0,0.0022412052603081765,0.11118479187311585,normal,0
10969.630578392012,2,0,0,163.61371057183385,1223.2158101645166,1,10,567,0.8337770966574197,1,0.32642357683946877,0.5248091326013126,deepfake_identity,1
356.06360850151646,0,1,0,33.65703985698062,3441.4394852761748,2,8,1475,0.2613279602406573,0,0.26246917548041876,0.2705306779979523,normal,0
179.38194696338934,12,0,0,45.78819320905587,2760.5148599804556,3,2,1073,0.08244176022659262,0,0.28427585592864857,0.22923781181498631,normal,0
1213.6211735894422,6,1,0,39.885228123785524,713.4416101087943,2,11,1649,0.26548591582525105,0,0.29043302201030546,0.002917302802918031,normal,0
6802.043307115612,1,0,1,482.5007855480887,1339.30898713014,1,6,589,0.18116422362679974,0,0.17864309932619998,0.7289028254446211,behaviour_anomaly,1
223.4755646232412,19,0,1,8.932096545922635,944.1264834408883,0,7,625,0.16307169148278763,0,0.15725373313228852,0.17733863686451673,normal,0
4867.751718286983,19,0,0,1.549047663893094,2792.9092554876906,3,12,2566,0.25254785045716327,0,0.17763621588192477,0.1728697912961635,normal,0
293.19137570567887,0,0,0,14.655905161847437,1628.5569112943303,0,1,1718,0.2179653530616843,0,0.13203773248615405,0.20000227585314992,normal,0
2301.813735994246,20,0,0,45.699908801985764,3423.564425223673,3,11,1391,0.14720091560751425,0,0.06515005502345121,0.025345724204464338,normal,0
417.7826129665449,0,0,0,5.458485087714443,1597.743847154045,1,9,2432,0.2661635168195561,0,0.1268927096431034,0.1639921427117398,normal,0
323.3672739484771,19,0,0,48.46351262142614,3153.3853075926218,3,9,1381,0.17863755425130098,0,0.254997560808318,0.2324712195989399,normal,0
10502.816772530365,11,1,0,429.0321735689686,2740.447066462202,4,11,335,0.5830023452845539,1,0.3037788699225784,0.3371247324366964,synthetic_identity,1
3352.642185346845,0,0,0,16.438107957123844,1666.9088627049468,2,10,2642,0.24592705239380963,0,0.04444439366599912,0.09652450762965496,normal,0
2612.0082904107594,17,0,0,45.630884910193195,1655.8071011754223,1,9,2943,0.27418673231659196,0,0.06591775912137024,0.22633151991185682,normal,0
2948.0672849708003,18,0,0,30.38607021309846,795.1645020433724,2,13,190,0.18648197927612462,0,0.22636245584075187,0.2581945426405111,normal,0
3310.6857051312063,16,0,0,18.579104966859063,3072.910159457849,2,13,1137,0.12448080627274954,0,0.20055951914826087,0.27356499787683775,normal,0
4289.372695851224,11,0,0,40.5148013848173,1037.0443576527564,1,12,2861,0.23105738913376217,0,0.01939911006674534,0.2269597393506183,normal,0
2612.1737039808922,0,0,0,46.345509432669175,2154.093135947563,1,5,276,0.1825929026372479,0,0.20742071085760694,0.14969951295354747,normal,0
1904.170353736683,10,0,1,103.20671017284178,2866.547229936667,6,33,2741,0.48424329968757557,0,0.22101331173483887,0.389490776318197,velocity_attack,1
1347.8860480256508,14,0,0,27.970320617894867,3207.121422313269,3,7,608,0.18405431043333761,0,0.20137792126967505,0.1760678286847027,normal,0
3593.9256481081616,0,0,0,15.748610027536348,2579.7031869867915,1,10,2426,0.0023073107931935732,0,0.29477269357455005,0.14938606581575511,normal,0
4792.146973910705,2,1,0,45.70338472354937,1265.3597627057927,3,4,2369,0.08065742502565655,0,0.25687243938605814,0.057158104488289674,normal,0
11883.93073252485,15,0,1,336.1282988498478,1079.1039575202583,1,9,53,0.6532858299878712,0,0.35694902044272336,0.30498324466724097,deepfake_identity,1
12434.277772845622,0,1,1,685.9120367468013,1575.6970919160217,2,5,256,0.6657673684013232,0,0.3036253114626332,0.3906616187477548,deepfake_identity,1
2174.3422063506678,23,0,0,33.20393689210366,1535.6097297234055,1,5,2572,0.09883496201100266,0,0.27967700938864165,0.19399213422803918,normal,0
2813.6309794906438,12,0,0,5.272471711817883,3260.424977239404,2,7,767,0.09534033619700262,0,0.005366082482070089,0.2834506804667653,normal,0
3651.357180490931,15,0,0,2.575779662555766,596.6111215055518,3,5,2761,0.17346813546495907,0,0.27168815535754903,0.08586427086914121,normal,0
7754.148419826968,18,1,0,410.370114309435,2064.4993605391414,4,17,1021,0.4666548683124788,0,0.03863777036783478,0.5879387869245175,account_takeover,1
2635.487123599702,3,0,0,33.719835576765284,802.6309128487892,2,13,1423,0.18031531086866728,0,0.09263020980099547,0.1453082517057814,normal,0
865.3873888599364,14,0,0,0.7166259643214268,3825.6023249279933,1,12,698,0.21545249460076457,0,0.20370179749759723,0.021405453575245568,normal,0
21397.401186287192,21,1,0,503.11789884039416,2689.760380974755,5,5,107,0.8540927194412007,1,0.3567954526824302,0.3809470291302719,deepfake_identity,1
4816.977231921833,15,1,0,42.14587917304773,3618.3902256417928,2,11,1331,0.15790605282304604,0,0.2875723067754973,0.2610045689951673,normal,0
2342.7280652805407,21,0,0,17.266715807341377,2188.8982984925115,2,3,602,0.01511225142718252,0,0.14999848408821473,0.11466150313376627,normal,0
1873.0801567051797,23,0,0,17.231911027314915,3092.4323086760237,2,1,1286,0.03908477359427985,0,0.05020883774494793,0.2667299072716288,normal,0
1245.682882156014,6,0,0,35.06364923374976,1460.3002328416778,1,12,965,0.11226269825858988,0,0.21397177006636453,0.006132209520963016,normal,0
4590.79684046602,9,0,0,23.667011104761265,2194.6547902795196,0,2,740,0.26963371657507007,0,0.22300424484225292,0.13541056612351712,normal,0
2096.960852058911,18,0,0,16.79249340450023,613.005780812639,2,6,1966,0.025237951207019483,0,0.18325455200203467,0.26196066580216626,normal,0
292.7833492756973,21,0,0,17.541911574722707,1925.631362938663,1,5,1283,0.2474690421626398,0,0.2728010753937619,0.23530421858864825,normal,0
1765.387322463524,3,0,0,37.45942595177414,1416.9577556757472,2,11,2676,0.233388190186673,0,0.07458950289157103,0.2703261619021931,normal,0
3769.249051120202,10,0,0,32.49853111252774,3116.0513286834225,2,5,916,0.015168997231791725,0,0.20894104521218484,0.07748995166452717,normal,0
2777.5085487814517,11,0,0,9.420723927273666,3199.379734936642,2,12,255,0.10729882652946267,0,0.030810791781308987,0.08526811440049194,normal,0
3715.7952274347244,0,0,0,46.853232732702814,3163.586452338437,2,2,800,0.08402887357843694,0,0.17000978581790593,0.13156224853266363,normal,0
39750.56752320208,14,0,0,1119.1577821998885,3240.289789508877,0,15,1050,0.4137572555963168,1,0.3696475670339227,0.5828359622374261,account_takeover,1
4881.781399059264,7,0,0,31.794855858530553,3319.3817332853005,2,14,611,0.03221777454968345,0,0.08382758366660133,0.05647965336342143,normal,0
4948.57613358318,2,0,0,9.667784292169546,1969.6021180407763,3,9,2982,0.05314312611161371,0,0.18673983091878574,0.011692345727826691,normal,0
9493.739949647681,19,1,1,244.8368814423455,3081.7294146759114,1,1,288,0.5854645222043625,1,0.32228598162314215,0.6099862642334459,synthetic_identity,1
1629.4699124228125,9,0,1,308.6767193912138,1411.2610664352153,8,32,2058,0.45265372589933295,0,0.302932007307439,0.6878030722657031,velocity_attack,1
2153.9960919203945,18,0,0,18.365474280433997,3045.582819603764,0,9,1661,0.23754324914909605,0,0.18316450700679132,0.29540090827781434,normal,0
3493.408914531829,3,0,0,12.045491811535907,3992.326405109875,1,8,2778,0.13782149825581105,0,0.20795498053686534,0.19367486472282602,normal,0
1124.3909311635455,19,0,1,0.20123057984445802,1970.375729442281,3,5,878,0.20288303574962038,0,0.290379548514203,0.011814636981965098,normal,0
2102.7974383806722,17,0,0,1.993681114895779,1187.5782668041702,2,3,2184,0.14233467136874223,0,0.10111679697993414,0.12080704452132246,normal,0
2112.3449017503863,4,0,0,5.772839605893953,3090.1979575277574,3,9,2509,0.2189468756493222,0,0.2717593244866094,0.09673842102801801,normal,0
1594.4925576266896,22,1,1,235.43387307751996,2217.690661599092,4,31,1853,0.18595310859821312,0,0.3468039537111738,0.612628857844133,velocity_attack,1
2942.8446092139284,2,0,0,10.157824409499511,3615.6612460466326,1,1,1313,0.07670482213871564,0,0.276475917667465,0.12487250806081146,normal,0
8995.671530094794,14,0,1,266.33410696464983,3401.4470251211524,3,5,2613,0.1469648358328955,0,0.450525854274492,0.8166940467327137,behaviour_anomaly,1
1841.9157511626513,1,0,0,38.311583110185836,3426.080208592719,0,9,2143,0.2894598034803135,0,0.06105249861075367,0.28882040058024727,normal,0
1943.6719691014873,13,0,0,6.339575608049114,3856.6633510698607,2,10,2378,0.26316472618062176,0,0.17211623930897904,0.08534126816611531,normal,0
7178.921137599769,18,0,0,229.28727568782713,3115.5629576638585,2,1,2727,0.5789301920223681,1,0.133463524842641,0.42991194431539054,behaviour_anomaly,1
4048.0011757742677,18,0,0,26.06157522933096,3894.8758812244155,2,12,1532,0.13377232057743382,0,0.03931814961220078,0.05462208104965331,normal,0
2179.608535971778,3,1,1,309.74961125821886,3660.6507133803893,1,6,546,0.4695385914809779,1,0.22238760960889692,0.7997078042160395,deepfake_identity,1
3684.2831625452677,16,0,1,11.524875878320657,3526.576828141647,3,14,636,0.2110236211584288,0,0.16507618320006212,0.22383839713367595,normal,0
1101.7970250749381,17,0,0,39.145072472804934,2391.2733202435684,1,2,1145,0.20730764600611307,0,0.07293869650340846,0.06492338956509765,normal,0
1110.6353577971477,4,0,0,28.111909641921358,2742.36526986263,0,1,2528,0.26344641466818136,0,0.034257670413689864,0.0955221840734002,normal,0
3252.1122703675305,6,0,0,3.571382336646789,709.9790220334173,0,13,2564,0.2356329686805775,0,0.010541658084669836,0.17610112669863534,normal,0
1589.3373660795467,7,0,1,14.797233261916515,3059.8146849910463,1,3,2270,0.11171530137488762,0,0.04348480074375507,0.22564177625108522,normal,0
3447.96794193202,13,0,0,33.612059669827616,1815.0208212390187,3,1,237,0.06935008782462455,0,0.00016772817087739033,0.29831402026084086,normal,0
2910.460072130879,12,0,0,19.74016000023331,1752.8409243247509,1,3,955,0.03700885339846514,0,0.10120417512924385,0.23700141906112898,normal,0
2024.3806420299395,8,0,0,16.738317093956372,2395.9538727451636,1,12,1757,0.2491626761710384,0,0.1331389524337305,0.23872680558705045,normal,0
3834.6554771900587,11,0,0,28.036964358127285,978.5971591581965,1,11,556,0.05877039141193219,0,0.08254145557639998,0.12797221577535628,normal,0
4648.092280758362,7,0,0,45.55128685783079,641.5373504402596,2,10,2603,0.13694750836115457,0,0.1980683520486187,0.29423609815638946,normal,0
1275.3831525041292,15,0,0,2.030365722619659,1493.5038720046136,2,6,1117,0.008219931459552044,0,0.03510506117132863,0.06691503672887612,normal,0
4901.854613858368,3,0,0,11.2285086198869,1576.8030445306138,0,8,266,0.0976323395485826,0,0.0012594743521558759,0.0037028844888232545,normal,0
4014.0378552909606,4,0,0,11.553881131106436,875.0336188870795,1,8,159,0.009297773982250445,0,0.019403767717981267,0.16004645661379954,normal,0
4969.857105608521,6,0,0,17.49558541099838,3255.6143669377857,2,12,1512,0.15631679058966821,0,0.10825117051157127,0.14263683090156337,normal,0
1531.5087778225688,2,0,0,2.9454330532833026,788.7677965790893,1,13,81,0.2625473844275303,0,0.1956578774862409,0.06391741617607936,normal,0
1086.6825324662746,7,0,0,17.979478695996455,1203.8887374927403,0,5,2718,0.19630342474097834,0,0.1945172570157189,0.24139731032027717,normal,0
1864.6683966104436,1,0,0,37.24556274135112,1133.7240354168266,3,8,1163,0.1292662855656436,0,0.10838031626900307,0.08300199610663674,normal,0
1801.4945608268768,23,0,0,148.85712484250803,1554.5112522116112,9,11,1381,0.36282995649509325,0,0.04248243322829901,0.7304039884657967,velocity_attack,1
1833.5976850652403,23,1,0,40.50179638476623,3357.713078158757,0,18,340,0.8704290497875433,0,0.23989984939860404,0.7398159455675789,deepfake_identity,1
789.9344495741128,15,0,0,28.986469356150263,2444.513192252004,2,5,478,0.12071368147103134,0,0.1888142985120712,0.22250918349975415,normal,0
2281.995749513061,14,0,0,43.20265623519236,2638.04829688316,0,3,2730,0.19791447993444258,0,0.1345225498414053,0.2014660984052499,normal,0
51229.71317163107,22,0,1,1193.2655102060291,1294.1867401380125,0,19,2902,0.43061717596398835,0,0.05168711386032798,0.5745750708439796,account_takeover,1
2430.175583685451,8,0,0,37.290512203807744,3955.5339849284896,1,7,531,0.2935322491824825,0,0.09356753194649219,0.28695691776795057,normal,0
4779.796506276446,3,0,0,8.55958397952626,3374.0300886718273,2,1,581,0.27887904502282546,0,0.1664505701835873,0.27634319971850224,normal,0
675.878609207814,3,0,0,18.518107777882957,1841.6507138754437,3,2,1748,0.1460007323255655,0,0.026408831841949764,0.23246025160252434,normal,0
641.3231543438338,2,0,0,3.9427781188984765,777.4316218911079,2,6,643,0.28783354745370177,0,0.0882915452733296,0.037389735545318055,normal,0
3224.0316096405445,9,0,0,5.015724528480675,1644.4185253965927,3,2,343,0.24119825734315237,1,0.19090761003266046,0.08593720432689324,normal,0
2328.2252926059095,16,0,0,34.283919008308914,3413.1871303103812,0,14,2230,0.13312899045281276,0,0.08698407085883983,0.07439924032937299,normal,0
924.5650836877928,7,0,0,25.20871852189499,1101.432993614645,2,4,2801,0.28674943581663864,0,0.03710516408442469,0.22246284623574117,normal,0
4027.084303492473,22,0,0,13.96037694821342,1927.416651301712,0,1,2400,0.1507205742227313,0,0.21122408100817291,0.06377151192737364,normal,0
4410.786771242284,2,0,0,42.902708950317276,3686.176238781125,2,6,2890,0.040823971309907024,0,0.1738277156957671,0.1155558870463884,normal,0
1940.3564679357257,6,0,0,5.021477831544397,670.1046927807331,0,13,981,0.10367912380015369,0,0.2802680245318079,0.08760429100108613,normal,0
829.1002500850666,10,0,0,1.8058760227001536,1181.1005947479891,3,11,917,0.15077439264413675,0,0.08851820129936723,0.11990270413524853,normal,0
3755.6199084005743,0,0,0,1.8980680481456402,2336.07580785525,2,3,2977,0.2675916710511361,0,0.0024047675646738484,0.28216517405312735,normal,0
3294.6101715627424,4,0,0,45.25498106338214,885.2889571768096,3,8,2878,0.23064949600081744,0,0.15142515937974196,0.2511678990235335,normal,0
1285.465233546095,3,0,1,41.47865264098475,3776.620472672652,1,12,2028,0.1890221789088696,0,0.2134494476140475,0.23053336271550423,normal,0
2057.6420444759806,22,0,0,21.815281547858216,1493.1521883237315,3,14,419,0.14242713701887683,0,0.08222683434039675,0.06942329905696609,normal,0
1040.87881522618,2,0,0,5.210321876892565,3580.4506671684017,2,10,2391,0.24493775521806255,0,0.08061764559761446,0.27581932430619405,normal,0
1208.0141231233924,15,1,0,7.826285471154915,3756.521968121198,2,11,469,0.17838535592731486,0,0.1983685198330261,0.2377483046095417,normal,0
4454.429493300453,8,0,1,33.34611292329367,1735.0091000706582,1,6,216,0.08603068816965777,0,0.019156578417767644,0.03348504431042907,normal,0
980.4472334641856,17,0,0,21.52797319899972,3441.1536443216132,3,4,390,0.24736674743593037,0,0.22864592733451453,0.27991810083394786,normal,0
1056.690640210418,23,0,0,14.77351714437567,3726.0996262303665,0,6,2831,0.0830994840042164,0,0.2162020097570258,0.262916707627227,normal,0
4600.147956199634,9,0,0,32.763458739881884,2885.27458030215,2,1,1892,0.059297741806831505,0,0.19742664008729613,0.20291082521390827,normal,0
944.3673688879862,6,0,0,46.21219671718954,2717.2959495875753,1,7,1626,0.28416137692445376,0,0.22523092497362446,0.2338774682999002,normal,0
14901.970787477261,15,0,0,399.0091981508121,2718.8730289998657,4,9,60,0.801001580666378,0,0.20753584681676235,0.6688647543729815,synthetic_identity,1
559.9006956344454,9,0,0,20.421076180686686,2787.754200240479,2,14,98,0.12054091809532301,0,0.2826979803231243,0.0939401807728113,normal,0
26157.770912113217,21,0,0,825.2962806536763,2988.7127380842744,1,3,873,0.6798553729962017,0,0.4766077512437231,0.6300823692890738,account_takeover,1
323.6788529616803,0,0,0,5.033319325967151,839.5687102234019,2,6,83,0.1824787455107198,0,0.0756418496060218,0.11834818305897254,normal,0
3068.296614848747,18,0,1,44.294981194787475,2981.771495910265,3,9,1301,0.11463101921400529,0,0.1007909722760429,0.018523427452354756,normal,0
15253.469436557301,23,1,1,90.66701901962682,3627.2582459809514,2,13,67,0.7335455855130997,0,0.3202730853386403,0.4764835164060373,deepfake_identity,1
1456.3901081773984,1,0,0,25.165038779581423,1653.4175983336363,3,3,2000,0.2610601593683605,0,0.13814836357428537,0.11578289819689846,normal,0
4954.327869622252,5,0,1,12.645970665698403,1137.5039106630506,3,12,1274,0.1711384375429305,0,0.0563484476558851,0.283886184169909,normal,0
7381.277199529607,1,0,0,315.10859522788763,2346.400485892337,1,5,2181,0.44762732098816765,1,0.3991753821405721,0.7383297243132092,behaviour_anomaly,1
762.5648371929882,6,0,1,7.404924990060257,3337.926888391885,2,11,1279,0.06382823238664805,1,0.13359032990385275,0.2063457524740976,normal,0
3389.1761694080838,21,0,0,305.8815836592487,1672.7410448594733,0,7,11,0.5296138013534507,0,0.2865955878853722,0.5996783340077704,synthetic_identity,1
937.5883718621566,2,0,0,40.66274755609495,733.294571113357,1,5,864,0.08824989705241522,0,0.07329865155822551,0.2275406684096587,normal,0
1729.2252748266103,2,0,0,327.702745486944,1823.7460075359852,9,31,871,0.2712389023546279,0,0.17071715778923913,0.7974328155469477,velocity_attack,1
4203.098690873739,10,0,0,25.639266556887243,2046.6946870006682,0,11,2988,0.24294810009454168,0,0.20081323951662278,0.1434144321435589,normal,0
611.8271386907418,0,0,0,6.582030793912996,2261.0888996930616,1,12,1744,0.28092952886133177,0,0.17473715611704455,0.0838866371696529,normal,0
2897.2993425134337,16,0,1,46.22512149239309,1182.716025959788,0,10,465,0.15170780096919992,0,0.01914923835221032,0.2620358834993986,normal,0
978.3524983481713,1,0,0,14.13822176085397,1057.2019636537448,3,5,574,0.27690907196241404,0,0.16820543955268683,0.060515500364940675,normal,0
3584.1031123779303,4,0,1,34.622330868405385,1607.5137657832938,3,4,2446,0.10634431972288055,0,0.0641973315700548,0.5005832083781049,behaviour_anomaly,1
3241.623401137957,19,0,0,7.519913630664016,2190.010127164961,1,9,762,0.12078950523320431,0,0.10586594720711401,0.14118588619814545,normal,0
534.1630984514275,0,0,0,3.526140069939804,1992.7203905584597,3,2,2479,0.2493262010793163,0,0.26351561487903924,0.18930453981853065,normal,0
3938.597377979608,23,0,0,16.92815044798735,3451.8255822157466,1,10,637,0.08267526616105261,0,0.10697531551067782,0.013329127452602696,normal,0
2646.097211434737,23,0,0,2.906929998301738,1438.0840440751542,1,10,2895,0.19727287545285094,0,0.2086244434363425,0.29947093316925244,normal,0
39984.69640636135,2,0,0,51.04001700054598,2158.7511115508505,1,13,2048,0.09958359738137462,0,0.48002326241381427,0.7429279814231431,social_engineering,1
1309.5994352190912,7,0,0,29.992431660504053,1163.8863257446894,2,10,1351,0.10817910994577255,0,0.06702755659683718,0.10376744673803275,normal,0
877.8101405341167,22,1,0,44.607906659490716,3480.5528935528746,1,1,1577,0.23638028593274757,0,0.05928900144464336,0.11291291885603738,normal,0
25870.920738788118,17,1,0,1194.291558681221,2415.141913534466,5,3,1984,0.2942538221072602,0,0.38134315457563167,0.8877880135147802,account_takeover,1
4137.71447907333,10,0,0,127.9984428203601,2850.8735625048735,1,9,2922,0.07485355732646666,0,0.3242061937823413,0.7607122710922676,behaviour_anomaly,1
2828.138175768256,3,0,0,37.470975270059526,3115.637600226685,3,10,751,0.21784502682981804,0,0.10157827469622951,0.18894409911725416,normal,0
889.9721786781005,12,0,0,3.970147755133979,3694.4896527746105,1,7,2104,0.1410111824820424,0,0.013343709464004228,0.09821858085487663,normal,0
3691.7005253908537,7,0,0,38.65830079286284,2887.6768727315675,0,10,1109,0.13059407021500494,0,0.2628067979758996,0.19998703357646894,normal,0
3512.5060544769253,19,1,1,30.726456663202846,2061.4686957775402,3,4,41,0.0010525514014330106,0,0.14463108999793875,0.261734531533017,normal,0
3825.4201332984617,17,0,1,32.40405374078518,2238.949244800221,1,13,1030,0.022763336845196647,0,0.2166421951049962,0.11853480516781854,normal,0
1322.77637926258,7,0,0,41.4626245760229,3781.7784481708577,1,7,944,0.2145742842146046,0,0.03769672453581833,0.017745451552361013,normal,0
4771.6741089722655,17,0,1,46.856202892669344,1626.9075995356557,1,14,2591,0.07638480505035905,0,0.18138016273706875,0.24298445993164175,normal,0
320.0653650785177,7,0,0,45.36756357584345,3944.6548965148136,3,14,290,0.1617446690182048,0,0.2517596485670071,0.04219786724428728,normal,0
3372.5527428339856,13,0,0,38.56183333089249,3846.730307786652,3,13,1573,0.13196835594040435,0,0.163975469953104,0.16394633227787833,normal,0
3779.6050119802594,2,0,0,43.472847032902465,890.4205579935588,0,2,2252,0.09248137481056509,0,0.09385022268855794,0.2927112109855488,normal,0
441.2416259957881,13,0,0,48.75508677094287,1332.3009148616038,2,12,2792,0.22890179190787002,0,0.041026873122691966,0.1864511038821735,normal,0
36494.47002900687,20,0,0,261.16947574275514,1242.3803443260222,0,3,2602,0.09718096988599019,0,0.533677109057398,0.7785126534277655,social_engineering,1
1500.9432672718847,9,0,0,12.09764547537986,1228.3793264896167,0,9,2023,0.11741348807731267,0,0.07647322649062738,0.08314672513974548,normal,0
1476.7196290019285,17,0,0,33.456034178338044,1328.471314564938,0,2,2514,0.02800335734311843,0,0.001248656976749951,0.2720373101498853,normal,0
3070.6393949797894,16,0,0,35.60175693766421,679.2807486011787,1,10,2747,0.07704544429197811,0,0.029069607433682507,0.2880038732278174,normal,0
3741.646673784857,18,0,0,22.201933152018725,3788.5386504919334,1,13,2565,0.1301920103981402,1,0.0305361255865076,0.0280592847746394,normal,0
3528.233891148396,4,0,0,33.06554250246968,941.0513660990332,2,12,1996,0.16358762925190473,0,0.2727799778212682,0.01876683480822202,normal,0
4493.21582649815,15,0,0,32.57748914767392,2489.33202841218,3,10,1771,0.26378469522885434,0,0.2736596665737369,0.11718355724460659,normal,0
4547.293912527119,10,0,0,26.13440328233214,2263.726362094989,3,9,2319,0.2595931572520389,0,0.013649491757995446,0.2280224403103986,normal,0
1333.8153886440684,15,0,0,14.88318973791068,3752.098077715103,2,14,1569,0.29729364478285997,0,0.09690206114815314,0.07497311421185562,normal,0
1966.3651974920053,8,0,0,8.9416680624611,1803.2494926553425,2,1,2475,0.28034217907398945,0,0.027117297624661908,0.25329907530458073,normal,0
4852.580549291556,16,0,0,27.58884691561139,2093.928398934504,0,6,2976,0.15658070033733093,0,0.19005010864152808,0.07726418605758481,normal,0
1014.5357050086445,21,0,0,46.919326056669576,1255.331496380531,3,2,2646,0.03422717483198266,0,0.16797057912311342,0.15716731061487246,normal,0
307.8692612137693,15,0,1,18.050317240883285,3068.7917547306984,1,8,2245,0.2704086731526207,0,0.05250741686932605,0.09265737546025982,normal,0
2780.522193516331,20,0,0,25.958657325052815,2882.465006116247,2,9,661,0.03328539292424824,0,0.20509401959018295,0.2502301911172271,normal,0
3041.2319094879567,20,0,1,39.83680194456113,1235.7421186460135,3,1,2447,0.02087137925258694,0,0.03906120818254607,0.20944459643197041,normal,0
3264.529692803773,12,0,0,27.82221597126277,894.7125996453221,1,9,2150,0.28618087461764813,0,0.1374114888477135,0.2747416842305035,normal,0
4305.874216315692,19,0,0,12.296329726579192,1738.588089423316,3,4,1998,0.2269053418496628,0,0.011491573608122406,0.2676439049633579,normal,0
3387.9636046112582,10,0,0,42.73600682052967,1151.6451991578292,2,10,1478,0.2808248803545157,0,0.04434133620329519,0.1397917186055892,normal,0
3500.34737788879,1,0,0,19.387076416343675,3535.292255797801,0,12,352,0.27670996779939017,0,0.021169859331707917,0.07117670502399871,normal,0
1158.5540579260537,20,0,0,10.528182663128637,3852.0005704870646,2,14,1635,0.2922290906234366,0,0.0034480264480027945,0.21911953103254198,normal,0
3442.739277349984,9,0,0,29.671570352527727,597.1270929602346,0,10,2143,0.1960408492226546,0,0.020991651664879752,0.050694859305972846,normal,0
3618.8030735098228,12,0,0,29.388389258136993,1865.6995089381217,0,9,1399,0.01205969354954789,0,0.23590192578965513,0.1881271081312071,normal,0
3217.8276344983155,9,0,0,19.325457415745333,1641.8267844967945,2,2,2533,0.2768080540328799,0,0.13398924544610813,0.08193496225898618,normal,0
2731.822054910884,6,0,0,42.36711628841846,916.0140806820032,3,14,2280,0.12564881382081983,0,0.29512008918715316,0.13463638770613545,normal,0
2134.213704564454,8,0,0,9.306503305419229,779.0699628327893,1,4,594,0.252822626436654,0,0.254982201197301,0.15435089678149724,normal,0
2355.7555288894387,21,0,0,0.07108360154950422,1138.260059397194,2,12,919,0.17505340343828998,0,0.12626278808012964,0.10768266942753928,normal,0
3713.7909613491342,21,0,0,44.64356261640509,1733.95389414853,0,1,778,0.0568791238482268,0,0.07027408569861784,0.011895509598454757,normal,0
439.8703742883107,14,0,0,7.431877783103308,1026.03254679247,0,10,282,0.167814652204356,0,0.019822137153346474,0.13209482253301985,normal,0
14206.288945254337,7,1,1,89.40090633943815,3612.5929424393785,0,10,393,0.7053462570734474,1,0.3571862520970424,0.7447622739480462,synthetic_identity,1
4366.373431741453,0,0,0,21.82172207473736,3506.6771071173807,3,1,519,0.1488701990763015,0,0.14589602077710423,0.294296771072602,normal,0
4473.539092600891,23,0,0,46.01642883135194,2365.9251782374513,1,7,565,0.10397886877911104,0,0.08363004008358839,0.2553406126517107,normal,0
214.03248510554675,16,0,0,41.67560498708276,1739.5905888323746,3,11,2910,0.1619616725558109,0,0.18619601737386934,0.09649187257816343,normal,0
1694.4585209804118,15,0,0,25.32846560286046,3303.3541046025143,3,14,878,0.06320467015511126,0,0.022508507262470567,0.16922572010803918,normal,0
4164.03385780835,5,0,1,14.745162654821275,1112.6754705170974,3,11,2621,0.2300010903030744,0,0.17427539588383315,0.09171019294769901,normal,0
2152.9518915196695,18,0,0,44.4787067238233,3131.1760345830394,1,14,2562,0.25608524905187313,0,0.11721534494773944,0.004788519078500475,normal,0
1689.2353902653404,9,0,0,34.56731706637686,3118.3589786093194,2,2,186,0.15136196761522663,0,0.22972001250493557,0.16971575345770745,normal,0
448.67559734982075,16,0,1,13.286903908283959,2497.066281595748,0,1,2151,0.09266376243790678,0,0.10025692491554834,0.21128295971699326,normal,0
4963.32163879366,11,0,0,33.682892709117915,1843.7009617542321,3,8,2938,0.27481548939397243,0,0.08911595415807423,0.06033728843011332,normal,0
9300.345043041967,3,0,0,108.88019646438978,3777.25700837751,3,16,110,0.7380089166305479,0,0.10468633901084436,0.6960404298487264,synthetic_identity,1
2345.7856134791195,19,0,0,42.207000103259986,2607.9835152352207,3,10,1805,0.2664832491431238,0,0.27017844372165273,0.19104462017726964,normal,0
1302.2106374384728,6,0,0,0.7095149997375261,1491.6906680567267,0,1,959,0.22355366976401958,0,0.2850665507212327,0.29680718163911746,normal,0
6028.179815487742,6,1,0,316.4308773214514,2904.306356492836,3,2,126,0.5987889542846192,0,0.16329037346876013,0.53936077979356,synthetic_identity,1
406.04220873345,1,0,1,21.539902643188746,2179.4134095379577,2,7,2171,0.09062222639618446,0,0.21729430491510723,0.0011419933203055898,normal,0
4945.743665615069,7,1,0,237.6049669855186,3632.2416158822716,3,4,696,0.5796921098637854,0,0.14192713580828636,0.8432516006732051,behaviour_anomaly,1
3020.645567228656,23,1,1,1.459876100974039,1984.439558347808,1,3,680,0.23489498938714068,0,0.24440049996220964,0.2991409554853143,normal,0
1752.9199833442508,5,0,0,12.506705216852115,1516.3682252008662,2,2,465,0.25138547197972333,0,0.27093817994598585,0.13674960375585307,normal,0
2919.823471591807,8,0,0,13.259361988558894,2045.3071364071188,1,7,2308,0.14413357155005366,0,0.06072016177986088,0.2487806981354991,normal,0
105.4492615613183,17,0,0,33.47815738270718,617.2727471324971,3,6,819,0.2529467706178602,0,0.017445335181234912,0.24261340598889397,normal,0
743.0999006436991,11,0,0,26.8915855586207,1597.6894883704733,2,5,416,0.07023067513991589,0,0.042665616344858444,0.12295427768333053,normal,0
1283.3327777586524,23,0,0,9.962618663729,760.6775031223134,0,4,2657,0.182099907793738,0,0.018077207605129642,0.018541800640167725,normal,0
3939.000844241412,17,1,0,7.633093488174558,1649.972138422533,1,1,1457,0.22813455620844575,0,0.0029131546111872187,0.1934789005209624,normal,0
4823.685294876742,7,0,0,22.36083699467757,3712.519977639805,3,10,2616,0.010519150096785567,0,0.16717616454907622,0.2908148533208579,normal,0
543.7752476758648,0,0,0,238.4710140721522,2746.278278096565,6,22,2344,0.09687768664667332,0,0.2634941544118418,0.4626706868709344,velocity_attack,1
1790.9103530148452,19,0,0,48.85259297271177,3289.723149513692,2,7,685,0.0005561869444562938,0,0.18904963602669592,0.18748014327457488,normal,0
16500.0443496043,10,1,0,16.666884691876028,1983.972353191395,2,4,2436,0.2647944215680956,0,0.4162962003291013,0.36518703489024884,social_engineering,1
4697.693610397565,21,0,0,35.49775526149148,3514.080169468143,1,13,1504,0.12213954745875305,0,0.20815234984069828,0.03734897127898871,normal,0
4757.610822676604,15,0,0,24.840804026999237,2899.07951101696,1,8,1333,0.19654739018716433,0,0.26955394563982893,0.12310064837923124,normal,0
1476.9220446526965,23,0,0,37.5052748675073,3870.449797203488,3,7,726,0.21026647086847275,0,0.05502763841530097,0.25391579825053395,normal,0
290.79628176956146,17,0,0,18.28280873059281,3851.2143033463276,1,12,2643,0.07640149066413578,0,0.2693947596448876,0.2117282700389303,normal,0
841.1094608011794,15,0,1,13.270294379745323,1950.402267077154,2,4,2414,0.019247568460540997,0,0.06903779781305062,0.18519104889089769,normal,0
25637.902249640527,23,1,0,193.57028959441433,2927.974167718553,1,17,2948,0.4385654644123557,0,0.7894350078173922,0.3377722053996417,social_engineering,1
724.6944454267139,10,0,0,3.8511243286833805,1190.5432608845153,1,3,2417,0.020512431717895453,0,0.131635797202239,0.012910547076584577,normal,0
1699.6604103955603,1,0,0,49.90240108637868,1546.541976522384,1,14,70,0.13186249472290842,0,0.2932194644710411,0.041001861737334444,normal,0
57.20132484735305,12,0,0,32.636851128644786,606.870657148424,9,22,741,0.09197398123820932,1,0.3565878200025941,0.5244127413535651,velocity_attack,1
379.19576228710457,11,0,0,46.51499077166499,1100.038814522245,0,3,2351,0.015752716645670548,0,0.18696085229026488,0.2524468619686893,normal,0
9596.42006164025,1,0,1,454.42445797636054,2419.9432709803855,3,11,2144,0.554667559093064,0,0.38323736342761294,0.7329828016775978,behaviour_anomaly,1
3444.8243839946717,12,1,0,41.79685939292818,1395.6052488630178,1,14,815,0.2675162627219891,0,0.2175476297826976,0.26990348190185315,normal,0
1180.598199848412,4,1,0,183.77147980979598,1989.6465377175125,12,17,2796,0.11181037369715507,0,0.32424883871302856,0.5226561871490527,velocity_attack,1
2702.7306872050567,23,0,0,33.7758659932625,2673.830244554324,1,11,1460,0.0555917388029432,0,0.042978861757162375,0.019186383648280535,normal,0
3293.167444341837,1,0,0,4.4370583262557055,720.018344921725,2,7,356,0.028642174344755054,0,0.004186659456967112,0.21237673802738433,normal,0
3492.5361001566293,22,0,0,47.20642995076898,3441.0186796868998,1,9,1337,0.2010286162502511,0,0.160195226522056,0.29972278656035295,normal,0
3534.748744149688,8,0,0,1.4424200145010835,3170.562956679237,0,12,2969,0.09150802316635613,0,0.21005126675120886,0.18945137329295728,normal,0
3971.1491379046006,17,1,0,47.85150525215801,1776.3292700200327,3,13,2353,0.27830031277457284,0,0.08900116328602377,0.07543729221815161,normal,0
4038.691271447889,21,0,0,7.684041196941877,1135.1352660736006,2,4,1008,0.03213642948249516,0,0.015656968912502876,0.1571837588027629,normal,0
1991.9029252237938,23,0,0,18.162846867408046,2992.577429312714,2,11,303,0.2012731823943915,0,0.028613609551855587,0.2547384176356105,normal,0
6078.585335692191,13,1,0,396.81333735174627,1312.683464479341,0,18,185,0.7908047108380795,0,0.10164212803477737,0.7172325023418813,deepfake_identity,1
2562.9217562154413,17,0,0,35.81114125058085,780.9034199503105,3,2,1510,0.09340141682869853,0,0.28873265890688055,0.14423958866716732,normal,0
46180.242970629726,1,0,0,55.97671731194388,3123.540593283391,4,10,1677,0.07906277681585282,0,0.48119773314853403,0.6745565446586808,social_engineering,1
2563.1272138214213,6,0,0,26.297854963402035,1838.4087365479234,0,14,1153,0.2538440297384987,0,0.2902497242174563,0.04262971883484984,normal,0
17036.440691646898,7,0,0,32.68371461217073,3796.619934176549,4,12,328,0.48306708076014443,1,0.09067849335796618,0.7003884298534229,synthetic_identity,1
2956.3376783408894,10,0,1,29.27241457423115,3114.3662508768193,0,3,566,0.1634507229023829,0,0.24663943691570794,0.21709135374632835,normal,0
638.3292573298364,13,0,1,29.70353271758468,3435.1692804227014,0,11,2226,0.14284622157386748,0,0.020995953073457772,0.033540180941668184,normal,0
805.9860514646779,20,0,0,23.070281691925835,2064.5966631377028,1,9,1147,0.29824457685873285,0,0.11244800993315442,0.25416306213547357,normal,0
153.10449225346196,4,0,0,42.8719279234919,2980.2904165878485,0,1,2096,0.24792578421847689,0,0.034308757497519646,0.2879602816228017,normal,0
1421.5454923441541,4,0,1,28.40090862824046,2370.918642107279,7,24,1553,0.27165271490008197,0,0.1644260813113395,0.5913234967686933,velocity_attack,1
3898.6958539912516,2,0,0,3.5624368955196384,1365.9529723992173,0,12,76,0.1412023729999233,0,0.22983723508975867,0.14053628396491016,normal,0
2551.761286456247,1,0,0,16.83950579206803,500.0718128631324,1,13,2056,0.18611330585453018,0,0.0882449194491199,0.23904415029692141,normal,0
3900.4980695341046,2,0,1,15.41617109098657,1921.1572636894089,2,14,1958,0.23910347998059892,0,0.14995806035882353,0.1970552831065749,normal,0
3675.0702738565137,3,0,0,25.403686515910547,1959.7060826338288,3,7,2113,0.07086603804943632,0,0.12213321464156535,0.12060490092305465,normal,0
1056.315934371387,18,0,0,47.24085357750035,3505.991867022826,1,3,292,0.27985494023061175,0,0.21850324772340918,0.08107589656131112,normal,0
148.89600562640192,10,0,0,3.0708720821910065,2634.3503558448906,1,14,1223,0.19829187988360256,0,0.07465907661024211,0.27988101490095174,normal,0
828.4473659902535,5,0,0,36.58598085541327,1491.387151201811,2,13,479,0.05980276515906183,0,0.10796589790534951,0.2143245740999099,normal,0
3021.72240456206,0,0,0,7.518194516791138,1640.420969064179,0,5,1345,0.07733012268153651,0,0.1289822391584459,0.143442032790817,normal,0
2513.4233655000176,12,0,0,14.166115768219873,1781.1649382461235,1,4,972,0.12472024001659571,0,0.08303168349441845,0.03863263378628484,normal,0
1120.745411041738,2,0,0,28.20283366718941,1081.1195098288572,1,2,2548,0.21498311245566878,0,0.18923656036491274,0.025103782686918596,normal,0
32322.830535765723,9,1,0,499.6047888822281,2752.388034774173,2,13,187,0.6020521296847787,0,0.3754322677741133,0.6356434998748358,account_takeover,1
2573.4984316921878,21,0,0,0.6781047802235318,888.4726454178408,2,7,2355,0.20120020379615686,0,0.12554248834501405,0.06127927038693724,normal,0
12319.896116549262,5,1,1,389.9692083556053,2811.5332472515715,3,1,970,0.30405778007871687,0,0.3093585692775997,0.42369742166892865,behaviour_anomaly,1
2519.6887982389503,12,0,0,7.06876631905276,2878.856743212815,2,11,2014,0.04318337245251556,0,0.07289337153628792,0.2417144131644659,normal,0
1047.8331804867646,12,0,0,23.074648074579628,2684.634581292897,1,5,2975,0.06580009263510436,0,0.023950025151843968,0.0736956457891816,normal,0
3401.4055259420397,2,0,0,30.406761646157133,3040.630652814794,0,10,2597,0.008851457759747805,0,0.20062941110717183,0.009306893751509648,normal,0
1034.3698312519662,6,0,1,42.75055045018657,3542.074870907923,3,1,551,0.1860635399111461,0,0.07265119210117439,0.1334148480724532,normal,0
3161.883088074295,21,0,0,16.162573800029556,3060.2473540217466,3,6,1307,0.29141376457740314,0,0.16440344259485654,0.12478972695912853,normal,0
1856.4820698669357,10,0,0,45.47355346325912,3439.6791620562485,0,5,265,0.1051011699204398,0,0.016832386509056184,0.1789610362258005,normal,0
2808.264671020872,19,1,0,10.964137386916379,3278.232693154668,0,9,2047,0.002797651792467204,0,0.048277302161359156,0.10886042784264904,normal,0
4173.730220489979,16,0,0,23.446778647091875,698.3355810720195,3,12,1661,0.11555929997293395,0,0.24573819962406201,0.1815820865532078,normal,0
24504.040111487473,11,0,1,149.02558791594294,3548.4761311441825,4,6,26,0.4170466051599041,0,0.3936795052846575,0.5924614950346541,deepfake_identity,1
1247.3137240933663,9,0,0,19.757902481564336,2292.658074132218,9,13,2135,0.3991525803636447,0,0.15999904170290288,0.6024738654047176,velocity_attack,1
1395.3447937853336,10,0,0,172.81172516903953,2792.189207428124,4,13,2135,0.3186692263581449,0,0.48038301541605494,0.6481029171223968,behaviour_anomaly,1
4480.073656949692,2,1,0,48.57862418671348,2456.8777220574752,0,3,622,0.027408183334486958,0,0.1726994911152582,0.23137968708437914,normal,0
1329.3075894644312,2,0,0,21.53784241804942,1975.2590586667143,1,4,277,0.13163768559284136,0,0.2893475677043817,0.14632527040209323,normal,0
477.161179966283,16,0,0,30.05639961481204,1780.1644078745817,2,4,628,0.17183507030773018,0,0.12773029906441402,0.0721647449554841,normal,0
2363.8284378562503,10,0,0,26.125781340802558,667.9082512702262,0,5,159,0.20001211042043396,0,0.12732771643185184,0.28638140806900536,normal,0
447.5678590554898,4,0,0,18.96067073536205,2436.5839930439233,0,6,1998,0.006098370043676948,0,0.008302366460140398,0.22301252686058592,normal,0
3331.579310091503,19,0,0,39.59481811973997,2349.6709035118893,3,8,1298,0.18286144594138476,0,0.18299237775481333,0.06158862871490617,normal,0
3797.389869908109,22,0,0,36.56355109896671,1821.011356762887,1,6,2378,0.04319700477431016,0,0.06037359362924755,0.1385131943429571,normal,0
30071.34577076346,13,1,1,652.5325004556804,3883.416173333338,0,7,1543,0.4979051457527221,1,0.09689648142942009,0.4834297563777322,account_takeover,1
4811.5985874740745,8,0,1,11.184607166603167,878.2386002164335,2,6,570,0.05332988546659316,0,0.21962231057265255,0.12757471274823814,normal,0
845.0379803800098,10,0,0,22.03747001857883,2970.7911206414287,3,14,1107,0.06692643422447467,0,0.03096313003508444,0.09699766279661277,normal,0
772.7701603062941,22,0,0,21.65888060023262,3832.4739692464245,1,1,934,0.048999866554543116,0,0.23894437884809078,0.2998152963198585,normal,0
4565.5620313852905,1,0,0,11.732593465153741,1055.5322040686106,1,10,1172,0.19755439561751093,0,0.2004885555083954,0.13775356901916128,normal,0
1468.452833426611,13,0,1,42.002950913812356,643.7126063528322,0,10,2127,0.0972672253117138,0,0.06588211295537663,0.04087422524642533,normal,0
382.037924081557,11,0,0,39.498829003090016,716.5036360379108,0,13,306,0.17558936638214495,0,0.0974961493339058,0.04061935542233281,normal,0
1922.8886203846375,22,0,0,23.456295394675468,2847.490271779606,3,3,1880,0.1529649942327019,0,0.07221715061062815,0.25755399233245063,normal,0
4300.431593111976,9,1,1,40.91294005177246,2381.993817467014,0,11,104,0.2882259500845489,1,0.08750966852931359,0.03157302339987171,normal,0
2110.5560908277707,17,0,0,210.11896969262344,1628.9911108496965,3,4,651,0.17135169349865192,0,0.24382751200787778,0.7182988082429531,behaviour_anomaly,1
1273.5998325567368,7,0,0,38.17926063182461,1843.1743167642921,3,14,1310,0.17723440219083184,0,0.18175061907434023,0.0005384506380165965,normal,0
4547.075722237856,0,0,0,29.991480210316645,1430.901803174791,2,4,1921,0.1988472202560599,0,0.06560472864568691,0.17780986641279956,normal,0
3594.713728084827,14,0,0,35.82862293014084,3702.9961027007553,2,1,2770,0.2568052970252507,0,0.17878819035352825,0.29834040088372643,normal,0
1352.2905076711222,11,0,0,247.27307624043166,2283.8318703214263,12,17,2323,0.4603570773630228,0,0.1201711866316896,0.7560325801788377,velocity_attack,1
3419.446549018643,22,0,0,39.79679190271773,3035.069704059049,3,4,66,0.1598080078856117,0,0.03733076982327331,0.14434865027983051,normal,0
907.0611318182499,0,0,0,6.834495735890678,3120.2966791230424,3,8,2442,0.1547917788812955,0,0.28421941089887426,0.08535774512362956,normal,0
14084.272820647646,23,1,0,372.28095459822447,2342.8225572931706,4,17,1414,0.45524320952310116,1,0.10175962861794269,0.49651250045444095,behaviour_anomaly,1
4426.282600941739,16,0,0,9.751349251093805,3653.65464324042,0,6,1801,0.01859041828173926,0,0.1628256833249295,0.2386287995011754,normal,0
1708.1444926856266,22,0,0,45.65173190412384,2869.919787040405,2,4,333,0.17763925540328956,0,0.09640318206829797,0.06423476727801423,normal,0
3328.53880414002,16,0,0,41.860495514463416,1730.1162735143328,1,2,1311,0.2873476154783848,0,0.25242169640497925,0.0765477185484137,normal,0
4982.978913113234,19,0,0,17.946252394105954,1036.054530405911,2,13,905,0.1450868051633505,0,0.25371529846464425,0.23019747868695772,normal,0
1941.8525972142697,5,0,0,21.585362900412107,897.0879019474844,2,8,2444,0.22413222257506513,0,0.004451224051433123,0.09294084879628185,normal,0
1939.797749485852,17,0,0,19.565702172840005,3388.802032291017,2,13,574,0.03332245939335127,0,0.23074321750344617,0.20040937422660673,normal,0
2563.329911453148,6,0,0,3.4253402795502987,3618.6015651393827,1,9,2199,0.1357740104705272,0,0.1720375983366373,0.05694813559618852,normal,0
2380.1509763034815,7,0,0,15.552588454780041,3942.6679419874868,2,14,1108,0.0011114388966026456,0,0.19590897706456825,0.025507880505967605,normal,0
1586.1008651614864,18,0,0,42.265589066505235,2007.487924632714,1,1,2000,0.2023063462222932,0,0.03558608007161672,0.28477231439891587,normal,0
9919.192932163922,2,0,1,92.2125690466859,3198.3775294880684,4,5,286,0.1259988891520336,0,0.47425750062539207,0.5079891552701588,behaviour_anomaly,1
2081.1619637110316,13,0,0,40.41057238251183,3401.783465385132,2,7,2823,0.11935923905945856,0,0.19428701610510798,0.2957506621255804,normal,0
395.11203001145753,4,0,0,10.265931211664197,1826.395277530584,3,1,2370,0.057583286358907255,0,0.2680826657553699,0.29538792385070606,normal,0
3157.0895978290287,2,0,0,33.466320638678695,3124.1105290585956,1,2,207,0.00899719132805995,0,0.16012079228692627,0.13695179590311687,normal,0
11581.346956096877,7,0,1,197.61291713375172,1147.6475351613474,0,17,968,0.4554583866999457,0,0.01947020126519705,0.8344184963733144,behaviour_anomaly,1
401.0868216408588,2,1,0,19.861641986382967,3356.0379463856193,1,1,36,0.24053114735091471,0,0.044333961534741624,0.05503587831888429,normal,0
883.4108404955628,9,0,0,10.838550619213589,3004.736769577827,1,9,1097,0.17549054259790103,0,0.1840723752498642,0.11811975038542956,normal,0
4630.998729564958,17,1,1,2.06333922011116,3747.372806126514,0,8,2143,0.2209183561958425,0,0.29609083651778056,0.031691922112164005,normal,0
3713.4254667352793,23,0,1,29.929212973149134,3620.982643747286,2,11,80,0.11302877437390563,0,0.20312042143031456,0.16148354275308877,normal,0
690.7362403780822,16,0,1,4.235040734065781,2898.654504600626,3,8,969,0.1407467341712931,0,0.046765475459017304,0.26000488917193365,normal,0
386.8995532954981,7,1,0,4.954822518121582,2314.5248851232977,2,4,1160,0.23998383786252442,0,0.25079917255348066,0.2734773085053323,normal,0
1749.3609631502109,23,1,0,0.38304334452194944,2000.9278659663369,2,12,2415,0.007770068463082879,0,0.1944379549284294,0.13811344951483195,normal,0
3833.318881763863,7,0,0,45.13992594665727,1679.7712149469298,3,9,1275,0.2795161189825104,0,0.27034749720763795,0.20215866167885457,normal,0
6938.963059875399,16,1,0,370.05930213288445,1072.565940409048,0,1,2460,0.23758688988460974,1,0.4739148913225047,0.7813089676070584,behaviour_anomaly,1
2959.914948069273,20,0,0,17.931205275259703,719.366938821812,2,3,2205,0.07682362181663713,0,0.10914341969670821,0.07465850180177652,normal,0
4555.090467411786,9,0,0,46.43862127919405,3544.51226754922,3,2,2068,0.20788219617063883,0,0.0073508303692883855,0.19673201303308172,normal,0
4814.645487525256,13,0,0,28.714048211365643,3073.1189755623786,2,8,663,0.15832166698257039,0,0.27116740322682953,0.2949765319139997,normal,0
8485.779060278895,11,0,0,443.9186058717521,2163.761043200171,2,8,853,0.48309782567935183,0,0.35498085613214936,0.7769058365398493,behaviour_anomaly,1
40633.04922821757,22,0,0,41.26986098270804,1939.8929320080713,3,17,1041,0.2968699121354546,1,0.4600881529517144,0.42677389480877553,social_engineering,1
2609.2559856664766,10,0,0,37.12965923211151,1825.8348416992005,2,14,642,0.19945814727401395,0,0.04720274116828219,0.24615479693644032,normal,0
4820.632727646397,6,0,0,16.670984775767383,3301.092842642512,2,9,1522,0.16016451746392207,0,0.23558774571013572,0.1433204562032832,normal,0
14325.022471323833,7,1,0,226.62263280467803,799.0157660472335,1,7,2859,0.24283173018533716,0,0.41615277795056843,0.8242419031269388,behaviour_anomaly,1
2514.8159642108403,4,1,0,49.183750317390675,561.1061787880816,2,7,273,0.035683177374014864,0,0.018229257009176957,0.21790704994095392,normal,0
14504.154944410744,16,0,0,98.06391515278973,3112.862422988961,4,14,382,0.7519505345677958,0,0.3137343740778296,0.7960091136047276,synthetic_identity,1
3326.848526783269,1,0,0,44.53201587656093,1526.8666664956986,0,9,2039,0.11660239969808178,0,0.005269483823982823,0.2569962828364565,normal,0
1816.943687809342,22,0,1,361.83292605412686,3086.322420839009,3,4,391,0.8432609693203679,0,0.36762307686338336,0.38050726067678187,deepfake_identity,1
2489.098848999583,10,0,0,5.716287280060111,2773.034479024797,1,3,953,0.06150947500794639,0,0.2908600944493938,0.23721284132504322,normal,0
3892.010313077766,23,0,0,19.57034164282892,831.0859369336199,1,6,1438,0.07271290052822275,0,0.1597145478253215,0.29232603173693394,normal,0
3535.584012645621,4,0,0,42.4852961612309,3475.9274679325613,2,11,2092,0.24302582511747872,0,0.26941364630812076,0.23010011341505524,normal,0
1002.7017122663281,15,0,0,32.853704513460606,3975.375843003648,3,1,2284,0.20369483187443677,0,0.12861383671910856,0.24135463296914694,normal,0
1118.6426502155339,14,0,0,36.28655446815356,1720.5282208009994,0,5,1623,0.18724428686094968,0,0.2170933841537424,0.10894889408799029,normal,0
3493.867165908206,17,0,0,29.817038255505153,2122.232105435486,2,3,759,0.08925397381548783,0,0.18025809865124542,0.24832462784054007,normal,0
4395.588732958183,11,0,0,19.059540148012346,2410.3201746551013,1,5,534,0.02433440137533701,0,0.003869298721172465,0.20784586797875984,normal,0
4181.355606313717,17,0,0,45.53570713290291,1810.8634994706113,3,13,1748,0.06436043346798405,0,0.2382783385204999,0.2065069706295283,normal,0
819.9174255604768,21,0,0,25.666935351320408,1556.697391870685,0,2,2668,0.04860784842535266,0,0.1476532714020802,0.0009041569715619424,normal,0
1628.1329037927278,3,0,0,16.979537069791316,2695.4781019234883,0,1,2448,0.1460885301113211,0,0.09201791290502091,0.12429745079506188,normal,0
977.5652027080896,23,0,0,38.07346644686584,3340.8044947104268,1,4,801,0.05309885741713359,0,0.16213061807661397,0.10238317489270078,normal,0
346.19074813261244,2,0,0,25.17742364881289,3806.3647161903095,2,7,57,0.04488782495860333,0,0.022086167788028542,0.2312901180787308,normal,0
1576.7515834042963,4,0,0,11.774719786225917,1677.5665544754686,0,12,1948,0.2721358812422262,0,0.1992023187802964,0.19426156335885053,normal,0
2631.2058793852975,1,0,0,2.8972828205500956,3623.0670952894425,2,4,1191,0.10732220159160595,0,0.012312072273708142,0.2929527942561678,normal,0
2832.7732486252153,13,0,0,27.2996513266884,1646.9398648947374,1,13,2166,0.006960789174448056,1,0.11808230541836925,0.24975329830670334,normal,0
4111.827124471849,8,0,1,30.86331435668213,1774.0627057421773,1,7,2944,0.2785925290147649,0,0.2590693597029728,0.094925255633534,normal,0
2025.1860335765773,6,0,0,22.9279241145326,2110.643475276327,1,2,405,0.012443186084988034,0,0.06627470596917324,0.10961634037287833,normal,0
30855.434046813283,4,1,1,295.32739875882424,2561.6268043350765,1,14,912,0.37156524549600534,0,0.12352925867320896,0.7632277841560384,account_takeover,1
3448.1473453718754,7,1,1,32.57393834426166,2026.629892963085,2,7,1825,0.29947041706832433,0,0.007689255000940809,0.21187219218495193,normal,0
3656.025591102964,1,0,0,35.88141984347074,763.952682932848,3,1,1078,0.26260715571854354,0,0.08942386647482066,0.20272229522917337,normal,0
1765.862132586916,4,0,1,8.397710218370714,983.5352008178263,2,4,1760,0.24565272986938583,0,0.1590375081011452,0.2235123535384957,normal,0
39752.359195776335,8,1,0,828.3318617251703,3857.4576519860984,1,2,2999,0.5898183678637944,0,0.0013950497226065117,0.720842924150876,account_takeover,1
1031.6309549616578,6,0,0,1.9335022009405067,1247.9597782709625,0,11,2769,0.01868274315328686,0,0.28575336154175174,0.10729046118726994,normal,0
835.2384570005229,16,0,0,5.921034700913408,2710.406699884404,3,1,452,0.11637179887143032,0,0.2963086518719862,0.25233828243160294,normal,0
897.8287507969426,21,0,0,392.80929216565175,1040.767610601019,11,38,1267,0.37666498902996415,1,0.37285720850352305,0.7790840345799928,velocity_attack,1
3202.4417404107094,11,0,0,6.224907796320023,1968.7680375284244,1,5,100,0.0707720533263553,0,0.055889658190580206,0.004282079372047942,normal,0
3198.1825528244353,18,0,0,32.35350092694913,2671.9381097019864,1,8,2243,0.09627110019247943,0,0.06694552912597213,0.1508138280597792,normal,0
3654.3208411508017,21,0,0,6.4904230582572,3953.599844541736,3,5,661,0.01752262142717027,0,0.09385515753474856,0.055850308583300486,normal,0
2170.4872987285285,11,0,0,34.192986250441656,1916.8903297349755,0,4,1885,0.2883877174529803,0,0.01570019878567369,0.034727506234764595,normal,0
1238.6831829746343,0,0,0,1.6936330110803144,3430.3038416005634,0,3,1734,0.21864440921438197,1,0.00433079371029621,0.2322027674940496,normal,0
4678.721889891863,14,0,0,7.330705589156522,3681.2602367465593,2,13,2573,0.12062767957241476,0,0.2695824510148172,0.23636504472242942,normal,0
4314.684497412231,11,0,0,19.92438445696675,3152.9824922148473,2,11,1758,0.2157899810944299,0,0.1645397440524632,0.019562089066148314,normal,0
4396.151620132572,9,0,0,15.869478681663624,1403.0674195366828,2,3,1387,0.18674103490548583,0,0.22819484171009596,0.2953181874213987,normal,0
11934.210389963777,15,1,1,661.5468575478042,3395.8742657203056,4,3,504,0.8259558731606667,1,0.14233567264588287,0.4428730310076786,deepfake_identity,1
3327.440639204858,19,0,0,23.126181570529514,1177.7928968433084,2,9,90,0.05000089792693443,0,0.2495187633901919,0.16566786982180656,normal,0
1400.9323964024543,21,1,0,18.437239215833003,1646.9130730491981,0,5,1855,0.01886956473022826,0,0.26875356715491816,0.01207508432649892,normal,0
3078.7349546878786,0,0,0,16.46857448222213,526.8678132688735,3,3,2893,0.2449246152243819,0,0.27852741038678785,0.09248237786712683,normal,0
1081.3818875513668,13,0,0,6.946150618548685,1795.095774222429,2,1,2951,0.18444448579669084,0,0.1382293907522334,0.20049378043282562,normal,0
3701.1366522349817,1,1,0,24.91336285003764,3339.141968193251,0,14,2625,0.23456781254709824,0,0.16979767939195775,0.13632413645631059,normal,0
21448.776945309673,20,0,0,284.7667234101028,2084.5854463597498,5,3,346,0.8532224208634259,1,0.4262923769135728,0.7869932396743093,deepfake_identity,1
3969.128899693314,19,0,0,9.884204284711927,1313.0445271022397,3,7,2723,0.08367061521654648,0,0.2956517444509652,0.2899032322987117,normal,0
639.2544301856161,20,0,0,46.48326331502241,2096.816019986279,2,1,2331,0.22987294026276425,0,0.2969801296608596,0.18209894324984593,normal,0
7894.6369835850655,14,1,0,374.09794598031175,2167.58201698086,1,8,2835,0.3910811836421686,0,0.45929191037936656,0.5609674053102582,account_takeover,1
3576.250436706476,21,1,0,3.5247046426283957,3872.6200647461756,3,7,2451,0.1587316326456478,0,0.13165969256995655,0.29507924858882456,normal,0
2008.084200996489,14,0,0,10.49783601245059,676.8549140328848,0,3,519,0.17384455707864138,0,0.08997186427804575,0.17709196510268818,normal,0
1742.4664840649145,11,0,0,41.0645892409664,818.3590156117591,0,2,553,0.17624575585933883,0,0.1842375493337607,0.1691877176964948,normal,0
3708.3698738216385,4,0,0,17.916564702305898,3120.8932404505586,3,2,309,0.10076185874093639,0,0.22253356104330033,0.23860917474123783,normal,0
4850.120379442908,1,0,0,39.87043630276848,3080.440415885797,2,5,1151,0.02807633693427163,0,0.135354463109995,0.2567529791870797,normal,0
2521.6409915264694,2,0,0,6.564519705230659,928.4906891414075,0,12,2252,0.04863183291346827,0,0.24245722748516857,0.24144283412931694,normal,0
28398.296671733533,13,0,1,65.84517939300783,3709.26733058903,2,13,1703,0.20959219888333996,0,0.5404107882159942,0.22783048495261288,social_engineering,1
569.0013220487924,17,0,0,2.809746836662846,3557.16338734546,2,10,1489,0.25647538544416837,0,0.16438728355736262,0.10451512289563518,normal,0
4963.169160576039,19,0,0,36.41111047037584,2994.232830010532,2,7,1632,0.2523635510718043,0,0.24179160665357102,0.030425589522255058,normal,0
515.4808786244357,5,0,1,32.84555065931273,1088.8617560979842,0,12,1186,0.11742554163311185,0,0.10199431340643984,0.07950499857873786,normal,0
3737.040617275527,22,0,0,26.789613090780623,1967.4666325250685,3,8,1185,0.020563383458026652,0,0.04201341543851528,0.270359328126938,normal,0
10117.209574575367,8,0,1,195.9222324691547,1909.8787880235602,4,7,499,0.26375329675603054,0,0.4929682960376816,0.7139778991791095,behaviour_anomaly,1
1122.2824741007335,2,0,0,228.13771381955095,3564.7777030359766,2,16,315,0.3918250859094377,0,0.09418071368371561,0.6701034299402648,synthetic_identity,1
3797.2600830149436,11,0,0,22.454886274124636,1634.952542257145,3,8,1377,0.18254163510734867,0,0.03377004972497821,0.22578663098748586,normal,0
1317.079682841717,23,0,0,20.715932512617336,3040.7444297978222,1,1,1370,0.11348420781873952,0,0.2354660335212388,0.21051197523496712,normal,0
2586.3184997172634,4,0,0,37.06502141383129,2912.461760091913,3,6,2158,0.28930382411483857,0,0.09320179301233317,0.13443416867882343,normal,0
196.58163499638437,2,0,0,37.717739627427434,2271.7104904313787,3,1,615,0.24956058444714846,0,0.2895669780541756,0.004776754954158934,normal,0
3652.529773865682,9,0,0,22.022615766063105,2513.0584408478153,0,10,1536,0.0059505073896646945,0,0.008310800627401726,0.2597067648391808,normal,0
11379.202997359265,0,1,0,225.03310064924185,2870.747888695119,2,15,557,0.7571090372071061,0,0.3491947323476349,0.6142136337129018,deepfake_identity,1
2752.2062355129406,3,1,0,25.91773952970915,2977.474120550245,3,13,2524,0.14351495929133742,0,0.1893550985150074,0.08856171041506974,normal,0
2249.215554028993,22,0,0,6.473154829765981,3847.6101997657156,1,5,1138,0.1550642021921033,0,0.18896128356471784,0.16753320276399533,normal,0
827.6832300540359,7,0,0,11.414253105970174,3612.054823266045,2,6,1978,0.19731072436716574,0,0.1554566230741032,0.21147422049946188,normal,0
1933.2344072097085,2,0,0,158.25295309227027,1553.2814718362226,7,39,2894,0.22584522272139695,0,0.2580890986623757,0.5320372539171956,velocity_attack,1
1245.3298809800467,15,0,0,47.34194410875737,2848.5675586919942,3,14,973,0.08318331824029906,0,0.006195554993451013,0.09623340410104614,normal,0
894.9436883341489,3,0,0,14.280526787260184,2600.504134513799,3,3,1417,0.07034746619894973,0,0.28107561034614126,0.19584447292055554,normal,0
622.3314403554818,9,0,0,3.176169875298757,1583.7547339750774,1,4,1801,0.027555119893281566,0,0.013930218184399911,0.19730200314699717,normal,0
155.63285936035345,7,0,0,9.435308073963355,2369.4199335886974,2,6,438,0.08546781427658588,0,0.21893752160677613,0.12408801008276749,normal,0
2041.2461888853513,22,1,0,47.1505926246583,1279.6623368052644,2,8,2065,0.1680496471635881,0,0.29604766874470506,0.046682366755017024,normal,0
4754.809801356104,19,0,0,41.72879324974765,1147.9054244771228,3,9,791,0.003185769743087985,0,0.14380390538024093,0.26595977788759007,normal,0
534.1421054301245,17,0,1,15.160623511145177,2879.844249558091,3,11,1545,0.1328714254254836,0,0.03713162914988224,0.16908429423639967,normal,0
28209.54627979608,19,0,1,195.42457287371565,735.1881648192315,3,6,2216,0.2050638405416116,0,0.4636327861845131,0.24657909492896438,social_engineering,1
1016.5143679318645,16,0,0,37.08749024786376,3847.672374569652,3,8,1227,0.06186236921563532,0,0.03947907234205532,0.28603164741099424,normal,0
3266.8729620964486,17,0,1,169.05899737545877,3081.367606873259,5,4,1792,0.21153151461145375,0,0.3119273165412993,0.6811459604521006,behaviour_anomaly,1
4453.177994312538,10,0,0,0.42606981607893335,2847.232445605829,3,10,625,0.15842296397033725,0,0.054656096197965506,0.2739819579257301,normal,0
1678.1879113575735,5,0,0,6.230583823183333,3646.288067711069,0,12,1295,0.01983130856647126,0,0.11830569823680463,0.15382718467673476,normal,0
2209.593758464817,21,0,0,0.7583107305450698,3239.8323261848186,1,13,948,0.28071436380855996,0,0.1093341363234476,0.27405096543159196,normal,0
4255.406239047272,12,0,0,17.383833665725,2529.3667311055456,1,7,1466,0.223827770440091,0,0.21238971251801406,0.2643840882179269,normal,0
3704.74925977203,20,0,0,26.015836109703272,2468.392991371793,2,3,1695,0.2616129545626482,0,0.07949925156514724,0.1069201156845019,normal,0
3402.571619914079,3,1,0,15.60656117452775,3601.06214759582,2,12,1067,0.11545383545232435,0,0.1583694242430153,0.0418564722206178,normal,0
3414.169232576348,4,0,0,34.34804774934223,2829.0056215207314,0,10,2411,0.2833028633349723,0,0.29665403855075523,0.07189143537585861,normal,0
470.3597078849282,8,0,0,28.1183499310605,1674.054654053618,0,13,515,0.05604904056983777,0,0.02020461212722354,0.2541488798119186,normal,0
1779.381534596745,3,0,0,13.414392544441627,1360.2762956243143,0,11,610,0.015733162444183355,0,0.06591412616792264,0.2622122929457864,normal,0
4078.5365497256284,21,0,0,20.42225862240099,1319.4730757930329,0,6,392,0.28427448069518896,0,0.20023093894088068,0.07520968666226681,normal,0
3888.3951822014906,19,0,1,48.71903912955228,1590.56244735703,1,7,674,0.28532516437953104,0,0.05815137885055962,0.24121255348550102,normal,0
4407.679707054607,12,1,0,49.764170157086504,764.3722226203429,3,12,2973,0.10801576674171465,0,0.10897965173459886,0.21404295381679334,normal,0
2194.5859880167764,22,0,0,15.823123716382131,2976.3398391724313,1,6,122,0.12233629574764056,0,0.11813223912453873,0.21577700872097028,normal,0
9498.740547368943,15,1,1,389.0797201647962,1856.5486368307675,2,6,2939,0.46362301519186544,0,0.2613888043106507,0.6706106902088287,behaviour_anomaly,1
2313.523432309075,5,0,0,15.321959546163876,2188.207841122863,2,4,2808,0.012425613616012332,0,0.15691896027907534,0.04582590008134561,normal,0
884.3510112774077,13,0,0,41.87529788434684,2084.897316454989,3,10,158,0.12764145990301107,0,0.2368401336472432,0.2038231837293383,normal,0
6970.72291139825,15,0,0,224.39047567178167,1671.8099935665098,0,4,858,0.4078146730286957,0,0.47143655040590793,0.7076544708911748,behaviour_anomaly,1
4053.4902224095936,21,0,0,3.4310144473705453,3180.5793552432297,2,9,457,0.08973578376148729,0,0.26607465178307704,0.06960077514021325,normal,0
2605.249764783681,17,0,0,45.63395764559363,2361.980537344719,0,14,148,0.19561174325061126,0,0.18191071528800937,0.1985571835555431,normal,0
4098.140000946225,17,0,0,49.247671646277524,2406.7598304971625,3,7,275,0.22781956573042217,0,0.09715636603727391,0.19234811661131648,normal,0
2216.8927452130793,11,0,0,43.056889083942444,3204.762683954565,3,10,1227,0.14047708422243796,0,0.17002087650930123,0.035342419346173604,normal,0
1647.2884411225305,6,0,0,16.26381046208512,1395.8904390508565,3,3,1424,0.2860679645198916,0,0.27331274537990213,0.08412046352731625,normal,0
1465.3510092636784,10,0,0,3.0321038725837637,3655.1422993798965,2,3,2439,0.15572998039486452,0,0.07239170540376245,0.12223984102896265,normal,0
2131.6582062624166,4,0,0,41.56664918041565,3067.812236545727,2,2,2602,0.10366102730870398,0,0.056518783799123326,0.15172999131626214,normal,0
1220.3497469669674,20,0,0,20.51675331074892,2183.211865680285,3,9,1182,0.19998203324216202,0,0.1658999299970387,0.2378645980609443,normal,0
1925.2937646119829,9,0,0,28.95702503567196,3736.418274928761,2,3,2461,0.03124759032582056,0,0.004352894263511175,0.2892532784770198,normal,0
3594.8994573926757,21,0,0,42.14522793068964,3081.924123910738,1,8,2041,0.16156627519692623,0,0.2585219707597999,0.24952719014698804,normal,0
2021.2585268324062,3,0,0,27.306297618446724,2191.287382160968,2,12,2362,0.26901712254412075,0,0.1896850333605853,0.17012282719855215,normal,0
14939.801011181311,2,0,0,461.53074903072934,1552.4139750262862,0,12,1438,0.3377149725967708,1,0.25992317076495053,0.685328162186265,behaviour_anomaly,1
990.7164493650733,15,0,0,35.28713730987519,3011.0484278165727,2,11,2016,0.2302851131692904,0,0.1850049554005515,0.21267482194897536,normal,0
573.5596880099862,0,0,0,37.85665958591861,2481.0531409705027,0,4,556,0.23578023302177326,0,0.24947594010126842,0.29101615703106243,normal,0
4225.474477279862,11,0,0,17.80591151085462,2993.504064397315,3,13,771,0.23689257049242726,0,0.1602012106653219,0.23955595210606,normal,0
3540.5158712909642,18,0,1,4.901563975676276,2840.4715923902168,1,8,2414,0.15046412218308466,0,0.10565843394739392,0.08196114749948856,normal,0
22369.203459626307,13,0,1,44.928945192440416,1797.7011422831374,4,14,2889,0.4167683686721863,0,0.39732481527739066,0.6768231528019432,social_engineering,1
3188.2113753351737,12,0,0,0.9485573245375856,1200.341666915891,2,9,370,0.2629681505589283,0,0.22003325572077956,0.16732241515416055,normal,0
10341.912826833493,16,0,0,300.74323171284084,892.1652674607656,1,14,1713,0.5946643813447645,0,0.3065939736022016,0.7051987887548161,account_takeover,1
1335.647099728097,5,0,0,27.16448275201624,3212.586058902601,3,6,448,0.21495732296507694,0,0.04777110079742188,0.2234778402312909,normal,0
2531.5721873139883,18,0,0,9.182192493419873,3236.2452623410395,3,4,2569,0.1917840305954725,0,0.15054186363379646,0.13863663978105473,normal,0
4297.032396364842,18,0,0,45.63570431968743,2274.933110517898,0,14,1600,0.09035361528786481,0,0.26636934406527185,0.21541995322659246,normal,0
3036.580369083245,16,0,0,35.91891423880883,1964.7498966339379,1,1,1385,0.22290817314655212,0,0.20738207444832998,0.04344392161303155,normal,0
4989.322192841693,3,0,0,18.248205000178984,3373.6093060409867,1,5,1668,0.05532579803820215,0,0.07766967467830542,0.12105594583919892,normal,0
690.1919659831706,11,0,0,37.90877611920072,3325.0670982235492,2,5,1481,0.08723260427961407,0,0.04089036718785009,0.07267832554571316,normal,0
496.5044869511357,8,0,0,17.023329634520383,3757.5389967668752,1,5,41,0.1786187720619597,0,0.11015147132423384,0.1187001749707845,normal,0
4363.484482114556,0,0,0,1.4115526474534068,2034.6419735322486,2,11,516,0.17103115277705205,0,0.07702521020226094,0.2527177639953101,normal,0
4671.331826591393,1,0,0,37.466375684122774,1866.5834537634657,0,8,1104,0.2048931703727763,0,0.17537866225400228,0.12831404735900254,normal,0
679.8473355245978,23,0,0,22.358105531942346,2685.1563647587313,3,1,1499,0.21675720584035688,0,0.24999374629720333,0.08206499278805851,normal,0
3416.4243644012386,4,0,0,14.983274765248089,804.0294189518625,0,11,666,0.1449643565618711,0,0.24126493225052623,0.08339967403829908,normal,0
3348.833298243422,11,1,0,8.152501000435308,3922.8853436863537,0,6,537,0.061433214579206516,0,0.20439328230290174,0.1304874246773914,normal,0
22087.360674149688,20,1,0,846.1125571799531,3476.2616010876136,0,8,1228,0.6324734590818211,0,0.12007190471831525,0.969555662403297,account_takeover,1
1847.3212623324075,15,0,0,8.35683945921682,1685.7009306404477,2,1,635,0.23356974760216603,0,0.23254350300878146,0.2504802251426649,normal,0
219.14823551412383,2,0,0,24.009503866101394,1400.4267514236633,2,12,1231,0.01567534713678619,0,0.19033579800179642,0.2610147897040595,normal,0
1792.856183244884,18,0,0,44.44491481258155,2037.0553483520907,1,12,57,0.09163013755709624,0,0.1622349679070643,0.2340333048692922,normal,0
2098.112368590197,18,0,0,29.859967632956895,3459.785187651914,1,3,125,0.0951338769889002,0,0.017188206088461853,0.22850998345978812,normal,0
1178.8976895540754,15,0,0,32.06901554900848,3265.0315560995596,0,13,405,0.2944386334437348,0,0.18359212515278758,0.09100477079429216,normal,0
1724.6670254292494,2,0,0,8.295252215034472,1637.631325188178,3,1,831,0.07663800868904831,0,0.032179587052181644,0.14355628438663362,normal,0
3895.802302787791,17,0,0,48.66382726766959,559.3930208758172,3,2,2461,0.26596514436878,0,0.0864620263161099,0.2610254630699283,normal,0
9141.718274708837,19,0,1,407.0141734604114,2484.8588016219187,2,4,486,0.8421037272582197,0,0.32779511062744654,0.5674092173709591,synthetic_identity,1
2725.2959519663164,13,0,0,25.007950314127214,3615.6362391410444,2,11,2574,0.025561329267430877,0,0.25589643841546156,0.11058690791507787,normal,0
4810.941436246043,8,0,0,12.138989107103976,3303.0859925437812,1,7,2898,0.15107242903128548,0,0.1659999536711465,0.18667362425200743,normal,0
12916.919696931884,8,0,0,405.1340094455467,2017.5062192426062,5,5,1938,0.08859984153504635,0,0.13556289619584877,0.7718829110067696,behaviour_anomaly,1
11249.549649296563,12,1,1,328.87586315399614,1832.8688921424205,0,2,1958,0.541487437821672,0,0.1801584902442504,0.43313463015300774,behaviour_anomaly,1
3824.0271703142826,18,0,0,30.747218082895227,3277.8187839425314,0,10,898,0.0767047878622142,0,0.12641930459557715,0.28120097728990134,normal,0
1336.3422070622496,2,1,0,13.85303627088751,3695.261305242469,1,14,173,0.1641855503088552,0,0.11078552793024861,0.006830526701015816,normal,0
6471.57423100698,19,1,0,207.53407889410957,1998.0092094720158,3,13,370,0.7654277469524517,0,0.38613693758217643,0.4779486609622622,synthetic_identity,1
3729.7662269956018,11,0,1,13.840339855807688,1624.6039560921245,1,11,713,0.22467860096427406,0,0.08759320466907732,0.03773766543337685,normal,0
3450.9456139931817,7,0,0,46.56388030691379,971.6444291367657,2,6,1786,0.08883466943892655,0,0.13930607667747985,0.15509928927377917,normal,0
1310.1961154527992,14,0,0,0.20599086963349333,1704.840485516328,1,3,2808,0.21605600387927035,0,0.14514708067405271,0.2650077198261193,normal,0
3845.426044886506,22,0,1,35.63382823045968,2078.634853184604,2,4,1147,0.07233089667199046,0,0.0774939002029778,0.1449876176126457,normal,0
2476.9638338997465,23,0,0,5.848014052018269,1745.0671732291335,3,5,1608,0.2481263632375335,0,0.2167665173382814,0.1417830213292041,normal,0
1841.0667675220498,20,0,0,2.0300050960299796,1072.2056726280834,0,4,2265,0.08592252812000184,0,0.03408802343681938,0.10665272992889305,normal,0
3548.1289201823497,9,0,0,40.79195855888468,3292.032839259261,0,11,605,0.2286845053733573,0,0.14103169035269503,0.23541341360985865,normal,0
1304.6524682176614,16,0,0,48.42628157556095,2233.230098073358,1,11,2273,0.21355939494481166,0,0.27273788620193157,0.15113438947086333,normal,0
4868.082998564431,11,0,0,25.74939401729482,3553.4698425628503,0,4,880,0.026337187715652764,0,0.26409365902494514,0.27903038627898785,normal,0
2189.8487614851197,9,1,0,43.47228444994791,3088.7082625632947,3,5,2803,0.19228679491229833,0,0.05435660669633748,0.013442271570246788,normal,0
79.3790330263109,23,0,1,417.10318072464565,1445.639053599608,12,23,2338,0.07509569340320849,0,0.0637293146345244,0.5276787922045753,velocity_attack,1
3231.687695295952,15,0,0,12.081897403868885,3455.1426251449248,3,12,2737,0.1606528321041256,0,0.1221194347965792,0.2532602972402301,normal,0
3779.2682321783373,3,0,0,45.58017589298116,3708.7342867338893,2,2,624,0.05136894445900403,0,0.2745237212399625,0.2182995412994921,normal,0
1643.100378485589,21,0,0,14.75036306219285,2478.549520865813,0,13,2978,0.2655630580413498,0,0.16354301633937407,0.19813670105274972,normal,0
14409.157118656844,13,0,0,122.01911944377485,1052.1304504594264,0,17,2591,0.387072573174485,0,0.5274948751107793,0.4894980541046055,social_engineering,1
4510.091345055715,7,0,0,36.26428848174736,709.0125944195038,1,9,228,0.02069806076992583,0,0.06699281331421267,0.24891310068831893,normal,0
858.6602017288272,11,0,0,47.566089145592024,1323.493673111283,1,6,1730,0.15686972512147615,0,0.09995700020978927,0.2395792944217707,normal,0
4046.6072109252977,6,0,0,37.52815492942358,881.9243105135145,3,3,1765,0.2352694430407539,0,0.2192515418396744,0.2357917655620592,normal,0
2655.1002184177123,3,0,0,42.36291558220935,2167.41651558426,3,9,1496,0.16238901867665137,0,0.2501892439015881,0.16220287116626625,normal,0
7609.8921699571365,18,0,1,480.92977816458955,3527.6005194122613,3,10,174,0.7187855083302777,1,0.05607613389794295,0.7229459625855381,synthetic_identity,1
1025.3807531989646,10,1,1,181.0752740701842,1984.1663620395445,11,14,2204,0.19507386063694399,0,0.11446994631509613,0.47017939595531016,velocity_attack,1
11014.222667114329,21,1,1,395.46191787341525,3833.314124549706,2,15,1229,0.19296860449778208,0,0.24518080404064957,0.6306685592481267,behaviour_anomaly,1
3055.4355886024405,21,0,0,10.72599364058643,3434.441029240473,1,7,2547,0.07593045732783223,0,0.13207990287353402,0.2591795319241755,normal,0
28183.973895630672,15,0,1,143.4016546557835,2833.993621688657,0,3,2669,0.32262819547175015,0,0.6370208839954654,0.44737745539191465,social_engineering,1
1189.5703932660344,12,1,0,36.910215180364446,2388.8875591431342,3,5,974,0.14442380242805733,0,0.22739550942136422,0.1416094712364017,normal,0
305.5609948150177,21,0,0,2.861320370573428,2512.7681507237403,0,4,1053,0.24904993789795338,0,0.06339373770853113,0.17182633903668426,normal,0
4357.634423945719,20,0,0,10.949885452728115,3475.403430147219,1,4,2360,0.1565735790830498,0,0.10723438642978111,0.18719277729114459,normal,0
1793.7696882869297,17,1,0,5.731907149837872,1524.0424156853803,3,13,797,0.14496616550940497,0,0.2863719956513925,0.19344114999497988,normal,0
1584.2870712826439,12,1,0,6.980633017648325,1407.0186953072005,1,1,703,0.13747265464898098,0,0.1615454243802957,0.14496222927175548,normal,0
3549.9908636861956,13,0,0,40.79624955109882,3028.702646588274,1,12,2690,0.1238940436414339,0,0.29916412844071405,0.11325996091750314,normal,0
1913.7776312516776,0,0,0,49.73146439957767,1950.0972773197466,3,7,607,0.2022484101723562,0,0.08054226324246086,0.054162353232787196,normal,0
239.55908727322725,11,0,1,0.8699746437461631,2883.1922981690336,10,24,2208,0.12473722821406796,0,0.18724691353106568,0.34163202670414905,velocity_attack,1
4488.063819631382,22,0,0,30.627088671054782,1266.6226161440122,0,14,1906,0.10401760616502795,1,0.27104886275824797,0.18120083971335452,normal,0
3395.7503793031187,0,0,0,38.766661329460625,3420.921149701855,2,13,2156,0.024079377157574276,0,0.10995273831209569,0.2516837064722961,normal,0
4951.26386551089,15,0,0,29.3659905086041,572.0342919925558,1,9,2932,0.2842212947807236,0,0.17527006491275404,0.26539263721344264,normal,0
1175.2005233705036,11,0,0,246.1094505898795,1327.6495543950407,12,37,2850,0.47959349043736077,0,0.39438374117932157,0.3263370639410498,velocity_attack,1
3847.568024424678,15,0,0,10.82513378402647,910.6994724129124,2,6,2862,0.25708331884184993,1,0.2560923040591235,0.21007967922930837,normal,0
405.2298108373072,2,0,0,3.5042821209571584,3432.956168126375,3,7,2834,0.08076684461951177,0,0.15008328393151363,0.19232008104801754,normal,0
2928.667243242343,19,0,0,31.25809056840491,3296.682482957608,3,7,2186,0.07956988622400533,0,0.20659315636276632,0.09446548919205881,normal,0
4430.051441671149,10,0,0,37.783062595897185,1425.6409008505052,1,6,424,0.2499278674351355,0,0.04697551304797689,0.18844474828923335,normal,0
2508.9177880724787,4,0,0,13.701802293856542,1884.3856170820811,3,11,2298,0.012786542919890075,0,0.07330099511421231,0.1985152593915891,normal,0
1672.1872594742335,5,0,0,43.55912977100015,568.7336906188585,0,5,1890,0.10240568757914986,0,0.2126641922169454,0.09235990082599145,normal,0
1684.5206543660518,8,0,0,38.477210873179715,1808.1230461125256,1,2,709,0.012668732420993145,0,0.006155933707249606,0.08495391654570945,normal,0
4650.289754365431,23,0,0,47.01095521579253,3405.4821755357066,3,6,2924,0.09044993275530158,0,0.18541915069057643,0.16894843366490525,normal,0
12844.60155464131,14,0,0,688.3928858568624,1344.9406031417625,3,19,542,0.5704534116675463,0,0.26659453223773794,0.4845906389134937,deepfake_identity,1
1285.6879385535224,10,1,1,16.798332202349226,701.1084502871719,0,2,420,0.06348967020208329,0,0.09995118010823348,0.0998115267416977,normal,0
596.9620594011609,14,0,0,22.568113760047304,3301.1808573550525,2,10,2210,0.17093002386494885,0,0.0011182903770774466,0.20671058071164977,normal,0
17313.12676257274,0,0,1,396.63174302844527,2177.1663265619145,1,1,116,0.4043445688717489,0,0.07615056857956606,0.7141988327995172,synthetic_identity,1
3657.4502313930775,10,0,0,42.85445856666065,2760.0132607523105,1,15,372,0.4266598442686929,1,0.09428969086259292,0.7763309366280138,synthetic_identity,1
1418.085720724065,6,1,1,241.4087930242091,885.0319477767114,4,23,496,0.36777551528399394,0,0.3296606774178254,0.6721247643118096,velocity_attack,1
3713.049679200218,10,0,0,48.92981669564916,3711.471253517697,2,4,2296,0.10233982579871505,0,0.23316159199810874,0.08594794835928497,normal,0
3989.708709149394,6,0,0,45.603738051256826,2750.1471764572175,3,1,2264,0.2759784488178638,0,0.19343963122161234,0.2954769492215614,normal,0
1995.355486054212,16,0,0,47.58906718491834,540.9031123781649,1,4,2098,0.11459022989340138,0,0.15969394231618353,0.2624200871735036,normal,0
19590.25559009416,5,1,1,117.75924015447892,2244.9862069052383,1,2,2120,0.5867376136873104,0,0.4332156729847364,0.6372480942353842,account_takeover,1
1016.3972748317194,6,0,0,217.01670250754302,2307.7242703967786,6,38,2693,0.2273580158519679,0,0.03290292365665839,0.7225849575003481,velocity_attack,1
2773.522267648081,1,0,0,4.5777863635475535,2660.4719123064783,2,11,2955,0.29775002752840185,0,0.06448680558319188,0.2934329359049875,normal,0
11383.755220936264,15,1,1,439.8555317084269,1698.3993195082655,4,3,483,0.851381951322759,0,0.28969136507975884,0.4510731615193293,deepfake_identity,1
1979.6558552572305,10,0,0,96.1296360889034,2479.644264672509,4,12,399,0.639718776922124,0,0.22735219907002802,0.66469466065715,synthetic_identity,1
4077.852919919343,21,0,0,29.338864411157505,2073.5019919192227,0,3,1158,0.1975221088136687,0,0.10388548177099051,0.17181684254839824,normal,0
384.568544482042,15,1,0,260.59905737864335,1198.17634573713,7,22,716,0.3701438172095411,0,0.22022994486713304,0.4539773267716416,velocity_attack,1
346.1074561734714,14,0,1,9.044968601218306,1140.1312293166952,1,13,1939,0.15283543617593268,0,0.036990218135374515,0.10456109909708339,normal,0
2629.7881660686025,2,0,0,7.558584914116273,795.4118918956191,0,7,804,0.22869504299308005,0,0.258166078777337,0.2747618544432674,normal,0
983.6188609553908,4,1,0,231.19254831250458,2985.776918158185,5,27,1985,0.09456463235187285,0,0.10875636877718745,0.452374472725264,velocity_attack,1
2979.170768436069,15,0,0,29.971689313673483,1017.429130848073,3,10,2323,0.12455374076948084,0,0.1797098558463508,0.06830917895818796,normal,0
1347.1997411842367,12,1,1,276.555157981011,2611.601087535842,7,35,2541,0.06585318530923145,0,0.23970172586866045,0.5705670563243057,velocity_attack,1
873.9786318932053,7,0,0,3.728676162499034,2251.52398755802,3,13,2403,0.03445618754852279,0,0.2317865073912494,0.14920321044423104,normal,0
2607.219466366764,23,0,0,14.047391289985034,3681.3385654602507,3,12,1707,0.1322221614010088,0,0.06698472059416125,0.14404829258059626,normal,0
1994.0484834328365,14,0,0,10.145289777758892,3484.7449278227855,3,9,2282,0.07089048309460963,0,0.03641528262176068,0.19053510684908007,normal,0
1546.9772401019807,4,0,0,35.521790412043465,1282.8888441709794,1,6,2822,0.1015792062620018,0,0.2445117048247118,0.25143844173659236,normal,0
2411.5252038403514,14,0,0,26.529707290013466,3650.9926476908136,3,8,1866,0.1192550031240087,0,0.03262552981489223,0.23374804213822237,normal,0
4211.588524118097,23,0,0,40.43754849220164,2841.264885523912,3,11,2702,0.07303943824808447,0,0.18748364164078396,0.20792696045662393,normal,0
977.2550234637606,22,0,0,15.695127658360363,3744.757362189868,3,13,1982,0.0429836783690642,0,0.2999523901493765,0.1310980581765793,normal,0
660.9894265229351,5,0,0,23.54295085302195,2121.721633138892,1,8,1879,0.16011702450610904,0,0.2848483125708062,0.02934205126426168,normal,0
1030.389112570008,0,0,1,11.226051756856553,2061.628546906727,3,9,474,0.013567587923306756,0,0.2087624095771337,0.28979892793069023,normal,0
958.1033866387309,16,0,0,31.65537706994199,2530.602317923456,1,7,685,0.2985663760068393,0,0.2905115129460771,0.1989772874568573,normal,0
1180.1854208025527,12,0,0,32.98350213497891,2848.2087441872204,3,5,2684,0.20659168054683205,0,0.06294567807856828,0.18523701163594472,normal,0
1780.35534752006,6,0,0,14.87006463254853,613.1448727179452,1,11,405,0.09857562398260548,0,0.04752191119443131,0.000620667430301991,normal,0
3056.8981075687516,20,0,0,23.674849336846453,2061.855435695455,0,14,2270,0.22119659683269635,0,0.06419596365342164,0.2365433540142847,normal,0
451.3882553534899,12,0,0,42.317152943759936,505.8583142928703,2,2,769,0.16672216084181243,0,0.0188178271341188,0.047487403236631795,normal,0
305.3845619096619,15,0,0,14.46004437455024,992.734925342373,0,1,880,0.2772026767793096,0,0.0033153187917093316,0.14127044084872464,normal,0
1144.2130497229082,22,1,0,42.92255294282355,3849.0408566903925,1,5,2688,0.021533637201599665,0,0.05327095155915853,0.05893281372404036,normal,0
4412.768015815277,16,1,0,30.26176100840817,716.9788496248784,0,12,2566,0.151546228455355,0,0.28047866683450545,0.03990886379795785,normal,0
159.30527220292637,23,0,0,19.17176519508245,642.4585463701517,2,8,1071,0.20023768545108905,0,0.2556620025461484,0.23476274142729656,normal,0
956.7415816099096,16,0,0,482.8367491515718,2024.8209133499824,11,12,1204,0.39375995308733486,0,0.23960003831786697,0.6683950176944609,velocity_attack,1
1760.235063871756,23,0,0,28.032622932048874,1610.8665020720184,0,3,1889,0.27343494398262813,0,0.20430368065906135,0.03418814165008981,normal,0
1317.8451225443873,1,0,0,14.733356084573574,3616.77047652312,2,7,620,0.28315970192581885,0,0.2816587610819332,0.04803347271854936,normal,0
551.1282318041297,22,0,0,6.429587061272302,3046.827515591397,1,10,351,0.26042864064909677,0,0.13007682548459035,0.18143731342174013,normal,0
10320.96624448985,8,0,0,246.59944211375867,2607.2677872314835,2,5,481,0.4002725253910746,0,0.7322502957872243,0.7101900282590587,social_engineering,1
18413.217199240855,11,0,0,672.3831280216759,3533.3801013999414,5,11,30,0.8332148571978815,0,0.19776588323260275,0.7789659264057164,deepfake_identity,1
4444.360654678287,23,0,0,39.6621491000617,1222.5189815545248,3,13,640,0.0781451145589644,0,0.06232706567925547,0.17196691354449203,normal,0
1188.1717663972709,22,0,0,9.513754611684472,1966.8327469436103,0,14,891,0.16391349796980348,0,0.29582499343389623,0.040490800819437796,normal,0
1499.5673439549912,3,0,0,17.285135242536327,2620.7036503277927,3,8,287,0.1543203479603056,0,0.06511037120861117,0.14130246832355628,normal,0
4362.848882273656,1,0,0,12.497054230927967,515.0048549592675,0,2,2742,0.11378505913449342,0,0.12302464763180009,0.16915383519751634,normal,0
2074.079084899922,9,0,0,25.377204916164498,1819.8901836952807,2,9,235,0.10327376984107196,0,0.2772735368168803,0.1322608883582075,normal,0
35698.137254912035,16,0,0,96.2015331732391,593.1830854376328,2,7,818,0.07803314663179868,0,0.3824864886564581,0.3113862062104285,social_engineering,1
1717.7641565464617,2,0,0,36.304325178543536,2527.8518783078116,1,9,45,0.216953778327673,0,0.24582343983863167,0.07317152729674774,normal,0
4068.3847846877106,7,0,0,1.9679695349379411,1235.3697480022938,2,9,1232,0.09795338190903055,0,0.07925685322969303,0.12112252904317572,normal,0
2171.3703207802682,20,0,0,26.153397870386392,2386.058444904561,2,1,1570,0.028946132114865162,0,0.0346135828811712,0.1433229458552057,normal,0
47513.786143493,8,0,1,203.34694278519896,1337.9697286217192,4,13,1898,0.33462465674322,0,0.5760770830925371,0.4792153860269486,social_engineering,1
4235.009115031552,9,0,0,43.53598383279721,3576.4493222308843,3,2,542,0.24781826345616248,0,0.1244858421382193,0.22203441958513373,normal,0
127.05837390565176,18,0,0,38.19777651550689,2144.554532727193,1,14,1337,0.12415326053921856,0,0.09394836174413708,0.21108681361755094,normal,0
734.0746193810904,14,1,0,93.64764807538961,2029.856288822738,6,21,2997,0.3562504456125957,0,0.22980234696653035,0.35316112115098297,velocity_attack,1
430.0179471969813,17,0,0,8.012679696788549,1743.5242988193345,1,2,517,0.12712025915454608,0,0.25041291284480227,0.010388823766946864,normal,0
366.22697063222876,14,1,1,24.52301580046185,970.5769799368957,0,2,677,0.06412633693911075,0,0.16514594108176459,0.04506538427143817,normal,0
2799.2011159847825,15,0,0,1.6146825033745593,1825.3684201321216,3,9,1361,0.2747305553128385,0,0.20024648146654953,0.09008166422540966,normal,0
3905.3245786795346,17,0,0,16.668331903809815,625.6176749019861,3,10,953,0.08874652179779263,0,0.06316367799946702,0.05096592439782067,normal,0
5899.29985663349,14,1,1,398.236168925205,648.6353972070925,4,9,210,0.5334765027013209,0,0.11349729131749747,0.5386119263911759,synthetic_identity,1
1798.8216677380165,4,1,0,861.5318659131299,1506.7182128720895,1,16,1587,0.32316515778681076,1,0.1813984583051984,0.6060830848639823,account_takeover,1
2181.769130053626,23,1,0,0.9200777340090283,3112.417530630061,2,4,782,0.27744506838534777,0,0.1986247423870728,0.2970533543729613,normal,0
3430.5163624833917,9,0,0,3.4296745203947876,2430.573998797003,0,6,2618,0.26825632459170706,0,0.07511270541185243,0.1765262286804806,normal,0
3245.6603521720035,20,0,0,20.24762429049002,2368.6297791048323,1,2,1203,0.06947024348367813,0,0.08542827038917958,0.283938867404593,normal,0
2619.0676685011726,18,0,0,29.003222699219467,927.5222276171039,1,4,1013,0.0234975957307318,0,0.28039741861622747,0.17319476533126357,normal,0
3016.542887221686,2,0,0,4.28863780436442,961.8076019068577,1,5,1139,0.2609435907199799,0,0.19532887858749828,0.0774549939568616,normal,0
3663.1284418549094,17,0,0,47.22574616441047,768.447258152919,0,8,2427,0.18176243927056704,0,0.17988999909827208,0.05130979387310982,normal,0
6650.130739471858,17,1,1,579.953233773611,2897.8637643415373,4,9,242,0.5445583306181981,1,0.49432325111768677,0.7666676621198991,deepfake_identity,1
515.7047990174403,9,0,1,11.764888088815662,3256.863132501733,3,9,2946,0.28968331568580885,0,0.0734902253740017,0.1849962386978943,normal,0
383.4291151606422,19,0,1,44.67410191599191,2961.049112312789,2,14,1451,0.28324331543058495,0,0.20910275313580098,0.15158726206959539,normal,0
3829.0851722288367,2,0,0,0.47905075494617533,3719.727233907111,1,4,675,0.14468523992623653,0,0.16260963619406527,0.2074326609114177,normal,0
2900.8774824664247,11,0,0,29.35555635290166,3400.8291859526785,1,14,2261,0.057188670318964546,0,0.28644369966201194,0.2505259368984175,normal,0
2542.3667747523805,16,0,0,40.14242114848643,3102.9410050997953,3,9,1567,0.27500157274115394,0,0.2371338260075687,0.010252108181776054,normal,0
4049.3634938982746,23,0,0,41.47021774777533,3678.8137365874245,3,14,369,0.17044127394730843,0,0.21094558546902947,0.22772238232336944,normal,0
4119.24126282996,9,0,0,39.94884450195293,1291.9202864957822,0,13,550,0.22425239165771305,0,0.2427723676147444,0.18335134085517288,normal,0
4583.507534962883,2,0,1,35.05893591771354,2289.2169033129494,0,8,2972,0.03687228240383863,0,0.21738784564739175,0.1903362240558313,normal,0
1038.8054341006464,9,0,0,33.199343093350784,696.6312590133891,1,10,2876,0.29041125675150775,0,0.1799899255278806,0.15069433661410916,normal,0
247.1274261140248,20,0,0,5.552856635000869,1736.4984977589593,3,11,840,0.2495343468040616,0,0.25567860859870634,0.24850023932906437,normal,0
5010.079261230956,6,0,1,29.62489752785169,3755.3917702069857,3,1,587,0.5642482486299129,0,0.10728472794330457,0.5528178125269593,behaviour_anomaly,1
3595.412970834307,3,0,0,24.999008803568746,1701.658287033489,0,1,1796,0.13945883949694707,0,0.12005073703816865,0.09074209368497568,normal,0
3121.5865411516165,10,0,0,28.63747754357507,2376.14857488039,3,11,2803,0.17918176984315187,0,0.20586882924483793,0.0007626906599700777,normal,0
15352.2336521997,23,0,1,229.6386354784877,2219.284757789691,4,14,2143,0.7392300698008396,1,0.14755061392915897,0.6136950290956521,account_takeover,1
2327.251217362089,5,0,0,25.96640582755479,1809.2223108477526,1,4,2768,0.10059169052502201,0,0.17057959083193905,0.025728678950266193,normal,0
4940.149049052948,22,1,1,44.62462300016545,2888.8787137924464,3,10,511,0.09064338385465212,0,0.16585647424629252,0.08835299045582913,normal,0
622.3058485091545,2,0,0,49.25476431698695,2547.2724564061896,1,12,2703,0.05747007728579716,0,0.26655813136937834,0.009641997954046244,normal,0
978.8869418598313,8,0,0,0.6536809802723642,1180.8515405266794,0,14,2989,0.19445142575439717,0,0.19679500550709175,0.19504795537752415,normal,0
1318.163934605201,10,0,0,22.87685022385203,3012.2059706034906,2,8,1509,0.2797932738949452,0,0.21052916751449766,0.2715862385861513,normal,0
2724.717336803135,18,0,0,7.628722933680493,3307.0790228487476,3,13,1527,0.1868286341904721,0,0.07138285383280367,0.1638463877311673,normal,0
1260.9732920425784,20,1,0,23.791579750064564,906.3991251089623,3,13,2826,0.135697448664766,0,0.08241901074788076,0.042919837626824664,normal,0
3283.961429145068,13,0,0,12.701384629152013,2084.5662200747247,3,13,1139,0.1730782304917495,0,0.2508006094494324,0.2585305942724072,normal,0
3165.688868193655,8,0,0,29.640589796965454,1490.2287587484789,1,14,714,0.29055832174412977,0,0.21595239309924133,0.14794695080184628,normal,0
4465.192121417419,12,0,0,22.345254590175372,3640.9454298984674,2,7,358,0.0909049370433229,0,0.05064859583410656,0.1373757466365799,normal,0
306.2566292181732,4,0,0,24.591750250996913,683.694226878947,2,8,2224,0.22594192173953295,0,0.22658469672906095,0.24073637858390518,normal,0
3548.899749008223,23,0,0,35.55635037232847,2557.770645510592,1,12,2094,0.19897755440868897,0,0.2527457996947298,0.1376690707148991,normal,0
3042.9122334670246,13,0,0,31.552966575908552,3053.7447793968017,0,9,521,0.2711410548507653,0,0.07684513267842141,0.25834563647930253,normal,0
4510.407596780756,5,0,0,20.21584068073436,3004.120273354314,3,1,1144,0.19283592638910227,0,0.020929788220992628,0.22024608122460126,normal,0
14259.955855872353,1,0,0,180.19850305473256,1461.1675699901207,2,17,2919,0.2624085788857695,0,0.8354007886205805,0.30610127833424594,social_engineering,1
599.2761942773902,7,0,0,48.12763903306625,1177.487316972211,2,14,977,0.26413728043544554,0,0.1271493269946789,0.1881370244610153,normal,0
1936.1376554861445,21,0,0,31.73784597799098,3943.7112319917032,0,12,1959,0.09345975856360351,1,0.14953028480068867,0.08056876140308691,normal,0
2587.1144144192076,6,0,1,185.32672991333004,1138.9421440592387,2,7,440,0.43663626878280626,0,0.3485809227583317,0.6639155483973669,synthetic_identity,1
5540.69364554485,20,1,1,233.38272273698695,2382.4664607668064,4,18,1126,0.17914824501622184,0,0.28497985869273124,0.43765614701006833,behaviour_anomaly,1
722.0276273993661,19,0,0,7.802429886589951,3083.482778874996,0,7,1247,0.25382030636263375,0,0.0759777521916479,0.17621290219459118,normal,0
9594.465290878654,20,0,0,35.866752560912076,3985.038404595826,2,2,2286,0.3116097465465312,0,0.2813710602873319,0.6820682653371317,account_takeover,1
2968.2363855440854,8,0,0,24.69029136450714,1425.7654152980076,1,4,834,0.2846400752388903,0,0.2953544332060454,0.2724167664432507,normal,0
1279.3942879792744,13,0,0,24.0628665928777,2218.6652434983034,2,3,2808,0.09448978189194986,0,0.19598171538211667,0.29048594493303337,normal,0
449.15796604976714,14,0,0,31.741065876491962,3462.7859463461236,1,10,2050,0.13607130582690147,0,0.1512092757919127,0.17134723564121554,normal,0
2156.1741757533705,4,1,0,31.248175854660794,1948.0901083595932,2,6,916,0.022592145378385584,0,0.29742407383568653,0.18647580640336442,normal,0
3371.2075892615653,4,0,0,44.71244607508357,3720.628887835216,0,5,2852,0.057690127099840026,0,0.02849051796472757,0.20833054238066115,normal,0
4061.1470057706597,13,0,0,32.95310979126558,3972.9072131826115,1,1,2466,0.12809713176819418,0,0.2321491253552492,0.2304666071005641,normal,0
4082.7178795617624,7,0,1,4.571253708150158,1584.0570995993453,3,14,881,0.2519977334475804,0,0.28618594893488264,0.08976512279247523,normal,0
796.4719065879426,21,0,1,48.298850077582784,3727.879446173251,1,5,1422,0.29274315118020794,0,0.07985444136120677,0.22119276046425895,normal,0
249.27206291390462,22,0,0,4.354712544772749,3251.818941447806,3,10,1158,0.12364311771921649,0,0.07275595772626177,0.14643732293324765,normal,0
3457.158118384972,14,0,0,10.400190521265056,2979.307567125193,3,10,1780,0.27025683807998147,0,0.13600783534559066,0.10431420969512596,normal,0
530.5458458096834,8,1,0,21.248618664954673,842.6791210482438,0,14,2932,0.1430477119304505,0,0.2183109966934157,0.23435972917498535,normal,0
1113.4076763536418,4,0,0,41.15979984701061,2838.781762076184,3,2,1500,0.2508558624945634,1,0.13720383049578896,0.2456130950570563,normal,0
1632.612147130735,4,0,0,34.65148344491846,2668.214296572622,3,6,2487,0.09742998430170559,0,0.2934535683719466,0.041549197671991785,normal,0
3684.3328026677755,6,0,0,11.674663915487532,2653.3425023525824,2,11,2700,0.15033496470937363,0,0.03922919658329758,0.01883598217097667,normal,0
4833.632775130518,8,0,0,0.4339579168830432,3229.955906852168,1,11,2585,0.016454087078000623,0,0.15194039125154066,0.10376281700760724,normal,0
4441.82193318623,13,0,0,7.899711532333409,962.0828691966747,1,9,2332,0.01983092891248771,0,0.2793684512968536,0.08957347929350343,normal,0
1100.1576645304858,21,0,1,185.45945193641356,996.5682896890746,0,8,2356,0.3091584127283763,0,0.13607320365121078,0.6031063136390008,behaviour_anomaly,1
4880.489984213583,9,0,0,11.671631450754177,3235.8037678827163,2,14,1745,0.2648589991783336,0,0.004591327763575015,0.04518376628291813,normal,0
131.67535316958168,15,0,0,5.176426481508206,2799.052001318142,1,8,2947,0.11731658311032933,0,0.1037294949638547,0.27837653155593484,normal,0
2053.4488360843343,22,0,1,3.040815592489987,1397.5333709946033,3,11,45,0.08281304729411301,0,0.26205460591777097,0.15232592037845183,normal,0
2550.285470036325,16,0,0,12.724545384831544,2268.9885319077343,3,10,2451,0.08820035946312664,0,0.18110075625994623,0.05944021563472369,normal,0
1823.0843744753363,4,0,0,47.32529976987288,2213.4057225462598,2,10,1664,0.17330590260516754,0,0.26064417625152,0.09701286222580703,normal,0
2482.039377553128,11,0,0,28.33764575564012,2298.953594857557,1,7,2908,0.26888796429975786,0,0.23305846400852612,0.23447999237227518,normal,0
562.7705077040491,18,0,0,37.97964413689873,2281.1351847319547,3,4,477,0.13787554675500865,0,0.030228478369016154,0.13082798919821767,normal,0
13807.155524274673,10,1,0,215.7700396458899,1671.0839479156143,4,19,2181,0.3579106274335235,0,0.10261624932348218,0.4693137992433415,account_takeover,1
4815.991745216345,9,0,0,6.3350922517332435,1076.9772237331458,0,13,2497,0.1981260250031625,0,0.005752362376135345,0.19683028995670496,normal,0
147.73845168826767,2,0,0,101.05271553341683,1545.9865584237648,6,36,2123,0.49066645299919714,0,0.044314587868795434,0.6450632470543884,velocity_attack,1
5151.045064763383,23,1,0,274.64731664739315,3405.523598258094,0,9,1435,0.7388542678476093,0,0.3670644709934892,0.5329333626869999,account_takeover,1
1809.454506060677,12,0,0,32.837495542418075,2578.8539482561973,3,11,1445,0.009910601169263811,0,0.2999016919682655,0.13544556851673115,normal,0
4159.922429739799,2,0,0,17.808558622093727,3732.026508709594,0,8,2624,0.09452785678996241,0,0.03353219268140784,0.0397377412223431,normal,0
11042.354731720183,17,1,1,152.37939954982093,3218.9102802972743,1,10,374,0.7723747812650906,0,0.2985664102324137,0.27086521299732996,synthetic_identity,1
522.0474814120337,3,0,0,38.28733800171546,2715.7128236158997,2,14,2825,0.29045384909233696,0,0.26360584631442313,0.22504023788517952,normal,0
2007.0882257973992,15,0,0,5.190745656124579,780.5017436674048,1,13,1241,0.10311942531231873,0,0.2398009838896687,0.0377872905267538,normal,0
3098.0791841396594,8,0,0,35.78938481731471,1866.3313655034833,0,10,1884,0.10597589825397198,0,0.10127028863429206,0.08113496657014548,normal,0
4052.1496245211038,1,0,0,41.761210216964294,1991.8648883477251,1,10,1062,0.16800076219161877,0,0.08113107785407211,0.2891932576319809,normal,0
788.7095411339678,11,0,0,13.95088418826832,3577.1982197957773,0,7,1421,0.19003134566091553,0,0.26838619180335777,0.14365306340566772,normal,0
2489.376267369333,16,0,0,8.59216821120961,1590.9776918689188,0,13,2199,0.05802630385006508,0,0.24581386441972705,0.2184880464345099,normal,0
1935.3091463985945,1,0,0,14.57548747227908,1568.8755002638434,2,4,65,0.11008891259113847,0,0.28323424437205363,0.26601830639681306,normal,0
292.3987530784351,9,0,0,41.16745802019428,1056.1412935211865,3,14,2240,0.0438159489018072,0,0.15002712678513344,0.15805913335720553,normal,0
268.50375346457014,22,1,0,15.599930720459188,3819.4006137089855,1,13,1332,0.2883763556301944,0,0.11450961620196176,0.04943494972657196,normal,0
2456.361718354744,12,0,1,25.265463967685786,1580.1242699489685,2,10,2440,0.2551477734446327,0,0.06783257585893011,0.28406565058083455,normal,0
3016.986003044696,23,0,0,46.84127365073938,1282.3482178453585,2,13,1810,0.29243175141628663,0,0.0328644711005595,0.23737331735661182,normal,0
3458.6750277873175,6,0,0,6.969863373317198,2737.0507179046335,3,4,2572,0.2893110079055336,0,0.11721162402827194,0.08023569946085705,normal,0
4701.435549306429,8,0,0,1.646764891492286,3326.199023515048,1,9,2565,0.07074413752584034,0,0.04880806302880675,0.025663054258241856,normal,0
4852.558275593772,6,0,0,16.81700614395682,1013.0944474699962,2,4,691,0.17123226490801177,0,0.21191277773928735,0.26639769280633663,normal,0
624.2051302520962,9,0,0,2.695622943802806,3223.6282035052213,1,14,1239,0.13664321329698453,0,0.13142691397654413,0.12393298408736045,normal,0
822.5173808607914,23,0,0,33.38282188649182,3811.314477779321,1,5,796,0.17919004240846573,0,0.11958452379050008,0.29345121911789124,normal,0
3846.1861938081165,19,1,0,38.09743494700738,1388.4346860939481,1,9,1862,0.07163965395070605,0,0.02167578375220668,0.27939664481094406,normal,0
2949.949235647048,10,0,0,26.233773150562754,2959.4191764659427,3,9,43,0.29557413523424136,0,0.22235532757587048,0.05657255762507639,normal,0
1838.9986490841147,13,0,0,16.13311832486703,2488.265367367516,0,6,1236,0.27185481465015504,0,0.15078830534557036,0.23089370081149058,normal,0
4324.008989847636,23,0,0,12.324779371788491,3397.1675727807174,0,11,1255,0.03070986628588693,0,0.193558300831688,0.13003306181409777,normal,0
3602.2910545753343,13,1,0,10.775769917642142,2613.550824743391,3,1,1517,0.27339495833581756,0,0.0968839802033059,0.23686549397744416,normal,0
4326.938308630977,18,0,0,7.933882259697789,1075.6950030031794,2,5,2869,0.23403668191829644,0,0.08908845088084595,0.08732057878234335,normal,0
3055.445336385302,21,0,0,8.156418649649428,3529.283035121514,0,4,2597,0.182046776965709,0,0.07057397961291442,0.13317150170418626,normal,0
4195.547046761529,20,0,0,26.697820429028123,2751.245510578492,2,5,1510,0.12836234511469036,0,0.22437826111929485,0.24140836177817418,normal,0
1736.8448317769692,17,0,0,25.879941243771913,2959.2861821681026,2,5,245,0.2868302887909385,0,0.14321204556417397,0.11616382078178668,normal,0
3026.060999352479,3,0,0,8.398119819793859,1898.2718696715513,1,7,683,0.2746171606393409,0,0.13322040581356018,0.2524882583457039,normal,0
1994.8645795154916,0,0,0,25.62030717300748,1167.0300655541882,1,11,216,0.10007149843249485,0,0.16795555705893564,0.250196704062855,normal,0
4398.28264998423,10,0,1,23.180216114544333,3575.8283464808683,1,6,2176,0.025064903157256412,0,0.0859677653585106,0.1434818772466618,normal,0
4852.569025925625,13,0,0,44.92915902038773,2130.249506129904,0,6,1542,0.18605478945564327,0,0.1783307102839203,0.08251659708470856,normal,0
2434.045093175384,17,0,0,40.520630657049345,2515.786439347229,3,8,2562,0.028445332548617405,0,0.14835511311581112,0.004312335040862724,normal,0
567.2685142377175,10,0,0,25.070327885472143,2643.491363617639,0,11,2815,0.1317333582001765,0,0.0766428707590738,0.09835517572386016,normal,0
1542.8822217553966,0,0,0,34.631640804952276,1825.5093856228873,0,6,2036,0.12488426813309642,0,0.25271555239005383,0.05759691859693904,normal,0
48616.497981247405,6,0,1,523.3740958357735,3504.228370182599,3,12,2086,0.5759928908971302,0,0.3664733378911843,0.562943179790262,account_takeover,1
320.4844240535794,12,0,0,10.099752245886313,891.3027324528953,3,13,2697,0.04154867524419067,0,0.18780176100792417,0.23732753873988877,normal,0
603.1695426126589,4,0,1,213.16459766074718,1412.0459972129343,12,25,149,0.19994605874979166,0,0.1945421503384274,0.6650094480445164,velocity_attack,1
1442.541687402862,2,0,0,33.34097341479242,3555.169136386217,3,6,1081,0.2677488292234622,0,0.24883400305667785,0.008219027351450291,normal,0
4054.1309053315686,17,0,1,1.864031855447823,3346.989462283109,3,1,1314,0.11481312836288012,0,0.11043006135349501,0.06970436472226234,normal,0
958.9844175525322,15,0,0,42.89817159995026,3505.473881428034,0,3,2444,0.175091543855294,0,0.238571765343066,0.05762963507026215,normal,0
2719.340173865912,12,0,0,7.454621038515674,2116.456815179813,0,12,1123,0.09669697829616082,0,0.2865198587786074,0.08833670812344055,normal,0
122.696912722554,22,0,0,47.487989735642735,1162.6793081264218,3,9,2776,0.2542460571992349,0,0.06897142668284216,0.2582550315362072,normal,0
4554.259351261641,7,0,1,37.48342510526451,3667.3011411797415,2,12,1065,0.2785232322114829,0,0.08308760006924358,0.04497049941064941,normal,0
3560.6061965207846,5,0,0,44.90769448128797,1514.5024331054706,3,9,1544,0.16466671904872118,0,0.1123311137908109,0.03476105648575651,normal,0
10903.065952306777,14,1,1,364.23019157216305,1928.165531150241,3,11,268,0.35368688825665,1,0.38324006758467255,0.6540443945177166,synthetic_identity,1
428.6747392032947,15,0,0,47.9288840822432,2956.8901113521733,1,14,294,0.21076385188314364,0,0.13969318024094685,0.2236779174211068,normal,0
1007.1513513092362,20,0,0,14.28761805498402,2596.073134709282,0,14,126,0.04374815525874239,0,0.009000331553441043,0.2924801473601325,normal,0
4495.276917885614,16,0,0,12.372180949080603,2210.973432128482,0,12,2375,0.00723075202564829,0,0.055405005589491525,0.19666855216179543,normal,0
3044.4688277295218,1,0,0,13.88086408864907,3270.422801819082,2,10,882,0.2544090769534356,0,0.13926899778725882,0.267991239190646,normal,0
846.8384653190454,23,0,0,33.43577865345841,2592.493466233852,1,10,1905,0.05822456368988821,0,0.025688650873117756,0.2740646820318372,normal,0
4659.91655175519,15,0,0,39.70018696024463,983.9204441952493,2,13,1132,0.14884701734836808,0,0.17003733077365055,0.10424491633065013,normal,0
886.2668099290095,13,0,0,48.58583695330257,1647.8422566785657,1,3,447,0.03922776010077591,0,0.15017095664756216,0.2720142326857337,normal,0
1357.5713152118694,5,0,0,31.82455506854761,1059.014388404841,0,7,1906,0.054518853059397895,0,0.15674449269603571,0.09203013484202417,normal,0
1918.0899386245533,17,0,0,18.68054725368412,2711.6446495092764,0,1,669,0.20834708143743288,0,0.17613074826435915,0.20862622797248878,normal,0
1949.0795663035888,3,1,1,49.02703243403469,1696.5606601181153,2,13,1443,0.08731296193192534,0,0.0625731806290036,0.16498823263340393,normal,0
2644.200396823005,2,0,0,38.95057610164234,1803.507381461661,2,3,2082,0.28279677983111196,0,0.09819439535086051,0.04426546775368034,normal,0
3943.586818742707,2,0,0,20.536178498121405,1469.08178623327,2,12,1717,0.26522295930136214,0,0.13561496639274737,0.26052816995025996,normal,0
32858.24355297236,20,0,1,1127.0646806700715,3920.0949372479154,4,15,2059,0.43025344818661687,0,0.2158667420901687,0.7785023728720741,account_takeover,1
1302.2263394144343,0,0,0,49.89335124567861,2103.417710048227,3,13,1009,0.26802586818597274,0,0.002056113623316935,0.2648738296431483,normal,0
14150.985910119856,11,1,0,588.7890874050975,3827.2497315303985,0,9,456,0.7208545344476922,1,0.2814236159344877,0.6689200263723916,deepfake_identity,1
758.6319170009738,2,0,0,37.05427050753447,2868.1400685707927,3,4,1191,0.16211020863451145,0,0.15450049198457197,0.12901562753314597,normal,0
1775.0603053945651,5,0,0,33.11250356903251,1301.3497731090906,3,4,652,0.2544975952264976,0,0.1561933632765872,0.12669532210907059,normal,0
4399.017220350909,2,0,0,9.399665981484222,3015.475174754823,0,1,1851,0.07308007909696779,0,0.183598201974013,0.1181623984330858,normal,0
646.8056997905127,15,0,0,14.223057932790894,3733.941197868259,0,13,1149,0.11600645047324672,0,0.2951641082891993,0.23610703936341154,normal,0
4941.3762341624,2,0,1,16.552683925934055,1313.8653158484963,1,14,1450,0.12375103917003874,0,0.0020810775583989805,0.019624618192049713,normal,0
3969.5226849981477,10,0,0,16.56542771616977,3448.2644609822323,2,5,2217,0.1266139727161291,1,0.25740728443380695,0.2949038491968347,normal,0
248.4028329966363,13,0,0,192.00357219706999,2401.226725253893,11,24,1762,0.07660519466336402,0,0.23139326661356702,0.7738457271705519,velocity_attack,1
41893.59845061224,8,0,1,680.1894457978948,2378.0094347317718,4,18,1367,0.6333917259849802,0,0.3270328806395841,0.9407055751878517,account_takeover,1
59833.90337298645,14,1,0,1126.1315428505395,2764.2559234313862,5,17,1336,0.26009568913186043,0,0.08580123605783674,0.5058982881086268,account_takeover,1
3473.1717424959065,8,0,0,12.141092750561683,1467.2353911505838,0,1,214,0.07923061629630329,0,0.23825239464597917,0.1081598230035561,normal,0
108.93984104801228,20,1,0,166.6115167527889,1726.3024006242927,12,33,778,0.4372175299720629,0,0.14707470327688701,0.6326741179693562,velocity_attack,1
46889.19296924797,1,1,0,29.26787097707019,720.8504288083018,3,8,1383,0.44473330788063486,0,0.8461426741734066,0.4112468803992952,social_engineering,1
26144.216224099313,15,0,1,922.6079739744478,1419.4223519810325,4,6,486,0.4161581053149148,1,0.44713191805651564,0.8467933754869478,account_takeover,1
1087.4890522309329,10,0,0,3.138557824959576,2824.6580682719123,0,14,2167,0.29918925322123935,1,0.27373292224706214,0.015549092642870854,normal,0
3004.91688448974,15,1,0,15.050983801356072,3740.090915625318,3,4,2949,0.012850380449561771,0,0.10884467840517763,0.07737534549504008,normal,0
2713.5944809502766,9,0,0,5.758120069435623,2353.4534457273985,1,6,1952,0.11322651834757032,0,0.09735239359071926,0.033277405019434735,normal,0
4153.780533712505,0,0,0,12.576569520748793,2087.1633682278834,0,14,1283,0.01573645143715886,0,0.08846679836020527,0.18388902651203962,normal,0
3773.2939755403313,5,0,0,2.666489634840008,2320.581644085023,0,11,539,0.14204866059498716,0,0.2254958053889439,0.13082742108801784,normal,0
3395.2855871008805,12,0,1,28.10409507180364,2031.9500207751207,1,11,2649,0.13788723110670725,0,0.1172002722688215,0.020280420518847906,normal,0
1293.0632532238665,4,0,1,35.155357554961206,680.5933974185884,2,2,1907,0.20274867939634741,0,0.013789523921808045,0.25151691918354807,normal,0
159.3315286509485,14,0,0,10.826101611750255,3842.0102657741404,0,6,1213,0.23888529126700517,0,0.03861519183925499,0.024307663292537262,normal,0
3557.3183453268734,0,0,0,29.088752988888427,3150.7451974676837,3,2,2590,0.19730244753859363,0,0.14397714176466184,0.29202188761400083,normal,0
134.06543960283443,23,0,0,48.67344482473697,3909.8916060169227,1,5,2653,0.2522827956293569,0,0.21857023326955052,0.22053905669671783,normal,0
3692.253809834877,22,0,0,19.41200586641458,2376.866314237841,3,7,1026,0.08162224680702476,0,0.08806326865763126,0.2959687590255747,normal,0
2738.1353985060928,18,0,0,2.570530349326805,1003.3881245838,1,9,133,0.08540198745139228,0,0.11750606312037865,0.0015018170028787581,normal,0
4292.9126937208,1,0,0,36.82789911654748,800.3103677910844,3,3,364,0.05238475500221893,0,0.07739220804513407,0.03258797778762039,normal,0
1371.7547375628426,9,0,0,9.265204176196729,2566.276176534569,1,9,1538,0.23633332230579263,0,0.22623944273847613,0.08637887072036667,normal,0
36943.125152567576,8,0,1,146.82887866168792,805.5086343485111,0,2,1261,0.36448727166713896,0,0.4785724269406112,0.7935223615106701,social_engineering,1
13705.30381692864,6,0,1,10.516534493462126,709.1220923048495,3,13,1328,0.3090250687553832,0,0.020819315862068866,0.760213552253469,behaviour_anomaly,1
6328.376649009781,15,0,0,148.84475520849688,828.3658237810039,1,13,541,0.5272864109636765,0,0.36733814774778867,0.5482661146474366,behaviour_anomaly,1
3193.9527139700444,14,0,1,43.58177519614033,1277.6061294236888,1,8,2349,0.1870883248553597,0,0.03086506371245977,0.26794107763817776,normal,0
1440.7706647801629,1,0,0,22.032684346372065,3155.967732321915,1,6,2128,0.21130725528602454,0,0.2647468141041064,0.05167118653115813,normal,0
3324.98313905811,15,0,0,46.31814847090057,3428.8157209606497,1,8,2909,0.29701015763053773,0,0.2532781400045377,0.025435546047670475,normal,0
9629.450503856098,1,0,0,42.91325777789295,1361.4682762158436,1,14,453,0.5007068664030839,0,0.22368184279087,0.3502818879241957,synthetic_identity,1
603.9287015716359,22,0,0,45.13464889612296,1463.4918483491865,0,2,1262,0.049972585038404425,0,0.1617054666041362,0.20025997541840132,normal,0
42992.844495420635,15,0,0,160.52044507873632,1257.5004355564529,4,15,169,0.19257929351305403,0,0.6827798486154577,0.5164528922376403,social_engineering,1
1009.0750269452936,14,0,0,35.77777478975476,3973.481432774813,1,3,2204,0.13077798658249315,0,0.11939885869635171,0.07831546165002251,normal,0
1060.8787924181254,1,1,0,15.148383509791568,1582.2333631142487,3,1,2559,0.13970045295484523,0,0.2608580682051221,0.12772276864479395,normal,0
1891.8356664807195,16,0,0,45.40744292212008,3094.352311153056,3,12,1636,0.24148010758418884,0,0.1639658590907304,0.2827626633326532,normal,0
2557.429843967278,23,1,0,24.219845789153144,3770.4015132198424,3,5,331,0.021247019487877716,0,0.2771258412851337,0.2431124529950079,normal,0
3511.8150018028846,23,0,0,0.23795200349525092,2076.5228968651927,0,10,341,0.03487049414319602,0,0.05234622329308346,0.21911800108067866,normal,0
2105.736630943711,11,0,0,11.719431010864323,2626.237042061581,0,7,820,0.021802784831151677,0,0.14732260631312677,0.0067543678827576056,normal,0
1323.3732434100111,19,0,0,14.535063034660961,2394.3818696619046,3,13,459,0.23899263583553645,0,0.021215035361630653,0.22981667166413028,normal,0
4220.452680974245,5,0,0,24.251409746981917,2226.1287705953223,1,6,2850,0.29692024569270054,0,0.15373414773224048,0.12567356762948412,normal,0
1543.6350420963465,23,0,0,21.211046097637055,3999.618717527188,3,1,2852,0.2111565736946653,0,0.07993902744667375,0.11342957367293927,normal,0
4549.2908725661455,15,1,0,34.62715691030185,1283.7086752952307,1,3,2135,0.016276909644472926,0,0.1278445438799693,0.2612298082834234,normal,0
2451.3905394891535,17,0,0,8.88341149195796,3206.0591242567984,1,13,120,0.18339232961777688,0,0.08820968520930929,0.2769626299921952,normal,0
46612.11904306752,20,1,1,946.6170128228231,2232.496744578622,3,1,2034,0.6259712606877175,0,0.10814953216184803,0.5572960897107871,account_takeover,1
1756.1762685725255,12,0,0,18.191364678168874,1940.238514643345,3,9,1955,0.23852881871108078,1,0.005922824369369528,0.22804038140876762,normal,0
3166.8677445413446,14,0,0,45.14200642263294,3026.142511290969,0,13,1572,0.02835370349295445,0,0.1316164920338722,0.22002227514391537,normal,0
2679.373038586955,20,0,0,24.47333283763269,3192.3756305461,0,4,1928,0.08115608750629597,0,0.2920173659936952,0.2591847662958976,normal,0
2875.3827374547964,15,0,0,1.3176456114773694,3403.4423512343697,3,11,1360,0.13352957186921566,0,0.048721692117982794,0.09216932595567948,normal,0
4302.05545454029,13,1,0,8.847648464992686,1314.590515867897,1,5,2614,0.23455868444981803,0,0.21268856823737659,0.18275238245953793,normal,0
1950.4884096158416,21,1,1,67.39638556060012,2104.6373609182147,7,11,2782,0.12023514840777912,0,0.2685750654741116,0.7900164140200918,velocity_attack,1
477.5855677582227,0,0,0,7.194318717766956,2901.8312148628424,2,5,592,0.24929742442125083,0,0.038641560942212494,0.028888734063446997,normal,0
2056.729642976191,22,1,0,10.096686232044405,2136.1407909268037,1,8,1929,0.24362795404403847,0,0.24141695425286058,0.029718390357232814,normal,0
2454.4840415633616,3,0,0,40.03387178650748,2261.311208488576,3,3,1546,0.008779638340724137,0,0.12287070041211559,0.28936885291619907,normal,0
3766.472482879926,19,0,0,1.2112931206399669,2041.893107028532,3,6,433,0.27353580704677,0,0.08816894570018573,0.23477762283473838,normal,0
4680.498035714639,20,0,0,3.496768219525742,3148.4253441356914,0,8,1792,0.17344588234238964,0,0.05429376679254453,0.04986930750451305,normal,0
3869.593978842565,18,0,0,28.218358645923768,677.2683670270972,0,7,1813,0.2554207341267949,0,0.2008204194226197,0.07299449757777356,normal,0
1256.6472703976733,15,0,0,29.71230026752023,2074.7853174863512,0,6,1649,0.09325877571978654,0,0.22756085386209074,0.0049644196166521715,normal,0
3197.4331855425044,14,1,1,1141.6833827389626,3043.1810198913713,2,2,1629,0.23278102210474988,0,0.49705038205516333,0.7198629310314422,account_takeover,1
2778.817322298943,14,0,0,44.27059749591868,1299.1363202216662,2,3,1937,0.12292362690000903,0,0.08367563875339615,0.2033636791144998,normal,0
4691.093332852208,14,1,1,10.647026324004171,3666.458773474448,0,9,2256,0.2769214606838294,0,0.2547902840808743,0.2887867092111657,normal,0
3907.541499693605,6,0,0,25.53209242645293,3249.0958901383106,3,13,1933,0.05288955199451859,0,0.15152157346364653,0.15120291514095688,normal,0
3101.609994889614,3,0,0,7.74383018971046,557.266015862391,0,4,868,0.19732143923222095,0,0.22302720859567618,0.08112710198649242,normal,0
188.23212244222705,3,0,0,35.73244517285757,1355.5889035024147,2,1,122,0.10733895686825688,0,0.16740811173060932,0.15722891209165155,normal,0
23002.623179489783,3,1,1,609.0893354120892,692.6231305561969,2,1,533,0.8693231952758557,1,0.2899910048985998,0.32684194834685093,deepfake_identity,1
4089.215859396693,19,0,0,27.33519360514479,1691.9154986098065,3,3,2266,0.09658743680411461,0,0.03035838126935123,0.06882728916803833,normal,0
4768.793583312279,20,0,0,29.385609822795832,3248.11584214788,0,13,197,0.2651314450535531,0,0.10751461900548594,0.020539621810330987,normal,0
4028.46760704198,0,1,0,18.36955908114896,1181.924329072971,1,9,1221,0.1273720707736812,0,0.17605917758997128,0.09696363445862737,normal,0
4752.651055922446,8,0,0,37.13517190763408,3412.372698005231,2,3,2351,0.1566501734321317,0,0.24359111593149335,0.15240537561621123,normal,0
157.36239258142993,4,0,0,9.757213492344324,1315.237529284908,1,8,982,0.11959831993234894,0,0.2844359206445523,0.20815403196357798,normal,0
3128.9630981587834,20,0,0,46.08728389674277,3604.125825918447,2,13,312,0.2462247073233867,0,0.27774858639341277,0.105526679465459,normal,0
53170.57383134142,17,1,1,1128.2633936002346,3207.058532679688,5,19,704,0.7339738045950626,0,0.32393104747185336,0.5052956176338892,account_takeover,1
16351.584797243173,10,1,1,43.44752377536993,3543.9447953190192,5,2,2274,0.6891470641666112,1,0.3830759950442937,0.8373019769679857,account_takeover,1
763.2350031606591,4,0,0,45.79288709228954,2728.2558406134012,3,12,984,0.048446731586931836,0,0.026638526546166552,0.1347797202183613,normal,0
3542.4484575205543,9,0,0,36.38116923996063,3067.807364151838,2,14,546,0.08561959841468919,0,0.11214484326593807,0.14083902071153234,normal,0
1538.6000368960174,8,0,1,4.691365328798219,1180.890929802102,3,4,100,0.15210632801567944,0,0.11397268011714917,0.02833353561336169,normal,0
1336.9410272857017,22,0,0,45.80375243464085,2052.281856230401,2,7,2215,0.055173931557784515,0,0.11004239863667602,0.020851928239948248,normal,0
2917.796809948192,3,0,0,12.434797033350236,1190.0715913436252,1,3,1628,0.06004049238927686,0,0.09089622160318163,0.11573059913973513,normal,0
4426.669741665888,17,0,0,5.73990956333042,2069.09323635112,0,2,1847,0.2548578230292453,0,0.07677606960185648,0.12622431070836232,normal,0
2330.342759494916,17,0,0,32.33912200030093,1531.7447321250706,3,3,2723,0.08759779696786146,0,0.19460807668054167,0.29877308546019804,normal,0
3815.1338549171764,14,0,0,41.897916695768586,1908.3893796721343,0,16,324,0.7384739562214768,0,0.2252081883607922,0.2270400690642283,synthetic_identity,1
4147.7169542865995,0,0,0,14.127171754800571,3632.242802988264,3,7,1663,0.23658318832659705,0,0.21660910429136648,0.1456183899037313,normal,0
431.57497331000775,22,1,0,11.459245546389262,841.1649076541335,1,3,1150,0.2714873077242815,0,0.24351671185040646,0.0582981037629408,normal,0
1180.3894331322713,5,0,1,29.00032876761826,1375.1591669052013,2,10,1569,0.0036986056615921246,0,0.24337280946460912,0.17720259313385459,normal,0
1637.1453113100656,16,0,0,0.4081355728608016,3580.8594593082053,0,9,1166,0.03893558320942173,0,0.08201884557384975,0.26932870308444384,normal,0
4480.549579038565,7,0,0,14.775442752389672,3683.3459259890947,1,14,1786,0.18326736004244917,0,0.12644055815221114,0.26139250607761094,normal,0
2619.748748226697,20,0,0,15.291576455920646,2293.0047950917997,3,3,336,0.17418940535071334,0,0.03849992012473462,0.17582231080126223,normal,0
4268.018683421576,10,0,0,42.34832708538166,2468.22965100643,0,4,2525,0.07502031386343873,0,0.22382332812872005,0.08659145540870868,normal,0
3471.4232296632313,15,0,0,15.80544907510706,1620.7892306687124,1,14,1031,0.06687247482884714,0,0.21105181819336302,0.13686444294780048,normal,0
259.463440268246,17,1,0,92.72089210964634,2223.19280396958,5,16,332,0.14280176206815587,0,0.20310565012630388,0.305992444975542,velocity_attack,1
909.8940017004915,6,0,0,33.658893458031514,3453.2036602224603,2,8,2981,0.2782099752111319,0,0.05295293337453597,0.23239481165964193,normal,0
1339.0047794255447,6,1,0,8.657428059314704,1796.9570537597733,2,1,2716,0.06978509834316768,0,0.06335113080057089,0.045425686841051326,normal,0
2602.661782630072,0,0,0,18.216469236429738,1345.9296917765062,1,12,2320,0.27575845768486085,0,0.0367377398665383,0.053172833197373245,normal,0
1629.729709188734,6,0,0,49.63505811452561,2324.2597885722544,3,9,1535,0.12513141487320725,0,0.005364717251652406,0.12268098046916999,normal,0
11189.218612657489,20,1,1,84.94868278317307,2217.6899763334686,2,9,482,0.5709638180501987,1,0.2245459067455169,0.39177052295201165,deepfake_identity,1
1140.4616423235532,10,0,0,33.53478969269946,2453.358319054979,2,8,265,0.2264882114498071,0,0.20351148042337885,0.08279147249474737,normal,0
32901.271922484295,14,0,0,213.1374567813846,3515.914640134643,0,16,618,0.2214516347210453,0,0.663595695716596,0.4518691973571737,social_engineering,1
1358.205181830489,2,0,0,31.071547953039413,1752.0200688501495,2,1,1920,0.28863370710049263,0,0.04731701661757465,0.033971479874577305,normal,0
314.3214543138421,20,0,0,27.08840016883462,3282.4516636610942,0,6,988,0.06912347118570658,0,0.22580522154346772,0.2539740035783277,normal,0
1415.815404731276,16,0,0,43.65436976073448,3791.0083506662854,2,13,2254,0.07544405850413324,0,0.26606187162517325,0.03275609069832168,normal,0
1414.0544019500753,15,0,0,45.435946400745514,1862.100150960576,0,2,2965,0.1121072835623353,0,0.1596172680732639,0.10250597674671398,normal,0
3780.7724342612487,12,0,0,31.603655528351787,3162.186318475147,0,14,2569,0.23392796562350787,0,0.15371255804686146,0.16253368307487406,normal,0
448.82437745512203,1,0,0,38.99417928672567,1556.012551493325,1,12,498,0.15087876431128686,0,0.014997604468594172,0.1876169441211703,normal,0
2096.091068642879,23,0,1,15.781906360032687,3823.308148612128,1,3,1540,0.1381566110391228,0,0.25286082859459924,0.25125537222041666,normal,0
38867.49246258686,4,0,0,288.94345338246575,1022.7624953446095,1,10,2866,0.12774633068068442,0,0.7752109568224763,0.34930586482121595,social_engineering,1
2924.9307300198425,5,0,0,40.32733039453415,685.7463490373573,1,13,2172,0.026459596036219557,0,0.10839297774614584,0.16611402873703224,normal,0
9955.987254475342,9,0,1,404.33260965911603,2403.653816910979,4,4,1077,0.052977511598893016,0,0.3884908199583042,0.519079776373384,behaviour_anomaly,1
1853.2115000946649,19,0,0,39.16413298282255,541.9693540988934,1,3,2041,0.2764405436178467,0,0.10332729758676305,0.13228410301089613,normal,0
959.9089741686512,0,0,0,30.773844513094428,1315.8346005478961,1,14,1055,0.07532794711920897,0,0.011968396716610862,0.08571986389547936,normal,0
1579.0008522355886,17,0,1,381.90493754204294,2712.9551041017103,12,31,2163,0.08715275762088537,0,0.004203891093394896,0.6211033745613066,velocity_attack,1
1936.3238023227793,22,0,1,142.97974738355873,2554.4068621051633,11,14,1555,0.08885674041373817,0,0.06800481169878646,0.37609647336642443,velocity_attack,1
4382.951689195407,12,0,0,35.07245689923098,3613.207315875375,3,14,366,0.14757191116812976,0,0.24278014436764198,0.029242006821391175,normal,0
4337.139643649761,9,0,1,30.558168139581543,1885.5924795609726,2,4,944,0.28913203657809194,0,0.2262855759392486,0.2549062130366112,normal,0
4951.533345825643,0,0,0,18.32634293410149,2266.792418751425,2,8,2462,0.17716668012310186,0,0.22145391704758677,0.10000058168702902,normal,0
1529.146635675586,10,0,1,45.92711675495944,3498.6580805299886,0,12,168,0.01177547734509292,0,0.2962737432651193,0.1932149164577335,normal,0
3698.39181481187,3,0,0,13.666697986809057,3284.013263638149,1,13,1532,0.25945604824283125,0,0.2158885783811808,0.120121592213965,normal,0
1751.315564513303,17,0,0,4.101311242780003,1493.5266856019848,0,6,1531,0.25713454500753186,0,0.25970657108179585,0.09976311411156272,normal,0
377.7341176125935,15,0,0,19.03305505641005,3120.2164817006733,1,14,1715,0.0029802113090638847,0,0.07098360640809577,0.028026029260393458,normal,0
1007.8565666343461,22,1,0,9.120469913256112,604.9982946777685,1,10,2728,0.15663043768412122,0,0.04577632588363673,0.08565602251955545,normal,0
453.2132463934995,7,0,0,4.132753089491054,2353.8571831938684,3,5,419,0.20169019160325827,0,0.2262060378857647,0.13359076386270868,normal,0
4854.25983765768,13,0,0,19.710407742537463,1254.154120477191,0,3,929,0.17674545916938325,0,0.2310681383773508,0.09125868891981326,normal,0
560.1135073681501,15,0,0,22.509491298880725,1281.879105186224,2,6,1686,0.007372619682252579,0,0.2098174614768956,0.04021180662189289,normal,0
4320.948425868035,0,0,0,41.9995597824991,1919.974359366057,0,10,2105,0.21944452392747207,0,0.12236977532097555,0.20507396118429852,normal,0
2730.997755938426,10,1,0,651.318692513017,1514.098555333487,5,13,22,0.6240720380852122,1,0.17846561636146224,0.8127263297744951,deepfake_identity,1
2343.852072726737,10,0,0,3.1914344795328953,3109.7234526032444,3,10,2178,0.051780035595327976,0,0.2612370321793663,0.009173727399680998,normal,0
294.13224420695,20,0,0,22.85076846362408,2658.345117065204,0,9,2563,0.25103112908277975,0,9.330375864025076e-05,0.29637830545561816,normal,0
3925.7317717353553,18,0,0,9.746366529906547,1480.5452506859506,1,6,1462,0.1463825636776153,0,0.055219616849740395,0.11005637029688949,normal,0
1977.3787884225376,15,0,0,14.04070156044564,894.7739824937313,2,2,1647,0.12898381768703185,0,0.14593546018751713,0.057156211217296825,normal,0
3391.373410295898,5,0,0,15.834770773144813,3321.3740266083964,1,6,754,0.0473254916634936,0,0.15933038461324903,0.18116231212607978,normal,0
2306.716890325885,22,0,0,11.285153523505487,3331.8473038378206,2,2,1126,0.057104108788033514,0,0.21653515326785833,0.10870931500064208,normal,0
4054.9115294118674,3,0,0,183.46173129920547,3104.6361824523515,2,15,79,0.6443301366293889,1,0.1376357707424197,0.38509584609519665,synthetic_identity,1
4149.641583927934,19,0,0,2.92988179381376,2935.1078133471224,1,14,655,0.052762977236396204,0,0.08824177348461794,0.003332709285206481,normal,0
2644.990711569293,11,0,0,21.192276225028834,3532.742661660612,3,2,2558,0.04181345585746166,0,0.02444401706939999,0.003448727745663871,normal,0
4895.608070674074,20,0,1,389.51780568610343,3326.8841102868205,0,14,1321,0.2677699676843009,0,0.1508981539168957,0.5777362078588403,behaviour_anomaly,1
2205.3183824207817,1,1,1,9.54848948335979,818.7356439951982,3,5,1440,0.020236994385127882,0,0.13697561607639422,0.20724393560765986,normal,0
1264.4239655627584,2,0,0,20.241609792491754,3163.528449163311,3,11,54,0.2013895441560532,0,0.065991899816456,0.2314275863472369,normal,0
3186.1212067300676,0,0,0,8.394071418845146,2859.9019854459184,0,2,1191,0.10126823412664693,0,0.2789610436080363,0.15899632282984194,normal,0
989.0336319400068,15,0,0,31.3193897906269,3748.1887193271623,2,7,1523,0.06439172395602173,0,0.27163079428904296,0.1176683004454978,normal,0
3327.5987949328305,6,0,0,37.28044642499218,983.7374687647186,1,3,359,0.12201600204992086,0,0.20649384976368557,0.21513043330985865,normal,0
1432.5773410511736,8,0,0,40.605359776965,2345.4074571488554,3,6,1580,0.2463841161368371,0,0.011925453458956603,0.276816888286672,normal,0
782.4331560505975,7,0,0,21.616897209384295,1710.0049306667606,2,8,1119,0.12432349497344135,0,0.11180141052696757,0.006553826486943714,normal,0
898.8731509647959,13,0,0,24.97795050773948,2042.2479320836715,3,3,1724,0.012478820816136238,0,0.260836836565659,0.27557993327901475,normal,0
11451.056822103787,13,0,0,41.593615900402845,2984.5076762550902,5,12,65,0.6385574051060987,0,0.3607226814990436,0.35037416964574875,deepfake_identity,1
1693.9461567128524,15,0,0,29.089291756174614,3862.3892891333253,2,3,1845,0.07832092792011128,0,0.08939825555695576,0.10781802477791821,normal,0
484.4362685771032,3,1,0,7.747911647381034,2847.219331922009,3,6,381,0.13741066629893442,0,0.0777540145823241,0.2824972155212994,normal,0
4933.9247190856,12,0,0,3.6974344934850634,2009.789047916351,3,14,2839,0.07662193210020725,0,0.2508319902766294,0.06591838770476374,normal,0
3674.590320396744,16,1,0,40.65960199897368,3797.574214607767,0,1,1700,0.11277455795559242,0,0.19671931723572258,0.22453076495074908,normal,0
2247.075204916888,0,0,1,21.652727588074633,2706.489493142096,3,7,1892,0.04387032197749869,0,0.10409257153269051,0.2507181713764677,normal,0
2629.8717066758572,21,0,0,8.852884839128517,2991.7739689286336,3,11,772,0.08435078443561417,0,0.06312726307713443,0.2008203634588087,normal,0
1980.8105269203995,17,0,0,33.3646090864004,3063.5761581812767,2,7,2193,0.07333907946932883,0,0.03164142089057814,0.2416393504725946,normal,0
4522.021205700625,21,0,0,30.01693291845422,2496.984812401085,0,13,2882,0.016761222027711874,0,0.09897462867373322,0.01112403081201334,normal,0
1655.9935312621833,13,0,0,11.394654885496337,1478.7333280421826,1,2,1137,0.13817326882175632,0,0.2533865851854507,0.0006516811125849009,normal,0
1372.3871108570286,1,1,0,45.53018508873593,1118.8314182044792,2,1,1125,0.07582080207978482,0,0.05197860778233565,0.1728519602488621,normal,0
2456.7671604420066,4,0,0,7.099610296512488,3612.665376604388,3,7,983,0.21853116170539774,0,0.1222288576999238,0.05910205368281043,normal,0
3160.608835761205,0,0,1,1.4108570368898676,3425.368361389944,2,12,695,0.12304130618070513,0,0.1786196240480199,0.09984070654139356,normal,0
3158.7661799785615,11,1,0,33.40305634143592,2659.253617743413,0,4,2529,0.026066981269814438,0,0.12842415374363383,0.12567928634800948,normal,0
1528.15847611959,14,1,0,37.40598034676161,3276.8420633902465,2,10,2580,0.10435272958053717,0,0.12044061934920525,0.004318971971058482,normal,0
3699.580673481622,22,0,1,40.32037271461214,748.1761044463947,3,10,2464,0.055026555710919155,0,0.0480726840528665,0.023817780400231924,normal,0
2023.2184263927556,16,1,0,14.958254153207335,1360.7518653512075,0,10,855,0.004181303613035525,0,0.16450402051890006,0.25949736544598945,normal,0
3349.416619978523,4,0,1,44.66852610702928,2052.9924097540206,3,9,2617,0.17436757916399867,0,0.2178408841139465,0.010990452473779931,normal,0
8366.464401315501,19,1,1,466.202913621343,3270.9769838608936,4,16,499,0.673652796923399,0,0.15238640333030706,0.3860519611375871,synthetic_identity,1
3259.2517180264113,14,0,1,13.750338311088573,2817.9003580762474,2,1,2942,0.16080857486875832,0,0.25993615500582834,0.2946999799710586,normal,0
3624.832749608877,16,0,0,22.552700287822873,2864.38570039978,3,12,574,0.2962348679739754,0,0.2665578275394363,0.10414802557968218,normal,0
2926.7178864249213,21,0,0,4.5186768986241965,3441.14120896534,1,7,2398,0.22821484470572168,0,0.22547832879241375,0.07761102391526802,normal,0
321.5714835203281,22,0,1,20.171530939127763,3324.5477248305933,0,11,1017,0.06939002192339908,0,0.22886346334801155,0.017113104507483167,normal,0
2592.3885143517973,18,0,0,30.3283816983389,1134.4063460209668,4,9,323,0.6523599656489474,0,0.3350491548590063,0.24463397003687143,synthetic_identity,1
547.3047162520545,14,0,0,38.59660561199366,2503.006928804901,0,10,2731,0.025916022532193096,0,0.14943943653580252,0.14077919589269586,normal,0
818.8060586743895,9,1,0,33.98001959125418,1973.598415781382,0,2,365,0.002224067644187999,0,0.1953851533178954,0.242278413432441,normal,0
13306.447367394712,1,0,0,423.1344726924019,2041.364960327778,1,18,418,0.5884103384449095,0,0.13526611806305378,0.5036876262075558,deepfake_identity,1
11776.03865205744,14,0,0,31.7277160425242,1809.0533011970485,3,9,420,0.8190858419711834,0,0.44952372945678315,0.5574880903773036,deepfake_identity,1
46388.71561187135,11,0,0,266.9204381063377,2442.566566916339,3,10,783,0.14222258084612394,0,0.5678987415732851,0.205785557362699,social_engineering,1
3351.1586686294736,12,1,0,45.56916616640008,3212.842872731809,2,4,671,0.16513636602939827,0,0.21771121845495736,0.08113990626865993,normal,0
375.886050841003,10,0,0,31.430246303161642,3330.2071953509376,2,10,373,0.02334426184576902,0,0.07097145818573583,0.26429096661752244,normal,0
4264.879320255243,12,0,0,10.554623583107325,3899.0210756890992,3,12,726,0.12978461736587343,0,0.07696114842931266,0.07984799654843099,normal,0
3054.4200947493614,22,0,0,6.10157575892924,2240.604123494856,0,10,1043,0.11205228891846071,0,0.11766420236894735,0.26380071743978145,normal,0
1542.7995711409699,15,0,0,39.092676974512194,2211.8251601272614,1,13,588,0.08857113280415298,0,0.19430015900845063,0.048619197053864395,normal,0
16529.84414519024,0,0,1,250.81052021390667,3561.3081548892915,0,9,2568,0.3605080805281124,0,0.7747108696899145,0.3319224841318791,social_engineering,1
3815.3685309500474,19,0,0,34.10864891180209,2429.2374819781226,3,6,1577,0.2953386014843848,0,0.2857641324189021,0.2703084594022773,normal,0
2079.4780057101507,22,1,1,392.5545722025174,2944.7277746981285,1,11,2292,0.5521919671152106,1,0.3000822600184627,0.8179989282054905,account_takeover,1
2353.0220764696687,10,0,0,35.490304445199506,3444.793373371728,1,9,2854,0.20664109922115464,0,0.20555683670719985,0.20197885678827013,normal,0
1432.7931661873447,14,0,0,22.29805579880916,2165.0102154287188,3,7,2500,0.22846227678882708,0,0.008982154113112827,0.19477649032486813,normal,0
4654.692806814347,3,0,0,25.26053095159754,3557.7113111519507,1,4,2334,0.29547073085251085,0,0.26078902124982156,0.07246303700314329,normal,0
2804.3435099949793,4,0,0,33.59245559432614,2918.97315844011,2,6,193,0.16900893389838859,0,0.056528067467023324,0.23768729205032277,normal,0
3399.818923292095,2,0,0,32.38018306802445,3374.920339960165,0,13,1924,0.17381269529927384,0,0.04883301065812435,0.12008981843576784,normal,0
610.7015337609037,8,1,0,12.847425579042381,3154.261128018264,2,7,2455,0.06471920650035737,0,0.048224986491587594,0.18299422933415802,normal,0
1417.3822204727483,19,1,1,37.74505396405783,2040.6080057340303,3,12,2916,0.02102753346007997,0,0.04785739405301489,0.12290160131290416,normal,0
3028.2302123647146,16,1,0,319.00722017095455,3119.8410894719864,1,7,849,0.06870616509020439,0,0.023936114442058676,0.5294868421767829,behaviour_anomaly,1
555.6541351333476,22,0,1,8.325935526693067,1499.989500412174,1,3,1698,0.10193059133647925,0,0.1656738074797501,0.2024607313029185,normal,0
625.1428555649027,6,0,0,17.50500691055949,2128.542591491377,3,2,2846,0.04202281311082668,0,0.24906327354118227,0.11675285499428371,normal,0
2103.8694276299225,22,1,0,1.4828622798395585,2974.5610182807186,2,5,1787,0.04253731242871502,0,0.16586193593859455,0.18366775779352779,normal,0
2651.202457437882,5,0,0,348.4748238431192,734.8376739560965,4,11,1839,0.2677923169176155,0,0.1734994149787269,0.7433799868870532,behaviour_anomaly,1
4449.750495515669,20,0,0,4.075729752250817,2448.518897066083,0,11,699,0.22900076408789474,0,0.07057298755587964,0.05318265537207719,normal,0
1418.891697858983,20,0,0,42.50956409249391,3727.965008101119,2,7,807,0.16535917353921123,0,0.19134299534573387,0.03555389126601239,normal,0
1321.5319228294873,5,0,0,39.837535866511715,2018.9087310351626,1,2,165,0.1526148421850305,0,0.000717027178651597,0.13814228663857472,normal,0
4856.315072507747,8,1,0,23.76091711862145,767.420045111772,0,12,1291,0.07513841068090758,0,0.2121607865466182,0.2858584260525354,normal,0
3540.3265251575835,17,0,0,21.181095886063485,3926.9624528766954,0,9,2901,0.013819828712117732,0,0.019800218592663555,0.009114064550487777,normal,0
1693.009675615325,15,0,0,8.090447973859959,2060.4133685218176,0,11,1086,0.1525303762860822,0,0.23839250340535592,0.26745619469543763,normal,0
3285.9853527509517,17,0,0,45.287231781947376,3257.589642624059,0,6,509,0.2515030412686653,0,0.21104599243913638,0.13126609268606385,normal,0
2413.8531332935518,13,0,0,4.237765672336402,3361.7271754172634,1,10,2504,0.2051300903593449,0,0.2053538547606554,0.22966807877139364,normal,0
269.8843069597683,17,0,0,24.16547556049165,1141.166403337133,1,12,479,0.2363592750593283,0,0.20794364267866197,0.28448895726302226,normal,0
445.4105336514088,11,0,0,7.355000525164856,1462.6725100733775,2,7,671,0.06570677953867807,0,0.0508631192480249,0.23564988943298756,normal,0
3444.4483459590697,8,0,0,13.459494559735907,2657.335130321002,2,8,1635,0.07134172214173375,0,0.10436820406725571,0.1577966866253232,normal,0
2226.694894251989,2,0,0,21.849828786907498,3130.1188746973476,2,11,1924,0.01299824331890711,0,0.0607642136026804,0.18591417933574514,normal,0
2114.8333317605066,0,0,0,10.429666000627897,1494.5168750634894,0,2,2975,0.07142365270556421,0,0.027624462140677142,0.2927745650180672,normal,0
2863.962741284237,9,0,0,8.10908409645646,1018.912014849653,2,6,980,0.10727426060867563,0,0.05282502562572648,0.029533089517487586,normal,0
4758.500101408589,7,0,0,33.649115363682405,2080.8580482631005,0,12,1903,0.21714459284479964,0,0.2584575763508271,0.2740188786197629,normal,0
4521.776052942306,21,0,1,17.27245669865745,2886.955918012084,2,8,1440,0.17382617167888295,0,0.266325701396995,0.12954871663365128,normal,0
1434.3058999449079,7,0,0,9.053117646146964,1019.9814194256942,3,12,2657,0.2851729358696566,0,0.04826860681624668,0.27831949876379247,normal,0
45196.35583889633,10,0,1,172.96684954853922,693.5954402862171,4,16,1507,0.28445152525273415,0,0.7236939950065979,0.6303156663532838,social_engineering,1
4502.9469629067125,12,0,0,13.869375108119652,3092.084204105211,1,6,2358,0.08145085358906422,0,0.028822021576864962,0.11423011138104909,normal,0
3240.2862495357517,6,0,1,45.43904716055866,1642.0831863817702,3,10,2224,0.06306156488413779,0,0.2001575043359932,0.10301463627817621,normal,0
304.51177205689726,0,1,0,364.46444971635634,2840.9169353310467,8,12,508,0.18295879120024788,0,0.10728920316617599,0.6285904331722216,velocity_attack,1
3925.09541538523,8,0,0,39.45998783992922,3155.36389486428,3,6,1897,0.0016382835095499425,0,0.22775014256394183,0.011219243298030212,normal,0
382.47315277522193,21,0,0,24.5051040999215,2268.687941635715,0,5,1212,0.21158856538189244,0,0.18886220328464304,0.13623526123917093,normal,0
215.82907162704834,22,0,0,46.0096299883534,3526.358225046639,0,4,491,0.049494619004033735,0,0.1638163681118701,0.029619684382755695,normal,0
5024.315143198257,1,0,0,825.9239433662534,904.4950131764766,3,1,679,0.8194153600924152,1,0.10516107714300016,0.8325788882481868,account_takeover,1
1198.9196163567428,6,0,0,36.28848368072778,1796.2175494989783,3,4,2947,0.08143246514906817,0,0.005492229246043123,0.24313885694301182,normal,0
3628.1790290757644,8,0,0,44.8467310254458,753.1095520077314,1,8,1228,0.04010941269056129,0,0.21644678161433548,0.011972313931410494,normal,0
4328.6844736584735,21,0,0,39.583668028883736,3705.086570766454,1,7,228,0.1274902533662561,0,0.16645848691085277,0.004190535641668325,normal,0
8617.584276411413,17,1,0,44.57336570894114,3519.8983850297873,1,6,2719,0.3907395956888901,0,0.7159738533133924,0.3994243141127564,social_engineering,1
662.3674721591656,6,0,0,36.51526384905266,2967.3499290124705,0,11,2967,0.05965460525475493,0,0.07275734084900001,0.014099607563090576,normal,0
1417.036481977002,1,1,0,460.4235011309596,1199.328612332903,4,28,1355,0.21885089143903858,0,0.2373521917370176,0.7852173539380826,velocity_attack,1
568.123037789874,16,0,0,13.681569636786877,968.7115604374856,2,6,2857,0.04158936829861681,0,0.1458747146997749,0.04571001817192026,normal,0
4192.982228387265,7,0,0,24.42930262779095,1630.0756762929875,0,14,2192,0.003927748709654155,0,0.2887240205969142,0.2876523681824792,normal,0
2914.0091179420338,12,0,0,19.520006589287288,3447.233978287176,1,8,2001,0.19157304603470846,0,0.11536986974557306,0.18660004599388527,normal,0
4972.2184831600025,22,0,1,32.06594400815941,811.7805997281639,2,3,897,0.12743692124901598,0,0.23163788070789298,0.2007358244658499,normal,0
5445.796095344096,2,0,1,290.0991352284743,2685.688310819327,1,17,2595,0.15995195539709406,0,0.10805495113186392,0.43008374447748177,behaviour_anomaly,1
782.3023184762163,16,0,0,22.595903763133123,2063.866282498379,0,10,2243,0.17916098467563008,0,0.1161108863884937,0.24210061345156214,normal,0
4574.878707526709,19,0,0,34.6695615440713,3577.342336307786,3,14,1261,0.18467106023335472,0,0.2800258230417838,0.2752425471712505,normal,0
4091.887923078947,1,0,0,47.701022616788784,2313.0649966549076,3,3,386,0.12167781906250003,0,0.23245434635598825,0.26869222823733774,normal,0
565.3298486190449,21,1,0,17.842757656897835,1344.270263297606,2,14,812,0.14011055858236174,0,0.0994463260488874,0.12975687583167358,normal,0
3733.9737085142556,9,0,1,38.482909830593826,2385.386767560538,3,9,498,0.20538570795578157,0,0.2955035479385943,0.07738512800865212,normal,0
681.6745679946462,2,0,0,43.31689484792759,1708.0037178634332,2,8,2123,0.03680536141000666,0,0.15226477265684515,0.22945085598820045,normal,0
1769.9373472397874,11,0,0,46.34551989392847,2174.2598679677376,1,7,2713,0.07113994693652088,0,0.2863753001461547,0.10439902560710772,normal,0
1710.8828904087902,19,0,0,0.213760108439065,732.3321254777286,3,10,1779,0.17870549254039128,0,0.24481776868342953,0.039331793812201345,normal,0
12470.890293308363,6,0,0,140.32505137629866,3545.1749836696667,4,3,264,0.6768005760534219,0,0.11078230242916882,0.41916160335264896,deepfake_identity,1
405.1769850972669,0,1,1,111.27774541404023,1309.8705129903528,4,13,2456,0.191282715204444,0,0.24966011428638257,0.7258588194648488,velocity_attack,1
7959.853574155612,1,1,0,473.38900742877127,771.1392063759738,0,13,2565,0.5089932945312289,0,0.3865281057730711,0.7770365553980638,behaviour_anomaly,1
3011.240505225462,22,0,1,1.1674080391605113,3427.82694338556,2,13,1532,0.07785699689314032,0,0.01880595222047916,0.13601620423131033,normal,0
2492.381571406713,18,0,0,15.009101044664735,2446.2585200530143,1,9,2385,0.11589277023462102,0,0.010344498517517718,0.12780582142571595,normal,0
2756.9623069100567,8,0,1,3.9818498556667024,3097.6230750602303,1,12,430,0.03929474795796819,0,0.2928780541683135,0.19906153374006905,normal,0
3958.1225949314376,21,0,0,48.314716485907304,2806.5839519337724,0,2,402,0.22135341313103624,0,0.12130433706484242,0.18899352592998506,normal,0
2422.2139785689033,14,0,0,41.1836297380206,1095.4682935086994,0,3,2834,0.2665721954280875,0,0.2089513860140878,0.24931830089864093,normal,0
4163.505316652102,22,0,0,8.080832405238908,912.8582897164385,2,2,2808,0.0933384548173269,0,0.1819741135609986,0.0007241494022968808,normal,0
912.1660671295815,10,0,1,5.139801149068451,628.1092814680674,2,14,1695,0.2090749635904136,0,0.2881734846675247,0.2461850819966266,normal,0
2132.6155614545596,23,1,0,24.44974403393813,1534.9876957834713,3,7,1278,0.00834479867932002,0,0.2106560987048932,0.10977131696813211,normal,0
2617.886874613162,14,0,0,29.29420650260545,1939.6793951749053,0,4,2018,0.2829189021332767,0,0.28419856908858543,0.08071586642774085,normal,0
1841.6527530839026,10,0,0,0.8388857132772487,1049.6423628655948,2,2,190,0.21857970948042205,0,0.09516802037503938,0.22572703614674544,normal,0
4238.862954542099,18,0,0,24.202740125783578,2044.4177052723321,1,9,433,0.09212607930736445,0,0.10615614029454641,0.24136822717051434,normal,0
2587.2908555538297,18,1,0,47.41343248940852,1226.1120490266812,2,4,2183,0.03789161413218423,0,0.08904032343467862,0.1124159870364164,normal,0
7527.321354507893,5,1,0,1.9228868023803414,2411.6035365787725,4,18,998,0.2553839753429779,0,0.24910189843740166,0.7825343088653759,behaviour_anomaly,1
2107.397059533344,18,0,0,34.821776827447835,704.4354617100096,3,5,2880,0.18295771816114706,0,0.1360289101973127,0.24816772289408867,normal,0
1820.9749980090264,2,0,0,46.35397025218181,1847.960624908733,3,2,2669,0.16135377890217928,0,0.09112243933600851,0.06079113465564207,normal,0
4386.038196152577,18,0,1,32.47766247031,2236.967198646649,0,2,2341,0.2711689530365673,0,0.11695275566637092,0.15125688464812456,normal,0
780.2531459821097,14,0,0,42.33862907954366,1393.1140526231281,0,6,599,0.14430037611413066,0,0.28548769814197694,0.1824081276044151,normal,0
837.0427664072881,16,0,0,29.95506778097981,2619.6851766032673,2,6,1843,0.15167850463771132,0,0.14965276177380896,0.19180880193972252,normal,0
1904.9013475923214,6,0,0,11.731994415653057,2871.286869844327,2,2,645,0.10730463298790266,0,0.25369528246330786,0.018980505630980825,normal,0
950.1306467396079,20,0,0,35.03992307790192,3872.3158992451895,2,8,1239,0.10225038823980344,0,0.24580301312420655,0.025628960629244277,normal,0
28763.901084019722,21,1,1,1157.8487152650537,3994.9807174633524,4,8,1830,0.2869210604097041,0,0.46810338351260455,0.5932273849994765,account_takeover,1
4021.7468883295714,2,0,0,39.94762562084528,515.7263639012206,2,4,505,0.18927006611898747,0,0.07188415190066974,0.08216382214680469,normal,0
2899.176302691777,21,0,0,8.60864844144843,608.793337528736,3,3,50,0.1068978880426254,0,0.2811492028435936,0.29409923452067077,normal,0
12090.304334606082,2,1,1,235.66249686410123,1187.5000027417714,3,11,1155,0.06696440775464602,0,0.37051945193287655,0.4791601312821354,behaviour_anomaly,1
582.1386835956469,7,0,0,18.426473667322867,3040.5498514023193,1,5,1238,0.2241428369838467,0,0.23210903296119384,0.02510575904038358,normal,0
2972.5261768823066,13,0,0,19.16802595675185,3016.7020235478126,3,2,1383,0.22132700934350122,0,0.28777304037677226,0.0656105991080461,normal,0
2578.8545265338835,5,1,0,27.66187264427473,816.9239131931323,2,7,178,0.007506338336087326,0,0.1976276422944395,0.06232106527256569,normal,0
21422.563834880268,7,1,1,243.7244035845688,1340.2148984193168,4,13,2426,0.4773311699728797,0,0.03681446611117323,0.7941440617573028,account_takeover,1
1335.9809988494717,5,0,0,45.06329825016512,1489.2152940324581,3,12,1335,0.24675744550258494,0,0.17301399150326063,0.0668706928100258,normal,0
1011.8969474467589,16,0,0,14.53671142293113,605.8060207441971,2,4,1723,0.158664176329678,0,0.07309861402795514,0.007365715471953638,normal,0
382.8875802030743,20,0,0,3.5725543743528654,2213.722549715941,0,7,1686,0.057165882704915724,0,0.1226455414132248,0.03475745418166832,normal,0
1923.648950709796,10,0,0,3.9878520860514244,2885.1621723241165,3,4,1305,0.29236207567553124,0,0.1401983960663452,0.2578162764748305,normal,0
2675.8818932831605,10,0,1,44.097983824272056,515.8819969384497,2,9,297,0.07562280259325067,0,0.05098225817598029,0.025945454412276813,normal,0
2957.936722331528,12,0,0,38.09355669768696,3411.3472222196206,0,10,2849,0.13073049237181036,0,0.1997117276246825,0.20582957679452624,normal,0
1495.2929379527623,9,0,1,93.42104743640817,1413.7869234230452,11,32,300,0.40956981546838483,0,0.3159464676724763,0.751186173914868,velocity_attack,1
1598.1453914917265,2,1,0,9.528062014286832,2262.3856156460834,2,10,2747,0.04844888814470919,0,0.13457390201669128,0.12967672814760997,normal,0
2045.2615948166233,0,0,0,7.289401761028152,3169.5883618022585,0,6,388,0.12972229463798868,0,0.19164971721905769,0.08963352758189275,normal,0
4594.613526230635,5,0,0,0.7811888918357768,2938.8647697980446,0,8,1134,0.2832593917892662,0,0.09199998146462439,0.03838345837090745,normal,0
1307.3699628716233,1,0,0,40.87655526022525,626.1437634282029,2,12,2187,0.2722664338047728,0,0.12463936862473572,0.15994831877607268,normal,0
9464.981142738234,6,1,1,255.81809363815242,1836.2458516162374,5,19,428,0.8768886066240213,0,0.068407187768984,0.41645875962698825,deepfake_identity,1
1928.3008302696796,18,0,0,11.9638731441553,3458.884264561802,0,7,848,0.12513355806287238,0,0.028743704293693648,0.271016992855063,normal,0
1657.3332560998256,17,0,0,30.97988323164813,1544.9943073815919,8,14,813,0.1982697286539799,0,0.02059526425519538,0.7308144311927663,velocity_attack,1
3319.4494413471257,22,0,0,8.052308944079478,3673.837598256009,0,11,987,0.0007588190384293813,0,0.1392055296677429,0.046329863118817906,normal,0
31239.93133624791,23,1,0,355.57116536610636,1949.1298705490078,0,1,616,0.7357186008026781,0,0.029604842895004035,0.7068501966375774,account_takeover,1
4215.027872655691,16,0,0,8.335655580846375,2725.402681686964,1,8,621,0.18744124401742954,0,0.2613329118212385,0.03372756574786225,normal,0
3281.67939042672,9,0,0,34.824928642248906,2766.60630671631,2,12,430,0.12366166875553299,0,0.0576098257299353,0.17468171830896745,normal,0
2565.3491155025463,9,0,0,38.979554800377194,2787.51368795219,2,9,258,0.2795552340677475,0,0.17445522915135586,0.2456116199758851,normal,0
16951.194897011657,21,0,0,643.9646860283254,902.7867559166782,1,19,2453,0.6722071226871038,0,0.018642852985977842,0.860015221098418,account_takeover,1
3919.963920477091,10,0,1,11.140026870424007,1775.9442108737044,3,4,883,0.24670144035212138,0,0.09158590122030362,0.13817556752022023,normal,0
41653.293957415546,2,0,1,610.4656614836755,1740.9195522421517,0,9,2478,0.5907738778106011,0,0.33484839779879366,0.45675117487292993,account_takeover,1
2927.9006715877717,4,0,0,48.687035021619884,3023.652863752867,3,5,1701,0.2628225246315616,0,0.08750084074451582,0.0552065983290412,normal,0
3298.455928474186,11,0,0,1.6223086887862226,3358.370489402617,0,9,2637,0.18380968410568949,0,0.13859002951330837,0.089469758263598,normal,0
6581.569221553761,21,1,1,260.0066840031078,3180.368856057562,1,7,594,0.4252540233861137,0,0.24122911637203698,0.5973524195694786,deepfake_identity,1
11809.73516438357,22,0,1,389.22360626516246,736.9233261918425,3,13,405,0.4025170721527929,1,0.28856863048212966,0.5767718686850054,synthetic_identity,1
229.19817503653482,5,0,0,48.31559291097429,1794.5147538425701,0,2,1419,0.19977823219025428,0,0.05699293867914381,0.07128209605222675,normal,0
1958.0901456177928,17,0,0,105.25066291049717,1513.573891473808,7,23,2385,0.2332379639339378,0,0.32304746349326763,0.5126044830029632,velocity_attack,1
2895.9877585302656,9,0,0,3.3654444186940635,834.0793756482966,0,6,666,0.17277973621073758,0,0.03231017632766461,0.08773501547201606,normal,0
2576.9929259103333,5,0,0,25.305257445366674,2796.597440502496,2,7,299,0.02602325740438429,0,0.2435155667690362,0.15279398546209644,normal,0
4852.639974191436,22,0,0,31.53121869326662,3354.1320409242007,3,5,1642,0.21737721546327463,0,0.2981723659651542,0.029368013712871385,normal,0
4284.413638081569,9,0,0,11.44057881782694,3372.3021959994567,3,2,2471,0.2782645140327914,0,0.07766897705361427,0.0036564395518854597,normal,0
745.4036400375585,7,0,0,16.61045869893794,3314.586487862653,3,10,1081,0.22205832573888531,0,0.20124704933987572,0.06003718813968792,normal,0
890.7000561030773,4,0,0,45.898099035067816,3778.6885623611006,2,11,164,0.23707132416817212,0,0.11955781934733158,0.1631490723176757,normal,0
2286.6275539208277,1,1,1,137.35848417199003,3029.669840613565,1,5,1473,0.19423750985541455,0,0.24587803495427502,0.8013659081566162,behaviour_anomaly,1
4105.47345251836,4,0,1,35.806908885715345,1442.4676922876306,0,7,2372,0.03698694352650842,0,0.14741664479923583,0.24810818974851184,normal,0
3002.831387424008,10,0,0,46.56528228184438,3606.1888097386022,3,9,40,0.12047627564079627,0,0.20613290832007378,0.000172203500250645,normal,0
2251.8341015053666,4,0,0,49.89831499038919,3346.3376614441077,1,1,227,0.0726473999118086,0,0.2819430757727564,0.198337921550908,normal,0
1638.436915149029,11,0,0,26.38526460764862,599.0901358483055,3,9,2889,0.2924941426744303,0,0.1442606624753727,0.0530274143023479,normal,0
1317.5967850908821,10,0,0,49.75906629141628,1261.0610434493751,2,7,646,0.06606098600437144,0,0.20742271390760675,0.20847267608647843,normal,0
2114.8676955244746,21,0,0,20.676424949179665,3844.2726977762923,2,3,2362,0.018908655861382472,0,0.11226762657546961,0.06629630792245626,normal,0
2933.5726908812526,12,0,0,16.16600518743204,3765.6055399344013,3,8,983,0.13951933017389356,0,0.09028089052571871,0.17817016101459213,normal,0
2900.9021784025094,9,0,0,32.30351296357291,589.2651764602514,2,12,1425,0.2873617004525008,0,0.022094778738513166,0.02019598967988948,normal,0
4381.12310798509,4,0,0,17.525508004838013,3023.3709488196037,0,2,1879,0.285509512041654,0,0.06545107335699427,0.09680873903409207,normal,0
3667.7705429472153,17,0,0,40.84709993350105,2478.4492250153153,1,12,354,0.1829149807989903,0,0.22498900340160302,0.11597225485869495,normal,0
12647.307071864945,22,0,0,45.235268806217235,2050.745809857721,1,15,293,0.157699154768576,0,0.8491133464442249,0.32026602994704917,social_engineering,1
783.519917195005,14,0,0,7.674850091285257,2110.4452583337797,3,8,858,0.29006841191699717,0,0.11501250181480693,0.25988502079026343,normal,0
1373.534398289881,8,1,0,20.40226336075338,907.8393924476095,0,1,1848,0.25695359545142576,0,0.27605830654014507,0.27345511172609727,normal,0
974.8688440662347,17,0,0,47.466388927272966,1268.3257250421107,2,7,257,0.1124064062180684,0,0.27197695232051644,0.10751361890093883,normal,0
4747.421204114567,15,0,0,2.1968703277597257,601.6213193646438,2,12,2929,0.1609830969890105,0,0.21507227853570246,0.2998948603021598,normal,0
2743.5073326391525,16,0,0,16.0086145310679,1016.648146793578,1,12,628,0.06685340603578724,0,0.010787200688131004,0.10361734934870466,normal,0
454.9897501933385,11,0,0,47.340265054566444,1324.466509336848,3,14,2322,0.08650577056535852,0,0.13544192367969246,0.12032633511218421,normal,0
3263.4526275862167,0,0,0,13.575496336894432,3632.85547736906,1,10,1263,0.2528444560753535,0,0.14637155417183104,0.16789022715961707,normal,0
28800.96971406407,23,0,0,149.44865947216414,2683.371318747905,3,2,339,0.3251668213859824,0,0.762620227240778,0.4953210970264553,social_engineering,1
3284.8232608110493,4,0,0,8.098764245467516,1121.8902683203607,2,4,1401,0.1883799639051853,0,0.0574916586945544,0.11291298591677655,normal,0
2739.6388099682995,10,1,0,32.654211099654944,592.0674776113719,3,6,101,0.20739214285343446,0,0.08809539776877001,0.2692681630335722,normal,0
3168.479575993935,9,0,0,28.071083899917266,1984.0213601584044,3,14,1543,0.13684586204287968,0,0.005227638572670013,0.18230858168176445,normal,0
4591.512655621916,15,0,0,38.49840609396452,2793.6858179802757,3,3,284,0.03465654179375694,0,0.14306464476932204,0.0019679231684556764,normal,0
3939.899762431601,22,0,1,4.32856976788123,2246.103223350945,0,13,2025,0.2859606236259315,0,0.13538306029919817,0.12083882151360786,normal,0
246.87059037612198,1,0,0,10.104123137010196,2747.7758653365618,3,11,1757,0.10240196616006457,0,0.03811516926079741,0.015468295853293379,normal,0
4583.79758933439,2,0,0,17.905810825213504,3043.7148668815607,0,12,853,0.2972156230120418,0,0.011992030715981284,0.0357152294813756,normal,0
259.3782795071344,9,0,0,13.23761175331048,3437.6367745313332,0,3,2854,0.27090842213827804,0,0.06693631230928893,0.11689008872213315,normal,0
4868.076309770262,20,0,0,17.064479167998353,1016.8331389952066,1,9,826,0.15226057762015666,0,0.15226608882063347,0.21420563427570358,normal,0
3170.30330435673,1,0,0,47.55010062045081,3930.656214455297,2,11,2796,0.22021767029074082,0,0.20018194997211766,0.21275925141952753,normal,0
4261.058692670064,4,0,0,11.493431718668463,1271.1325207689388,1,13,1565,0.18718871729856798,0,0.05723375205002343,0.03122466432946469,normal,0
1488.093577113629,19,0,0,35.4075052308125,2759.9203447187992,1,13,141,0.1891115968096647,0,0.26101870558554385,0.2322905930456169,normal,0
40622.00886760855,18,0,0,198.1812225820702,3603.855398648522,1,15,340,0.13304239672410145,0,0.7138682914520452,0.39039799727814306,social_engineering,1
354.5872300159152,17,1,0,12.238973233038097,1680.6917850703435,2,7,2305,0.250779297846215,0,0.10538103969280394,0.09038480890141501,normal,0
17449.73630948677,16,1,0,120.05347502317805,1709.0099913413471,1,1,95,0.5978609948874649,0,0.28354569073826585,0.6539512075561686,deepfake_identity,1
956.7092735760215,6,0,0,30.319577788815337,3833.9421035858827,0,14,2912,0.19725759835065848,0,0.040245484367162444,0.05660691810720143,normal,0
10055.826837317803,2,0,0,261.38205559177806,2594.0204553874064,4,5,623,0.07548942299871603,0,0.7320335573106385,0.4608809976298363,social_engineering,1
494.9474174099108,21,0,1,33.3940969250681,2749.006172919599,3,4,225,0.2189659519525768,0,0.12437295171820255,0.13205949624885643,normal,0
722.5965119942355,23,0,0,3.3003216564966245,3387.1042398865707,3,5,890,0.13444974827991824,0,0.11833364468843455,0.29577834734311215,normal,0
2796.1100565656825,15,0,0,44.66782873298254,2612.698148223218,1,12,2241,0.15421265284657837,0,0.07282385672254779,0.005288331477050178,normal,0
4541.5435213876135,16,0,0,9.540029981514481,2995.105021684611,1,9,1882,0.0277589482564376,0,0.11735692796897652,0.08953627158184135,normal,0
727.424610893085,0,0,0,44.974994182942545,2953.7903219948766,3,9,193,0.20623091993303794,0,0.04109088196773631,0.10442174262215187,normal,0
3388.6716195604745,23,0,1,5.220727423673887,1008.0214750396261,0,14,207,0.11550089043153124,0,0.01588463935329971,0.19396361714310212,normal,0
1624.9657258106286,23,0,0,1.012430921174745,608.7380308570939,3,13,935,0.0644733809211884,0,0.1843943174659066,0.24552529763566008,normal,0
2194.699470811014,8,0,0,42.156298684457425,1197.6636089997478,2,7,2619,0.010130380705376108,0,0.21684787776738712,0.1252931353338608,normal,0
2696.7088759581416,23,0,0,3.0298848231246733,3319.628023929324,0,14,724,0.04703855301188432,0,0.26724272747984623,0.2544261137929423,normal,0
10654.580301144573,20,0,1,228.16901037202143,616.2014566139359,1,6,2772,0.14678000935379876,0,0.37483267123752945,0.43619047135125255,behaviour_anomaly,1
4105.298451799936,23,0,0,23.683237847609412,3196.194338084375,3,8,1765,0.2543126154672358,0,0.04451791519742648,0.12556400057580422,normal,0
4252.200859799731,6,0,0,19.426438636851,2831.7515905124596,1,5,2987,0.03337254322541278,0,0.23026062868810063,0.24131644965930163,normal,0
215.61532676309272,15,0,1,48.377484586767075,1014.1776152527243,2,6,2468,0.28135231551339196,1,0.053525572985688,0.1579636722725929,normal,0
2927.8737037007418,23,0,0,33.395515057283845,1044.5801411020466,3,10,2202,0.05263651677502218,0,0.18835044916875632,0.12170457723467533,normal,0
352.2278245379266,10,1,0,496.7636386082485,1656.8245014908052,12,19,428,0.18134925206762093,0,0.13740061835174733,0.5961599537640672,velocity_attack,1
123.09916722306573,23,0,0,408.2935603392219,1142.4244650245414,7,33,1083,0.42323526584403326,0,0.1294866764581602,0.3817046290916856,velocity_attack,1
756.6746194081396,8,0,0,5.575495218478438,1200.9401216244805,1,5,1247,0.2793296465717788,0,0.01309548391433526,0.009448152022661272,normal,0
2760.8204613925495,23,0,0,4.223609828113595,508.8001937949658,3,14,287,0.2048068137288494,0,0.2876108806631832,0.16267528519739896,normal,0
3793.953605278574,0,0,0,16.43968799967101,2469.8546693622734,1,6,2234,0.07547681822125347,0,0.059852597698170404,0.16557724256801795,normal,0
4372.374000274477,14,0,0,39.86645428694679,1050.320415532664,1,3,2930,0.25498630892000695,0,0.09802319746030598,0.2945517983280055,normal,0
4480.804913277247,10,0,1,4.712023345588756,2938.4015231287012,3,8,1235,0.5363942711716445,0,0.25419417595030686,0.5106827433105855,account_takeover,1
383.1247488821965,7,0,0,5.790375515779172,2060.270778598022,2,9,859,0.16885194510262092,0,0.06394839304048143,0.0774571075846868,normal,0
100.65999572197806,4,0,0,3.570313675289505,2505.3114377936836,0,7,2580,0.17770094403002204,0,0.020067513240492375,0.07795544566452679,normal,0
31718.90951117661,16,0,0,733.8757834906415,2730.531800563284,3,13,2707,0.3596365027039212,1,0.3690403905705114,0.9368366252308798,account_takeover,1
2253.6072743012596,19,0,0,39.430887465355255,1478.1562138491881,3,4,1960,0.10073668885099958,0,0.15996909978423088,0.013383446108314833,normal,0
4305.067560470104,15,0,0,5.514353421183249,2885.162428843557,3,14,747,0.08006089423882656,0,0.21964087833895285,0.0008221478318375941,normal,0
2828.70437154327,5,0,0,11.041620615304758,2818.089703997777,0,6,1616,0.22811590636529727,0,0.19083615709378185,0.15729589094668722,normal,0
2211.8275805151516,23,0,0,27.773481050516953,2140.8718355688115,1,10,989,0.014969591237232715,0,0.2096260688765724,0.24677439427032938,normal,0
4710.312830840101,8,0,0,9.952221235967823,3956.104208042492,0,10,1899,0.11210330105171462,0,0.00890275999797142,0.2893294286781874,normal,0
2636.787052585086,14,0,0,22.8155067219328,1581.8633871218747,1,2,1220,0.0016009682757137987,0,0.22281682521362536,0.020521451136666834,normal,0
29009.79735894243,0,0,0,115.43409060765578,2150.7470424061316,1,4,1548,0.16421346466819955,0,0.4039508644761774,0.4626671591406942,social_engineering,1
1949.165892138359,22,0,0,31.271287936539604,1319.2492870189603,11,21,265,0.3929928187497458,0,0.11320292179743241,0.5737931474105908,velocity_attack,1
4698.795939018339,16,0,1,25.750669345564052,3640.11215584738,2,3,128,0.2569570686239044,1,0.2530921848837835,0.14670458916248239,normal,0
152.50495870725885,6,0,0,15.5146709643387,1422.996404489607,2,1,691,0.12601465626338756,0,0.25162365151905247,0.2459959677018987,normal,0
4957.154369140722,6,0,0,26.149613845237628,1451.6641554052285,3,14,280,0.03592664466645363,0,0.031607322764783695,0.05289253782872524,normal,0
1820.8376425088195,10,0,0,357.713910650669,2761.3330440184595,1,4,312,0.42222346675216593,0,0.07744448176789633,0.29755651558848495,synthetic_identity,1
1826.6372383873065,11,0,0,1.4529105942511666,684.4130271668621,1,3,1555,0.2810168960701663,0,0.07291084211218121,0.24390323217529325,normal,0
856.8527613942865,13,0,0,43.89753402920039,3020.8877521513596,2,6,1643,0.2741033682082391,0,0.2418088219085472,0.21717507201023556,normal,0
949.1421683471443,11,1,0,30.275157295207467,925.1179173431863,1,6,1187,0.20798867466592375,0,0.06395457739794973,0.29111130041694827,normal,0
7084.505738040339,8,0,0,295.00427942284296,3817.470733114322,4,13,243,0.48629867795145093,0,0.09549520824342465,0.6172204707204272,synthetic_identity,1
1285.9081919062983,13,0,0,3.4124652842623835,2276.3676242213323,3,14,462,0.27332971104259723,0,0.14046543707318834,0.2812453698562984,normal,0
4888.671669575591,2,0,0,41.440720935589994,3480.630451646047,0,4,172,0.11675938895868215,0,0.274824823479858,0.2104477442483329,normal,0
4373.407153826342,21,0,0,16.655827894435475,3482.9942382010086,2,13,2656,0.13080249992575,0,0.06983507139002695,0.04592071826437881,normal,0
1500.2157905042595,9,0,0,8.432797966324268,3591.1404907804085,0,13,760,0.26384805748384477,0,0.06783659135661514,0.29439533946990976,normal,0
400.61317284227397,22,1,0,38.823263223824306,2006.3817715715475,3,5,1518,0.09696714828108097,0,0.14146131299036083,0.0029644561856813968,normal,0
2830.9521309077395,17,0,0,13.319745831048484,933.9416754593574,1,12,2733,0.1340763875510517,0,0.2096929736700717,0.10378308848228085,normal,0
1592.6074689495163,22,0,0,28.27617651907861,2763.6995108558035,2,6,580,0.24109496978776634,1,0.07136159200092006,0.014670653231531217,normal,0
4013.413323747519,1,0,0,0.16408946178590456,3364.663787540945,0,13,1733,0.022267779427121336,0,0.2715933443339704,0.10742294020943745,normal,0
2106.1170957370778,4,0,0,27.679580448935514,617.1662260237915,1,6,1511,0.24626375539671788,0,0.2793548782623241,0.2888981495480089,normal,0
1448.6719870813406,4,0,0,16.561325814748173,1649.6078760124235,3,2,128,0.15625973910063057,0,0.15114330737513823,0.04864218721153533,normal,0
3205.1868388510925,11,0,0,23.522315693681556,1261.4027123412875,3,13,789,0.12114932078173797,0,0.03493633310343109,0.08086582795688231,normal,0
252.7973618002949,23,0,1,6.427579893022467,2495.628956955299,2,10,1100,0.19299264081888887,0,0.1611838787423475,0.18877374127929844,normal,0
468.17513050546296,6,0,0,13.779630832198492,2558.629789840849,0,6,1943,0.10071812034657536,0,0.03526038616108259,0.14343729504815828,normal,0
56824.55378891781,1,0,1,1104.791346610029,3815.9962194230548,1,6,339,0.6191467863437372,1,0.4614660783454892,0.5211579285176242,account_takeover,1
2315.775238588833,10,0,0,0.1980917135450122,3879.1172626547186,2,3,1001,0.0325567210680291,0,0.2949165718072475,0.2531802484077396,normal,0
1831.7647585833188,4,0,0,9.61313280099692,1804.8469774969699,3,14,1132,0.029770297197444305,0,0.1429029726854158,0.13493580996139398,normal,0
179.59287172632315,9,0,0,35.742338760508524,1951.133107326676,3,1,475,0.25102030021797395,0,0.08085157958989277,0.0777850712248268,normal,0
4257.511694590697,18,0,0,30.04786553360021,3953.7598832607146,3,3,453,0.16519771391198482,0,0.18018918074109955,0.05665613065671827,normal,0
2265.963762562505,13,0,0,34.324767440747465,3640.888751428576,2,9,2861,0.18923356117879156,0,0.029219983157482865,0.09900202552630404,normal,0
4379.773866600137,21,0,0,33.34126719055755,3582.6481516014205,3,3,373,0.06900370200454937,0,0.25162637339698535,0.2955979607865794,normal,0
10336.796388532865,21,0,0,298.62433742552497,3502.4241876817555,4,2,1761,0.533660970066777,0,0.22144575580250042,0.7976760208306033,behaviour_anomaly,1
2230.6539591583564,13,0,0,25.191004936035394,3786.703063830019,2,5,1168,0.10191981160350873,0,0.25495311957105365,0.10219300436566299,normal,0
171.99760440927383,18,0,0,13.371403630460355,3537.201096433274,0,3,1268,0.08104397906943112,0,0.037774455168833286,0.25741823303051453,normal,0
2745.789938374742,8,0,0,21.230593039335137,3345.885939647721,1,9,1802,0.13523356187255295,0,0.12395605014930977,0.1305800728196182,normal,0
2044.9240533878208,18,0,0,49.03150625732735,626.4708893537606,3,5,2548,0.19575957186505688,0,0.005788031105521107,0.17697621538346542,normal,0
714.8828543158384,4,0,0,11.145558941483197,2845.028263461486,2,6,2727,0.008556359161264293,0,0.2785348887712783,0.03984288286515477,normal,0
901.2669756666115,1,0,0,12.083990785358633,1281.175359020643,3,7,1097,0.18246817687058978,0,0.14869340087138244,0.1490200965096587,normal,0
3057.0895663226283,7,1,0,13.91173113320709,2816.31522738846,0,6,1374,0.20154173838408637,0,0.12769791835143396,0.10367582677205496,normal,0
4443.2637736046945,1,0,0,9.734250315009335,3929.872875525023,0,8,321,0.24974771396895404,0,0.03842668162871118,0.18552201119327746,normal,0
1711.2117832528077,8,1,0,219.9745416302665,885.2318605898092,8,33,1361,0.3970476460870272,0,0.04616595370330354,0.709492097012212,velocity_attack,1
2275.205327081251,16,0,0,39.98813504956041,2771.8760012784655,1,6,2770,0.26614404234354877,0,0.1283895940604582,0.047846283961833144,normal,0
1070.6784005227266,12,0,1,3.0892172114385055,2810.568458810672,0,1,1039,0.006099432892029244,0,0.19577116462017122,0.1931993050200565,normal,0
4168.077336378259,5,0,0,39.65571883448459,2416.0928435182104,1,7,787,0.008645512542259048,0,0.06738651083352838,0.17975660946814878,normal,0
4249.747399701869,6,0,0,41.67617210904988,2377.412288062793,0,2,2072,0.1282582282088731,0,0.1412515781180901,0.13921897256964502,normal,0
3324.700868476811,3,0,0,49.1992994322197,2183.7485801407374,1,13,2531,0.05373226358670722,0,0.19727443018638685,0.06658521269140755,normal,0
3686.770314875885,6,0,0,21.810438211131157,3896.187944536979,0,11,2782,0.27162870411754175,0,0.03198031346690644,0.03536587024477101,normal,0
4919.255216304588,11,0,0,22.87736145546248,2443.9367364175296,1,6,2467,0.21244439853318356,0,0.0012292602937807539,0.2506285608433456,normal,0
3017.3865848682144,14,0,0,6.893910961597377,2769.205666032333,2,4,338,0.25788343939959124,0,0.06203275290600974,0.14956921262847525,normal,0
2767.963430721288,17,0,0,41.83195087034832,1682.5273027524527,0,10,1794,0.05412931034701711,0,0.2462765618620817,0.017011919699304243,normal,0
2036.1749419951611,12,0,0,14.5589083950186,1569.6254035789766,2,3,314,0.13792433119507372,0,0.2842120746634426,0.01003541422164521,normal,0
2298.1920916772588,10,0,0,29.69149370575711,1048.4266684838008,2,6,1045,0.1422077504183003,0,0.22108359262087895,0.23681308547264393,normal,0
1443.3872661430487,13,0,0,10.512738464712962,1101.5325207287365,3,12,295,0.03575421576970898,0,0.20845594046109464,0.16411380552760624,normal,0
1904.7166994835568,5,0,0,35.03061118191582,1828.9682792536105,3,14,691,0.2305196465414614,0,0.02202507925407484,0.1860631597023585,normal,0
12401.950754521562,4,0,0,482.1266140173107,915.1036897081826,2,19,1060,0.23008828086066402,0,0.07751030814659854,0.6595161892088286,behaviour_anomaly,1
4957.506717664681,12,0,1,12.952707458155782,1954.5713143706796,1,6,1853,0.22926029065552928,0,0.044155420979755056,0.238382292866139,normal,0
784.8846454688186,8,0,0,45.463035415549584,2773.2146993706815,0,5,978,0.17335905734729776,0,0.058733698959343945,0.07068397913917157,normal,0
4484.6540170954795,6,0,0,32.70587420890054,1041.3047506491873,3,8,171,0.1290311701829648,0,0.21874826369386283,0.027140094335988563,normal,0
3609.984601507143,1,0,0,42.25667627602475,1616.4974645645057,1,1,1552,0.13123467582745046,0,0.21411246794450337,0.2905886344348632,normal,0
3316.407057153219,3,0,0,19.477375694946904,2571.046108041708,3,7,1115,0.05782786660521269,0,0.220948315890448,0.2276559008600671,normal,0
4743.671327225907,6,0,1,47.32547705899327,2575.700992413731,0,7,937,0.29058737019031766,0,0.08217526054379184,0.26458147373075647,normal,0
3983.7160698130783,3,0,0,2.5475542896831738,829.7037380075274,1,7,2911,0.19872295570583282,0,0.14916272626189236,0.05014542244434551,normal,0
190.11431508258698,0,1,0,28.58595502125212,2076.941664577198,0,14,2953,0.14025509363421754,0,0.10324457371420279,0.002380122629391779,normal,0
42663.77650532557,2,0,1,939.2175290558181,2806.2394011987667,4,3,1534,0.4335115446171528,0,0.3992632235520949,0.4337133689485739,account_takeover,1
2733.238454395822,21,0,1,34.95385916397123,3426.892532799909,0,2,2401,0.06783634427976262,0,0.21813745322538602,0.1473362979475121,normal,0
4686.092516417942,1,0,0,38.5045190702387,1359.094189137018,2,2,1627,0.25076849933399037,0,0.08344010702006545,0.17610662690411036,normal,0
565.0978904261816,10,0,0,14.712178804213744,2786.393469739177,0,5,1879,0.10027322078753283,0,0.2782334341629948,0.09156098110131429,normal,0
2323.5687527798323,22,0,0,24.329708774351445,2389.72210752842,1,11,92,0.030859674841246375,0,0.12972896389205077,0.28656726008949157,normal,0
2346.313978244046,10,0,1,12.174123830291045,3621.078442737835,3,9,925,0.038397577321945965,0,0.0670271970128803,0.09958070396433534,normal,0
4019.588818328628,1,0,0,43.68446816950418,1039.7026992326241,0,13,272,0.12997512713180243,0,0.19627429071336286,0.2734847586814842,normal,0
745.4709899273533,6,0,0,14.116119874500399,1532.1679060505521,3,11,1312,0.284075240959627,0,0.20583580339603189,0.0015290342443622705,normal,0
200.86402204943198,15,0,0,5.019795952643053,1213.8681105806834,3,6,920,0.16065705322661195,0,0.1164528181754436,0.21325049701432275,normal,0
2874.285387002847,14,0,0,2.1891960334937455,2422.047596988489,3,2,1057,0.13671605611526982,0,0.2489081538764766,0.19878854845493904,normal,0
3323.4419925548764,11,0,0,3.714926911796712,1475.5626735849648,0,9,2146,0.00614864890744069,0,0.13513849161930294,0.06806263302523793,normal,0
4678.398372368173,14,0,0,33.623997479125336,1300.9162147684742,1,10,188,0.2742291831884088,0,0.09758891779328104,0.13774919243671313,normal,0
1862.0737079121889,6,0,0,409.3714564405973,1314.4825197986152,4,28,2879,0.4798585324896034,0,0.3282108971070548,0.3805081911142763,velocity_attack,1
3401.810601523023,3,0,0,33.29253047464974,3469.4536494684644,1,9,596,0.10681405069702903,0,0.2049251990834753,0.05191625733739078,normal,0
1456.8319881512637,9,0,0,39.07172573623074,571.2566332971734,2,4,1669,0.1793663431859225,0,0.12787297918186216,0.014036207244123255,normal,0
9527.482179153738,18,1,0,149.67593073330525,3318.4165613207024,3,18,23,0.4793320300178979,0,0.2829720435618525,0.4751724516277399,deepfake_identity,1
15857.500417352876,1,1,0,484.61717728548297,3410.397869410592,2,4,258,0.44049251113807775,0,0.21716601093385507,0.7701856536454736,deepfake_identity,1
3372.242947809392,18,0,0,34.521487852979625,1582.9895505000416,0,2,1840,0.10306393499077156,0,0.14470627727334365,0.18884281542708858,normal,0
2007.548508805685,22,0,0,21.923417056107887,1784.098030731211,3,8,559,0.27064833511303404,0,0.10840849734203319,0.0845280983057663,normal,0
3701.6234123301347,20,0,0,11.889421055578564,1957.8686411631522,3,8,1427,0.29899279224639325,0,0.01956380237500427,0.21468366254417515,normal,0
121.38002128651453,1,0,0,20.896110281446052,658.0133179266745,1,6,2591,0.13452018762442233,0,0.269712740550359,0.17622646624072888,normal,0
410.53735531656196,2,0,0,13.59672806048209,3362.4730876117324,3,3,2867,0.23549451959964976,0,0.294568403128598,0.16583990246493602,normal,0
3831.402095415614,4,0,0,4.464312576556528,862.1498044737275,0,7,55,0.021170891555101646,0,0.19910909635647553,0.2117357110823053,normal,0
580.2376554256311,16,0,0,32.49720169408109,3732.9119529020736,2,1,1954,0.02358227213948213,0,0.15207886818871408,0.1759490143757472,normal,0
280.7460420372107,7,1,0,13.117407503338786,2678.553111912895,3,9,1082,0.03807809982611746,0,0.20117125461783283,0.10448036330841297,normal,0
4862.826115194532,10,0,0,47.398478277224875,656.5449314288653,3,7,2849,0.07506021533383075,0,0.03867037534903432,0.1550687195909474,normal,0
26304.554156924627,5,0,0,180.1406842993167,2918.1279843713774,1,6,2898,0.43616524225770964,0,0.46447337768233127,0.6883626715526776,social_engineering,1
4108.038418183405,8,0,0,12.770568799135408,1741.053423541411,1,13,565,0.16623401462706053,0,0.08749179661346465,0.02761096711698392,normal,0
1503.9457897429024,8,1,0,13.004256806822317,1002.304978973917,3,11,2054,0.02700570655565081,0,0.07531927475455216,0.17099211214975593,normal,0
2345.673143490417,7,0,0,11.19743616836204,2738.908442327999,1,9,471,0.22375276222126597,0,0.18207711530424622,0.07395090285294192,normal,0
687.4663580162893,3,0,0,30.507654194956928,2249.359280929449,1,2,2758,0.14824596707942872,0,0.15564453748107374,0.026050617755916484,normal,0
1948.8584644196449,23,0,0,1.5560072851624196,2546.295173386424,0,3,736,0.17854327591165933,0,0.08241591258418186,0.12959156774737682,normal,0
1129.5252452705238,2,0,0,14.34272169469053,2602.625791790805,1,1,2025,0.06606480280327513,0,0.2406092962569696,0.02877713099285707,normal,0
1474.9439848657883,16,0,1,20.3919653337555,2111.6828822806556,1,5,2132,0.26835687006184855,0,0.2077741750832189,0.08588432831815353,normal,0
2887.8818680810687,0,0,0,8.544817410607447,1802.7735788496818,2,9,2722,0.07281009596079052,0,0.19329122172605445,0.2339922149336793,normal,0
445.6246242054871,9,0,0,19.751681613837636,1397.3900256336044,1,9,998,0.1965796852640618,0,0.2674174944581326,0.043697281088952544,normal,0
3061.3606666023784,19,0,0,10.922796371766296,1017.169871228252,3,5,978,0.169372610069139,0,0.2842257380151242,0.26419504391366755,normal,0
1517.2993826660072,10,0,0,2.5141435177239266,2481.653494844352,0,7,2661,0.28916775681227913,0,0.2380678875275795,0.23092380719529057,normal,0
1620.7735987255114,10,0,0,5.167029072708928,1242.451245135826,3,4,2831,0.13227854079889448,0,0.06931729771384385,0.08268586851242753,normal,0
3946.5810648015786,2,1,0,47.4354357858556,1746.044545021488,1,5,2572,0.23701568054761823,0,0.1184598798676095,0.2035467084847253,normal,0
428.38103498092886,22,0,0,9.041266557618693,935.4117685933081,0,3,746,0.07558864308936877,0,0.21599597428034456,0.057984114872164844,normal,0
4069.5556339279856,4,0,0,27.15765618532158,3619.119777066001,0,5,1292,0.27927038387469355,0,0.16784125213753576,0.21778797006714604,normal,0
175.7374209914504,3,0,1,14.94680284182418,1016.8703324350148,3,2,1111,0.26875692771636656,0,0.12657339363729694,0.14634819235536406,normal,0
13497.433225245999,19,1,1,639.6505761417272,1191.9675282056503,0,18,99,0.6674503473836062,0,0.2075178941036704,0.5463791383758775,deepfake_identity,1
1271.4252819676453,17,0,0,29.838911380417677,897.5411519526996,3,3,846,0.05414847962517383,0,0.03227631417896499,0.06349928923007998,normal,0
2373.2691847728474,5,0,0,13.31812313420092,2942.6818572625484,3,14,1221,0.2493790799227241,0,0.2599109025792227,0.07788739729639674,normal,0
14127.115527917475,22,0,0,862.9626327549092,3679.41045351366,0,9,2218,0.21097384676389286,0,0.23207288630771772,0.8465002282574434,account_takeover,1
4612.125224825124,4,0,0,3.546882590415973,3316.8436134238327,2,3,784,0.22396097514420957,0,0.06557981343345255,0.29878950913969077,normal,0
3490.8551541386078,21,0,0,14.303447114925316,2889.8283012446823,1,2,1993,0.23498888906770932,0,0.1353047238949138,0.04784926004734278,normal,0
46788.70343541229,20,1,1,1158.5510264583693,2502.3977357285485,4,4,2887,0.45743796695111705,0,0.3843195406846178,0.48600819479297636,account_takeover,1
1813.5458257546627,0,0,0,19.33911488700743,3800.5774054986564,3,1,1637,0.28371652647699663,0,0.16403114308733938,0.22908673915597927,normal,0
4018.9384857843384,15,0,0,27.906954939600958,2783.784207602395,0,9,1725,0.16694739224903227,0,0.2583471310265752,0.19219187115403064,normal,0
4413.542334529742,6,0,0,39.467094769590254,2934.618470076625,2,13,1198,0.21453095356712756,0,0.21103383900839248,0.04491140184646179,normal,0
1854.9973183609184,16,0,0,25.683739610834284,1224.1090691007894,2,12,2253,0.032633619069784126,0,0.014892276484895616,0.2261591574020399,normal,0
2201.8272338077068,20,0,0,9.261915156052709,2826.1096765997995,1,9,879,0.2342339396376735,0,0.2584500289233372,0.12673996689023526,normal,0
2251.7610519940704,2,0,0,26.461916828855504,906.9385294319283,0,12,1889,0.012103727619710335,0,0.001340680778745029,0.1839158078934318,normal,0
2250.959961457617,21,0,0,20.229591652294136,1929.6273832939194,1,3,868,0.1357770076618652,0,0.2655855354036067,0.061547044387682756,normal,0
2398.6253341331358,10,0,0,20.430406995985194,3315.0246059415663,2,2,2289,0.27867547816677307,0,0.19454727786746223,0.12887155930790803,normal,0
2529.791101885977,1,0,0,39.13413802782331,2391.9359139863905,3,6,1717,0.08438391481786248,0,0.039603683017623015,0.04324683314588249,normal,0
12457.79722657061,2,1,1,264.9750169856891,2067.4765066496147,5,12,371,0.8617306088178629,0,0.4873428295643794,0.7601314635800955,deepfake_identity,1
2551.3648225180254,10,0,0,6.816209841697157,1243.3217020791567,1,8,480,0.13104363482034054,0,0.16758026578312799,0.28287513345763077,normal,0
3430.139630402028,20,0,1,14.178274125733969,3801.70452274376,2,5,360,0.21923260835494457,0,0.18711991184484522,0.14285874916929128,normal,0
4355.493081899773,19,1,0,4.966306930581366,2398.6304034437144,3,8,2322,0.26578673638831934,0,0.2654378063248389,0.22213247581374362,normal,0
3835.9900975068554,0,0,0,46.02918595445433,3927.0796922429954,0,6,47,0.16796874323897393,0,0.0886349424469475,0.2097143928168338,normal,0
293.01998509481507,2,0,0,40.165637819209046,2792.09789398669,1,9,1110,0.18647115176136644,0,0.24180867049985003,0.06126945165606898,normal,0
3452.741829909569,9,0,0,10.234641479149065,3450.2618493389496,2,2,2573,0.005243336514181429,0,0.042035301198763066,0.06567380690395543,normal,0
2788.0832337679735,6,0,0,8.230794701971899,2327.9360129863644,2,14,144,0.05378364667101093,0,0.16273245259219296,0.2747367448494904,normal,0
721.4377104970521,17,0,0,29.600983352106613,1008.2352121394729,3,11,2819,0.21258545106260604,0,0.08211147353573668,0.28380937323675,normal,0
4103.927895876367,21,0,0,31.249332513816903,1765.5188734267242,1,10,749,0.2909774533914661,0,0.28559292630039623,0.09036566507646074,normal,0
21722.790021781446,5,0,1,198.75615504910823,3941.0677464366913,4,5,338,0.8086666855905849,0,0.4912298777893607,0.7633683207624233,deepfake_identity,1
3293.034826338655,8,0,0,23.973197229216396,3932.8359239054107,2,4,2152,0.06021046265231175,0,0.015575110536181724,0.28177645628126313,normal,0
193.73193554270637,9,0,0,35.436490930322755,951.7405861455198,0,10,510,0.02023351445317818,0,0.027634397880278605,0.15050296096963622,normal,0
3199.847276356346,16,0,0,47.99676268938644,2589.9476864735693,3,6,2487,0.26653322152764086,0,0.054486947098963685,0.16360628449812145,normal,0
4380.535258123208,17,0,0,35.08281843724219,3825.3631444303846,2,9,2450,0.1677681350074199,0,0.15283234400243417,0.15801050122471347,normal,0
7489.909845730155,23,1,1,231.35925451271527,1948.9234368912519,4,3,293,0.8129864923396982,0,0.22191557051628524,0.48479948068977197,deepfake_identity,1
4888.153502684455,1,0,1,12.465890326004814,3599.8077027201593,1,8,878,0.04640553792199,0,0.015774768546562644,0.04119667772951811,normal,0
752.5924157708647,1,0,0,26.991070158584286,3884.5185333330746,2,14,2839,0.08360194579410013,0,0.07451825376069503,0.27824053817454775,normal,0
655.1871731645746,6,0,0,4.300681778601784,2576.37155390919,2,13,1671,0.07164452310395378,0,0.1277636673874954,0.11472899197270195,normal,0
941.2285006566872,7,0,0,8.085367306767811,3648.9465246078985,2,11,2935,0.13436975775691906,0,0.2668176231915895,0.2776859747016637,normal,0
2001.1351237396605,19,0,0,41.29125953523654,1936.6449243537156,0,10,1490,0.1351113746840078,0,0.03225233473115745,0.20363307042447526,normal,0
14092.867996082996,23,1,0,51.41849719389657,517.8033425149239,3,12,2470,0.5018939229900865,0,0.01737071660073719,0.5426162574886846,behaviour_anomaly,1
21533.151725248634,0,1,0,1056.7481309829122,3649.3859196433204,3,2,892,0.7586397279014836,0,0.33593429213664694,0.8869785263560312,account_takeover,1
1797.09537239321,2,0,1,36.45833514052922,3858.8189648385646,0,5,890,0.05211007980409819,0,0.27820971392313115,0.2109223628304569,normal,0
4678.73653134702,6,0,0,42.04168454570429,3487.6154210467885,3,8,894,0.2536236624884552,0,0.18546437863407578,0.23815432160731642,normal,0
2994.125386573725,12,0,0,0.11264913064618631,2203.828130941503,1,7,2590,0.2371445335990092,0,0.1431464556953542,0.26575505420329976,normal,0
1857.2457515725978,4,0,0,33.266402629018934,734.4098545396143,0,6,1666,0.07176479565267346,0,0.0745706511486226,0.2999153168988592,normal,0
279.74769416392974,5,0,0,12.828133495160642,728.7964454205794,2,11,2394,0.04552848417395256,0,0.16741044109209993,0.17555004673590566,normal,0
3419.9744454005017,9,0,0,46.596063211940454,3507.9403446381452,0,2,2341,0.18755374940257205,0,0.2493858395572282,0.00925394857936066,normal,0
4698.562575249358,22,0,0,30.562725321137872,1625.7429212693949,0,9,1343,0.25657171725689065,0,0.2934667349424498,0.13702130473335072,normal,0
4953.475195803299,17,0,0,32.04740953311805,3747.6905653374542,1,5,523,0.03888899705126681,1,0.27531756389529816,0.10244296651229438,normal,0
1830.2041557981086,15,0,0,5.779593019564433,1531.9775091758042,2,8,2193,0.13833454895291522,0,0.294532253323847,0.02567050443243929,normal,0
1192.3086714201334,0,0,0,588.6553852478331,3910.3747825093037,2,1,384,0.4189340700303186,0,0.30400384101669375,0.6413869992149595,deepfake_identity,1
509.27208193209196,16,0,0,33.49979367646392,3895.313011097434,2,11,2316,0.05964935592918194,0,0.25378366019572174,0.25944888262138316,normal,0
605.3069572960698,22,0,0,34.08492474578574,2358.009213645215,3,12,1570,0.015406504727732017,1,0.10765032568130466,0.057716104891035735,normal,0
481.4969460829711,4,0,0,18.00545442958213,2771.1657449594195,1,8,2997,0.17971875399334772,0,0.27312312692343305,0.020982362261939246,normal,0
3331.602766339774,10,0,0,10.812823961397623,3578.4961813324353,0,1,988,0.23928117883001568,0,0.011982290816265794,0.014333740858528099,normal,0
1627.3842728381137,9,0,1,4.173805234855399,3263.976858890964,2,10,2005,0.15036373469121186,0,0.012405267810663544,0.2477602781101812,normal,0
8509.716360467693,3,1,0,179.59873048751558,2160.580633246678,0,17,1746,0.5369704242220443,0,0.1780457395666099,0.8379988329499075,behaviour_anomaly,1
7725.841431914833,11,1,0,572.4139652237862,3108.2569716547832,2,7,18,0.8620070108544993,1,0.22008872807857205,0.707392243964049,deepfake_identity,1
2393.5383657480215,19,0,0,47.33280154429223,771.0020267510674,2,8,899,0.1973843116132666,0,0.09821669188760039,0.2166659315702709,normal,0
402.8614573771909,9,0,0,35.96612769023601,1461.0279260155094,3,12,2594,0.1521795478770364,0,0.18376777370108383,0.0021984363764413926,normal,0
12353.692927413735,1,1,0,319.1492978553835,1497.618240789147,0,14,276,0.7107644086792192,0,0.09722289413744858,0.4429842836738642,deepfake_identity,1
214.42527200811097,1,0,0,23.81822471945857,2921.737158442708,0,9,2596,0.004249878288640474,0,0.07184041155481893,0.25387141447875805,normal,0
2723.019644117699,12,0,0,47.32014125110502,957.1316663996674,0,12,2114,0.2744366589894624,0,0.29595671859676265,0.16804838649603357,normal,0
17887.137428086575,2,0,0,400.2350340614128,2469.6586330299,4,9,411,0.6483394453104303,0,0.45511409865753993,0.4950637567008652,deepfake_identity,1
41695.98021060981,17,1,1,57.800293336676845,2266.506099819124,1,14,1495,0.273956107921873,0,0.2267791558858253,0.816213958492733,account_takeover,1
3850.2804829043994,4,0,0,0.7244340297541618,3843.8150473242117,1,6,465,0.18866044779979105,0,0.20882178695040168,0.1803402741061204,normal,0
2423.4517625278936,11,0,0,49.533742563559464,3029.259038533039,3,10,522,0.046090524868333316,0,0.006907005236491193,0.1872927313776294,normal,0
1262.5205287343204,11,0,0,38.246965920080804,3325.436098118931,0,4,1752,0.299105226339465,0,0.14308810986923726,0.1446730544785392,normal,0
271.0666080154966,4,1,0,16.612715909469202,815.3299210886247,1,3,1341,0.15367621901294956,0,0.035673030562505044,0.1261364592864096,normal,0
2366.85248802265,5,0,0,31.41444972926607,2626.036770488034,1,10,1800,0.15766790855215773,0,0.09893596938354339,0.22576909314486562,normal,0
531.3481938938991,16,0,0,44.8173455058028,1039.4819422999958,6,35,147,0.2886193497326213,0,0.24642958054917924,0.730122184965103,velocity_attack,1
3684.3326738113815,15,0,0,38.358566508590435,2231.9249681085466,2,7,249,0.1857851582450372,0,0.051117241221761846,0.20057636704586315,normal,0
1266.918602961912,3,0,0,15.103645039458485,2812.883213175243,2,5,1818,0.18451615921623296,0,0.15759298735491542,0.023906103836600256,normal,0
1313.8818485556715,8,0,0,38.138240556058065,2753.887181498218,0,14,2993,0.25334696703818815,0,0.2686958537568182,0.16403320416806286,normal,0
2901.5553174043685,15,1,0,12.388591445108421,2014.213572196042,0,1,2700,0.06837442231587279,0,0.1745635496504818,0.08460751946907308,normal,0
9025.375025966601,11,0,0,346.4792389670242,648.5518472081786,4,6,2929,0.3423266955753674,1,0.44312990862335183,0.8062142282834144,behaviour_anomaly,1
4399.603228606961,14,0,0,24.881003266232348,1872.7684372927713,0,1,1696,0.02241064826880823,0,0.27295547683163573,0.02793824793536198,normal,0
7887.329546062849,21,1,0,365.71945222191084,2356.0002171849083,4,15,1927,0.08738603787212991,0,0.35262059826460546,0.5466980816081725,behaviour_anomaly,1
3078.7355490444484,6,0,1,3.6965195379078275,3282.6841240742733,3,2,532,0.16279805608801834,0,0.16926018437002888,0.06513871059461895,normal,0
1494.2527898169756,20,0,0,40.94375852194707,2198.259551562655,2,14,276,0.1556424303730872,0,0.0817071713754996,0.18255014005693165,normal,0
2860.700985970885,4,0,0,43.90917049403483,3533.901052354594,3,1,2068,0.2765437218469581,0,0.2045742201605291,0.1032793738192115,normal,0
1156.808246748814,12,0,0,17.712009931689376,1623.8071575763709,1,4,457,0.11895879084937022,0,0.10426543325268267,0.0050523045587803845,normal,0
181.28036174649515,16,0,1,20.093475782462445,2994.1943708895883,1,12,414,0.031146481576860563,0,0.2452686758628374,0.1608358880883013,normal,0
4821.051742624205,2,0,0,49.67081786379047,2643.308355087321,1,9,264,0.17929273114979602,0,0.09313122046594893,0.2869748025368583,normal,0
15111.347097836571,6,1,1,197.04986743257385,3630.7248748963357,0,13,528,0.7781563021297462,0,0.31004726278076356,0.5294738479137329,account_takeover,1
4324.794570925125,23,0,0,6.30031933168369,1640.290881609688,0,6,1642,0.1024841353925842,0,0.15906568455368578,0.08242124614011981,normal,0
1887.6301040182136,6,0,0,21.521900325574027,2669.071927234823,1,11,1663,0.06306855554108214,0,0.25986652645128194,0.08241641352758959,normal,0
1891.4521794311624,3,0,1,488.3066597884076,2999.060436099498,7,22,1275,0.10316820348084837,0,0.3539569899696249,0.639078726593933,velocity_attack,1
13345.12471887287,9,1,1,274.1802575880564,3215.3336589888977,1,8,1965,0.5286253135642698,1,0.0007586610479352607,0.670714759328559,account_takeover,1
676.9803061616916,6,0,0,21.07646824235136,665.3269579139984,0,3,2677,0.16558081417399775,0,0.14284199567711892,0.1761432792123986,normal,0
2004.518719478462,21,0,0,18.597747886884985,3725.5001561179815,2,3,2985,0.22975166636729266,0,0.02958540589672587,0.10067484816854429,normal,0
4356.2535229824925,1,0,0,15.953487743434286,3146.81879765106,2,12,1169,0.2786271863664709,0,0.23665406973948477,0.07957695853505493,normal,0
25903.22534538666,5,1,1,949.7225770510371,1606.2199588050025,1,13,2320,0.7074425741817914,0,0.3962228190547639,0.7063976716412241,account_takeover,1
4037.657323663522,16,0,0,30.230025381859406,2749.59149335414,3,3,2027,0.16299382172925636,0,0.2502452907427274,0.1191421673316699,normal,0
2480.7716200129958,21,0,0,42.38965450065152,2345.4782911669045,2,1,685,0.10802860722639754,0,0.1306502106296227,0.03174156621794853,normal,0
2498.3185253600586,14,0,0,10.011197020365332,2354.1809488504414,0,6,2266,0.1792171737122182,0,0.2772888290516559,0.14190470633567392,normal,0
3509.168576024624,19,0,0,3.324340150743599,1616.6478501855497,3,13,1299,0.0398557536120097,0,0.18699407018591635,0.1769390648573996,normal,0
2073.4234752594707,3,0,0,27.151211464849794,3233.598146800314,2,4,380,0.18554348827708092,0,0.027588924792513913,0.09389932324319672,normal,0
4739.10559899198,13,0,0,43.93095278524897,3588.6140174671295,1,4,1264,0.007298646173474543,0,0.09327078907906347,0.11635690415688314,normal,0
580.6046458427985,7,0,0,49.34614782518001,2132.4605845525502,1,1,2146,0.09300763001138539,0,0.04045502603344967,0.18061167491648747,normal,0
672.800399470984,12,0,1,47.70567793702691,2611.9368778410876,1,10,2373,0.006424661601205706,0,0.09109169484273845,0.1171385754995322,normal,0
4486.076929462029,13,0,1,16.675816219422966,624.9550010000717,0,6,142,0.12764283201053314,0,0.023539017418041673,0.2776755474871704,normal,0
2617.1684905549937,1,0,0,29.021493180937924,3696.091532643704,2,4,64,0.07730313297519818,0,0.019685873515973118,0.089585866966649,normal,0
1778.6963057745459,4,0,0,18.26732660721137,2219.8042184653846,2,9,1534,0.12364092870872095,0,0.014645558997152718,0.19393821398174263,normal,0
2638.006585791637,0,0,0,11.4407737999485,3870.352776636045,0,10,1566,0.018283623724873885,0,0.2293263689403181,0.1520263063433465,normal,0
20124.98644722791,17,1,1,935.4010470052325,748.7843841682723,5,13,2468,0.6195787131316923,0,0.3719546395837573,0.5300184788562176,account_takeover,1
3678.221028694899,18,0,0,24.04012539186266,714.8730420975908,2,10,2129,0.15000760576880864,0,0.003959424714366766,0.03833154889944521,normal,0
4982.036188678036,6,0,0,7.708082817697898,1205.6467048680545,3,11,1265,0.19642026268971421,0,0.020894997321600394,0.09496525595433802,normal,0
16982.856905246757,22,1,0,430.80525754648363,3880.92433373923,2,5,87,0.6037378875170369,1,0.3795711837845449,0.4395484029733881,synthetic_identity,1
598.8380464527309,10,0,0,5.9513288971535685,3773.905345261251,3,14,267,0.17078514529052077,0,0.06411683098026054,0.14875850421004266,normal,0
4104.388780985957,21,0,1,46.6905637504984,747.8315001841752,0,5,1760,0.09436413893804199,0,0.21541863879868814,0.09885871302020806,normal,0
4270.913878838966,0,0,0,6.936895561338879,3809.355352134483,3,1,489,0.2649608153096496,1,0.21353264118053342,0.11357601960373738,normal,0
3289.7699890396752,3,0,0,27.922460033999446,1761.5109068817649,1,6,1556,0.050567568816091236,0,0.16740018508207552,0.14951895661391393,normal,0
47613.70267789274,17,0,0,594.6141069387124,3914.9712943343193,0,11,1212,0.23557553894392397,0,0.22808596995028263,0.4454027971925769,account_takeover,1
352.2458811249478,7,0,0,3.251964967535165,1877.8458014151308,3,3,1373,0.10433283151409466,0,0.218515330306041,0.15387275131325376,normal,0
3981.736854528213,11,0,0,48.00877193591666,3901.3063141685593,0,14,347,0.059720523171680626,0,0.2495384390885899,0.06959370040821618,normal,0
3481.229753206303,3,0,0,43.406180561067735,2598.2690409414786,0,14,811,0.023710303620352046,0,0.1727460068623208,0.2778878588741194,normal,0
1393.903724999222,9,0,0,20.075445023725447,3478.2859443159073,1,9,2568,0.008898223069284316,0,0.24777800698029404,0.19290354119076425,normal,0
2515.489161113714,5,0,0,12.868436493911673,3908.895758149193,0,7,1852,0.07903248140607404,0,0.04092996885737098,0.22914588634828797,normal,0
2631.822087608712,17,0,0,46.672091487995324,1845.502564980593,0,14,220,0.16774464854708995,0,0.1678915506126019,0.18381145010088965,normal,0
4122.80698476579,20,0,0,1.1994703739760415,2220.4621085159424,3,8,108,0.005176951664030416,0,0.2116109406947134,0.03907956510317344,normal,0
3890.018315864343,9,0,0,28.763149452541874,3080.939068888413,0,6,976,0.10384504437873657,1,0.10118850876154292,0.2593268617685379,normal,0
3651.968596051074,21,1,0,389.3458695464327,501.6421642913133,5,10,2226,0.5259279146917715,0,0.004469251647404193,0.4879019419670563,behaviour_anomaly,1
56539.554352686275,5,0,1,492.1736150185093,2976.5046171829563,0,1,576,0.3796044650721918,0,0.09713339180664854,0.7498263605468702,account_takeover,1
3173.9117819443222,19,0,0,21.1002402924294,1262.9100410403364,0,10,1656,0.24843530999791727,0,0.20539711685037068,0.11160780402940809,normal,0
4034.1593109627547,9,1,1,40.05206420040292,2277.5446060616396,3,13,247,0.6591130170230339,1,0.0658488928574105,0.4878877921612988,synthetic_identity,1
3937.491011526116,16,0,0,32.657299404723595,870.5854263338979,3,5,677,0.23100132397572976,0,0.06998125792326064,0.1051217862321481,normal,0
3390.247828469314,6,0,0,23.145384420235832,989.9301092388182,0,2,2856,0.27788244700290393,0,0.007216545716265587,0.14185630142227726,normal,0
2531.6678891235715,17,0,0,38.33875997629942,2576.230433455883,3,2,832,0.21161491650014946,0,0.19457906740597292,0.2970669642756605,normal,0
41596.01249565841,6,1,0,47.250774291197686,2749.249398151465,1,17,514,0.15632273540841748,0,0.7013670964263307,0.6747590494181519,social_engineering,1
3135.980978999365,21,0,0,44.77317788794868,854.8820934155469,3,10,978,0.18647076795352432,0,0.19607673146737606,0.02171773600205319,normal,0
2362.4091046842836,19,0,0,14.376009931606381,567.6450171321425,0,13,2168,0.28956509299819755,0,0.2984063654662824,0.15749006556055864,normal,0
644.8676633001415,4,0,0,2.749093781144063,778.2625412214832,3,1,1997,0.2515055916901682,0,0.009042155328990687,0.16229444237676646,normal,0
3482.93466028389,8,0,0,25.86259127193217,2690.5794154952578,2,7,904,0.2748488798478466,0,0.040764464168056624,0.10362900159056727,normal,0
1997.6446159817224,21,0,0,27.700104084279808,2929.248373448978,3,3,2209,0.04634835010014452,0,0.23005749456611937,0.2423289753636062,normal,0
3487.1086525513474,14,0,0,15.231278475816529,3856.8125093167687,2,10,1995,0.061533198225711246,0,0.258669120105397,0.03823207605243355,normal,0
10679.821595452617,18,1,0,124.33189235580282,2650.2915659552345,3,11,456,0.1456295042368469,0,0.6628306439383453,0.5014517207372118,social_engineering,1
4409.951089262493,22,0,0,49.440176261632566,2842.098829402557,1,12,2121,0.28970164507499746,0,0.1707323533930186,0.12434791706653751,normal,0
4134.038742132148,8,0,0,10.171375107706876,3530.8454273441143,1,10,1777,0.16475330763871843,0,0.11326527859927327,0.05435790196510596,normal,0
14072.602777622767,14,1,1,552.9918432699411,1095.3467805139799,2,13,2746,0.734745226985128,1,0.3095479056317596,0.7226064345449454,account_takeover,1
2855.254397801758,15,0,0,18.118329093572033,1101.1795654041762,2,14,981,0.16058053248857942,0,0.1199557916442375,0.15283489626672725,normal,0
1561.5350257472014,22,0,0,35.42239229081416,2658.521918274574,2,14,234,0.09958468923354662,0,0.08617428908604542,0.14203026087578335,normal,0
6508.238221740137,11,1,0,34.858763674844475,1547.9177625629986,4,8,200,0.8370147109007373,0,0.06872774984293985,0.24078814314345898,synthetic_identity,1
697.9873507394162,5,0,0,13.788630715101057,2993.7794745460365,1,8,166,0.29898857862738654,0,0.19702188805570406,0.053399371909754835,normal,0
1964.0580367870555,18,0,0,19.08897192549272,3705.4858497961336,0,1,736,0.09424005507762147,0,0.17614146285230264,0.15896210962543245,normal,0
4952.628288588877,5,0,0,44.17600468370844,3453.828584118465,3,5,1447,0.2497321184287333,0,0.10457133156139421,0.1358634835368731,normal,0
4201.501513690407,18,0,0,26.416179077918912,572.0916866437152,1,13,2090,0.14112012589335846,0,0.23320836603865513,0.05899156753095133,normal,0
3563.600984853324,11,0,0,30.804405956491408,670.6350705013582,1,9,2784,0.04907382279519525,0,0.056535447661642486,0.260502048428216,normal,0
1013.4570437844754,23,0,0,43.786064903458374,3566.65846284535,1,6,2772,0.2652435259587953,0,0.1809903562881925,0.27569854233365376,normal,0
20403.558406486944,18,1,0,231.11743556416806,1990.9874603473877,1,3,217,0.8785232188044563,0,0.21038131812513766,0.6633678376899272,deepfake_identity,1
4266.705205487488,5,0,0,3.5222469089680297,1870.4656119277013,2,13,845,0.08873356679681062,1,0.0240924786160298,0.11125061455145425,normal,0
641.1161307144031,6,0,1,32.15730713602081,2407.504365073127,1,13,2620,0.1355311071984436,0,0.08208436496342486,0.015143068367153355,normal,0
1270.1014357695424,15,0,0,38.43319152543022,2883.6310935694883,0,12,1527,0.06975181532882607,0,0.13006919057388933,0.15724627354619236,normal,0
4934.533934655759,5,0,0,7.584522453464048,3067.9825832417123,2,10,2349,0.17915799303401314,0,0.09719779139165584,0.0009686655456753512,normal,0
2475.01180693723,8,0,0,38.458264106166,3857.892063488369,2,8,438,0.0956022425616015,0,0.07264605666415283,0.001370750885785299,normal,0
3853.9680706983722,15,0,0,18.74168492885797,1347.5460333015951,3,1,403,0.288159245175777,0,0.2985147923179238,0.09405635100635241,normal,0
4687.44000659408,6,0,0,21.514281312437856,3973.8451309170136,1,6,2501,0.2875840354001002,0,0.2820059638928579,0.17660599714921116,normal,0
2946.656861452079,0,0,0,40.398892455707,2789.469262406682,3,8,916,0.03447880246310615,0,0.23012379663344756,0.18549278061996785,normal,0
3574.3965453094906,18,1,0,19.63795672773463,1588.0964518019316,2,9,269,0.043087929864633355,0,0.07805839224194097,0.0055487722291618575,normal,0
1475.7845759601935,7,0,1,2.5579757098135647,1793.830921229645,0,11,691,0.2530443674541132,0,0.15904638844666466,0.2386054263381448,normal,0
21038.513581496893,16,1,1,715.2320941696468,3093.4197351803496,3,7,646,0.4440019365820802,0,0.46203240783460675,0.6907922732234022,account_takeover,1
755.7589786984964,18,0,0,25.79010508327396,3754.1603420816846,0,6,2207,0.29004492775193524,0,0.20762731170394413,0.09906516631332739,normal,0
4063.248985109252,8,0,0,10.321944223857388,2271.2238218558587,3,10,645,0.2419609165711215,0,0.23156958251588405,0.11431327355436424,normal,0
2434.541233084579,6,1,0,5.173961332688654,754.3054050463761,2,12,896,0.20812377062866075,0,0.06920949338765676,0.26291921813387664,normal,0
2311.3411538433493,23,0,0,0.34099725012763926,1081.7050493416655,3,13,1065,0.2310821666741635,0,0.18087245447511072,0.16835615985251823,normal,0
1848.74127833844,4,0,0,31.079788547234887,2255.2225123827393,1,12,2580,0.16245221590213296,0,0.24185224813245157,0.1828011909157572,normal,0
763.7517302939849,23,0,0,17.701279667387,1626.1974330407375,0,7,1115,0.2703873712781524,0,0.2036237609295125,0.23086620615232184,normal,0
2552.957498658067,0,0,0,9.051602118800067,3044.609833037801,3,13,2804,0.17036649123822864,0,0.15479723364232897,0.1999509180748116,normal,0
3723.3992428697634,23,1,0,35.51411422452839,1648.5614705029025,0,1,2535,0.2091586543311675,0,0.14773265470794628,0.22569226806942458,normal,0
4068.629659484207,17,0,0,30.165872344471996,1376.55567843752,3,9,385,0.23441513029036115,0,0.13815760266753252,0.22650947190267462,normal,0
4300.178359293889,13,0,0,45.949569204830745,1104.3028115216503,1,10,647,0.18776754319722813,0,0.2676067545518084,0.27714497502949853,normal,0
2627.7233232904077,21,0,0,17.87230245344623,1264.6020620269223,0,2,766,0.037900092426557896,0,0.24679026929665154,0.2398278314027082,normal,0
138.4237947823924,5,0,0,12.035577943637715,977.2309846496779,2,9,1549,0.03481638564072246,0,0.09737664874499516,0.08460937077811438,normal,0
2766.8609513747288,8,0,0,17.171569089487488,3546.14424120972,1,4,708,0.027368256418868475,0,0.2577467533049268,0.008111906925448886,normal,0
741.2809375199141,23,0,0,14.758237264935147,3918.8574321459605,1,10,1645,0.26779348193913255,0,0.15437838379055205,0.1826674640545511,normal,0
6954.8632209130155,4,0,1,425.0434218576526,2546.506763630551,4,2,1741,0.1363343517848229,0,0.0189121609825319,0.729125661814465,behaviour_anomaly,1
1224.3858811264436,10,1,0,94.15651127238512,2746.1556527489734,8,39,605,0.1929294513660933,0,0.026603779833977905,0.6555031074237427,velocity_attack,1
2544.5519519116447,21,0,0,9.58451206766447,2979.9003315117407,0,13,2190,0.23579215271469428,0,0.09394795019402186,0.2008424784426578,normal,0
1554.5435730247998,22,1,0,449.15716750095277,803.649706866174,1,16,454,0.5141054785881998,0,0.33859595716619495,0.4338832369575426,deepfake_identity,1
1139.0197155503106,12,0,0,36.96352469258856,2173.4479028430155,1,13,964,0.2991964643168769,1,0.019884352157048722,0.20560270131122302,normal,0
757.2238474344755,15,0,1,498.61488087341763,1861.2473067685241,5,35,262,0.054635221028990454,0,0.2598103395509257,0.3390416139099374,velocity_attack,1
1608.1995752356536,10,0,0,29.255209291158668,1662.3714551601104,3,5,1741,0.18151083619655953,0,0.053217646933083416,0.16486157430166049,normal,0
1355.3384207528393,5,0,0,45.73662120274767,3148.8496056165195,1,12,955,0.2658694135147428,0,0.004125322673258392,0.20772367382772175,normal,0
4556.204568060794,19,1,0,12.403013475648223,3836.8360704019246,0,13,1263,0.04544243046504791,0,0.24172198547825471,0.02781281907151709,normal,0
2308.7892855579094,3,0,0,156.66811099851924,3600.4806282270015,3,18,543,0.43634440176197226,0,0.38385062661649827,0.8263732294483142,behaviour_anomaly,1
4772.799778365478,17,1,0,23.707503623316807,880.3316248339532,3,9,2018,0.16941870015221439,0,0.18683650273460992,0.23001790093575764,normal,0
2499.1598640461993,13,0,0,10.902964238662333,2888.393964400571,1,9,595,0.022647084306588027,0,0.2127143164808171,0.18936534327525983,normal,0
3508.5289178343537,1,0,0,26.614840874159768,2919.0835542326386,1,4,269,0.12954780231766413,0,0.16711671004417816,0.15949337293011054,normal,0
4343.713058552001,15,0,0,1.6693091315640562,3335.7554267082833,2,10,2420,0.12759446041534414,0,0.052459506663802155,0.08134902626738723,normal,0
4081.121723116441,6,1,0,10.505272475251076,3930.5557149567826,2,13,2450,0.20842789201301892,0,0.25126232924264574,0.07396604418428165,normal,0
1763.3059434597496,14,0,0,12.890973854340892,3059.2195389092326,3,5,1840,0.20749403866759208,0,0.18303747689943195,0.2101828447000684,normal,0
2805.031186174703,14,0,1,34.1666322847299,3703.9941698646685,0,7,40,0.2697273532563245,0,0.06436075091356713,0.10281507034992451,normal,0
3419.9049080300547,16,0,0,12.75008790134599,3177.588632215516,0,10,1825,0.05135773745190203,0,0.26925045408052134,0.22665779839503383,normal,0
247.5089738354628,21,0,0,48.71568435026426,2857.4427056934915,0,4,2846,0.24535915809256836,0,0.06119023102708042,0.2602552902206104,normal,0
3805.643577969928,6,0,0,34.1885006044071,2952.36045108095,0,8,2848,0.08190597643086607,0,0.27751296059675484,0.039794816227188674,normal,0
4687.775045197741,8,0,0,5.631636020574088,1837.9000159179218,0,13,2393,0.17819790560657203,0,0.2279663646340615,0.21208756471893572,normal,0
2778.5762789201635,5,0,1,40.789803783556934,1465.0775858073239,3,6,1053,0.25336430476613714,0,0.21517838226511432,0.13971347965437317,normal,0
4006.747292319813,6,0,0,41.17381879941066,3235.8727245550454,3,1,2777,0.2787128743456765,0,0.26840611087085453,0.29231093284165816,normal,0
2026.4209345206746,14,0,0,1.1593700793275041,1315.8470123727457,2,7,452,0.192986381147962,0,0.28539039882766587,0.2404714122284111,normal,0
4165.734838165288,21,1,0,48.99856448045251,2474.393804128339,1,8,1773,0.20360106003373088,0,0.10731591586128598,0.02871131584821449,normal,0
1734.1459412866066,0,0,0,2.437242767687764,3039.935952630675,1,9,710,0.1099809501337665,0,0.13903939158578407,0.030236571845572466,normal,0
1756.6136058946809,15,0,0,2.827396059265397,3013.1977842370607,1,13,1315,0.21483623913929836,0,0.2912421133928082,0.22462922404132396,normal,0
542.4198732666007,23,0,0,40.0254822897844,3615.5715714856615,3,7,1266,0.1131380828555558,0,0.10177688326815461,0.026229756724263153,normal,0
3281.95621915945,18,0,0,47.66316683604342,3229.1003753621217,1,8,824,0.1880010161014255,0,0.2481702613530758,0.0866325825099666,normal,0
1207.787447951757,17,0,0,16.450528865370035,2725.2647717969953,2,10,715,0.26984371876776464,0,0.09572770628772077,0.02027891560414602,normal,0
3791.7968190591487,23,0,0,48.11697115085827,1889.0280390976027,1,14,54,0.07436589419521873,0,0.23009803984593563,0.2969499976213535,normal,0
8340.210866905305,4,1,0,492.5240913016965,795.7879492335783,1,4,426,0.24348546434593982,0,0.3891003617685153,0.5841110398995684,behaviour_anomaly,1
4484.601614696586,6,1,0,18.6078714097631,2892.0470954626167,2,3,1615,0.15068943340725216,0,0.24850250091315326,0.1737724691673276,normal,0
147.53646663150937,9,0,1,380.42487458171837,2046.239890867257,5,15,1698,0.17791871946064158,0,0.23395274846007444,0.5168287141455101,velocity_attack,1
50031.187713477266,20,1,1,994.4858578870122,1597.444121211408,3,10,717,0.6986591426598532,0,0.057618655584922185,0.641265892489614,account_takeover,1
1469.6083662650067,18,0,0,38.86425378494268,1001.4292149471305,8,35,1973,0.22009443989766858,0,0.06607638377439633,0.6909249224193317,velocity_attack,1
2224.0139405026084,0,0,0,30.79180529258252,2167.4599421307257,0,11,961,0.035716897365956214,0,0.16904262454442967,0.22108688964524878,normal,0
3641.414985970143,7,0,0,15.995149675286369,1564.739820391543,0,2,2647,0.005026807665603449,0,0.013333279604191584,0.18095755989504336,normal,0
3097.431656548326,22,0,0,38.13784104057893,2303.8106448584176,1,11,1432,0.2653427874049661,0,0.02108221633081242,0.17547570889345276,normal,0
1500.339422076764,17,0,0,16.250691101125042,1213.674094336122,3,7,1986,0.07349433101753385,0,0.19031236587554287,0.10908979814442858,normal,0
12368.113918154359,4,0,1,477.9487696265948,3452.3821455145794,0,1,2942,0.5331758419087353,0,0.4041585811195315,0.7484883911504319,behaviour_anomaly,1
1972.4834266795895,14,0,0,32.18316836321867,1233.3246406788762,0,4,2576,0.09735538022710273,0,0.003686029187514672,0.12087760406094732,normal,0
790.1993998610193,4,0,1,23.32454801684581,3875.798417003033,3,12,1337,0.14565750804310526,0,0.2093487685473903,0.23938462551094766,normal,0
4729.20766803709,10,0,0,9.576294277244457,2069.2829333806662,0,11,2264,0.0214275458798593,0,0.038417206520625545,0.257508551044778,normal,0
3216.107601450883,16,1,1,17.51961671234629,2631.265573463749,0,11,2217,0.254235093830017,0,0.15894515668262565,0.04750385685310275,normal,0
7868.480627006631,8,0,0,354.5283869542968,1425.0890879649871,3,9,481,0.461659638489689,0,0.1607813903107693,0.7885730500316404,synthetic_identity,1
3029.7098961743172,3,0,0,8.178287366814358,2208.116362698238,0,8,2358,0.015561129213197999,0,0.245675526102375,0.2532564496109589,normal,0
4341.255677543797,13,0,0,25.28968002264908,3117.0957806279807,3,9,356,0.041559601578188006,0,0.26319721377742433,0.25134644042893356,normal,0
3406.4528806203116,2,1,0,31.12140760348287,2138.416253617357,1,8,891,0.2849120838621972,0,0.1664767553452483,0.21391648790756723,normal,0
125.62510636027241,9,0,0,0.17212494722048666,801.605498764435,0,4,1465,0.08851954806495106,0,0.26843275679709067,0.24337451267200388,normal,0
689.0243713159814,6,0,0,26.590400441933365,2936.764391337606,1,12,445,0.09155075154286471,0,0.27336501750137254,0.23720296543173156,normal,0
1263.6681953299815,18,0,0,16.354888804889594,1436.2946653142553,0,11,2775,0.1699113680842121,0,0.12393753399278973,0.04358952544631398,normal,0
494.8459802039166,8,0,0,0.9344227489841928,2510.015112713366,0,9,2709,0.04024836580343429,0,0.13549519950867042,0.19208489394277686,normal,0
679.2712492263341,19,0,0,19.684697669875433,1655.1640699410475,2,1,2938,0.25565715993143473,0,0.20969519672152742,0.039808256486333606,normal,0
3774.891212415147,5,0,0,23.979534958651993,1741.630753938174,2,9,438,0.06815103312821143,0,0.11850752468113122,0.26720715724266125,normal,0
2378.6780376824586,1,0,0,28.037638638971817,1905.7606103974517,0,7,2549,0.22746834826547713,0,0.10380728122900922,0.0828273600158169,normal,0
770.7395873371556,19,0,0,24.974835273402,3595.626287667086,2,6,1478,0.1553460895959623,0,0.27799285164988785,0.07231905558959278,normal,0
2754.62872491106,1,0,1,33.46289418536834,3237.558317271562,2,4,391,0.14451489577576448,0,0.08081503477027042,0.2678757021495113,normal,0
3142.5499806443127,23,0,0,12.728865910696301,2863.6245827228827,3,3,2227,0.08802303221659687,0,0.062034785884846184,0.11899769360454177,normal,0
14712.213242456315,21,0,0,244.57977344821197,927.3486987395163,1,6,1376,0.1610263140692864,0,0.4825400274377394,0.6895845478609548,social_engineering,1
477.19938861833475,18,0,0,47.570695717863536,871.8743555839994,2,12,2442,0.12262988589465837,0,0.019025870378757404,0.14612569063569733,normal,0
1776.2005687079466,19,0,0,37.16929043679797,1727.2262851744274,1,9,112,0.018007784830699758,0,0.10021032866378278,0.27257579314925007,normal,0
7458.623098341203,16,0,1,76.51800596814584,3706.895092965217,1,5,694,0.2290649734712476,0,0.02716394006155337,0.4166040442788653,behaviour_anomaly,1
1135.0359742173619,18,0,0,35.19345644698081,3726.9781951158984,3,2,2773,0.06396934988326174,0,0.18293361802716473,0.2567907621303897,normal,0
276.1171416040362,15,0,1,21.965815392882636,3851.455199770056,1,8,1198,0.11788513085352162,0,0.15497936135119417,0.2436380997918563,normal,0
15964.176413494593,7,0,1,160.6424395591029,1005.8994329073194,1,19,381,0.5730882854203527,0,0.2762599450595633,0.8490907624983637,deepfake_identity,1
4069.789340802542,3,0,0,31.093728049100022,875.1966862956288,3,6,974,0.14446186594303526,0,0.12151672936424694,0.03818265527583093,normal,0
10150.896220899089,6,0,1,31.44074510939521,2873.112065376499,3,6,239,0.37003284206560827,0,0.20864413464285625,0.6349098088482806,synthetic_identity,1
3058.597719452,0,0,0,12.15808438977204,3966.9803869970365,1,6,2958,0.14771902958753963,0,0.0953613301057029,0.06934487768968002,normal,0
4873.55277470015,16,0,0,35.21570137895188,2385.2526156516924,1,2,2903,0.021278253532069014,0,0.05805971746212563,0.14672958956892046,normal,0
3882.861133918953,22,0,0,31.676435858763224,2990.936388774662,1,6,2147,0.11609197344545515,0,0.07126678836947882,0.14652597860093228,normal,0
3367.5522173977247,21,0,0,28.504678479416246,1792.815794530393,1,14,2860,0.2269855854563418,0,0.08565673552422855,0.003848529261488498,normal,0
425.83171009720974,7,0,0,18.208393144135638,774.1359463780557,1,2,2004,0.186836834250952,0,0.06552918739467974,0.209982874482982,normal,0
3358.679705276652,8,0,0,13.089074134604385,2193.675613463045,3,7,834,0.19805643905440815,0,0.04969269296025288,0.06428664848291844,normal,0
34088.26311352736,18,1,1,231.3029773625951,2517.967813351425,2,3,711,0.3245795043687002,0,0.7323381594704517,0.5636020595917313,social_engineering,1
4473.364120778746,6,0,1,39.89070332206588,3917.6668368453657,1,7,2845,0.21799380819358072,0,0.2814834746195919,0.17840663002049537,normal,0
4113.601356603578,8,0,0,18.995508044477766,3926.6890254337745,2,3,1630,0.10045060586688186,0,0.10645642584696592,0.07428951759198064,normal,0
978.3409531224756,16,0,0,11.004969383777546,2615.3429275246976,2,11,128,0.15833742166462997,0,0.12516955765976354,0.04674537223213606,normal,0
2785.0014959710957,20,0,0,38.367883052137266,3777.3231010034415,1,9,2431,0.16031651505407796,0,0.1004698284058605,0.24997987608680677,normal,0
14542.737633885654,0,1,1,451.4536677006847,1935.0761043931964,5,13,1260,0.4312314381610941,0,0.3745647868309332,0.7013262962507885,behaviour_anomaly,1
3036.8626527066117,18,0,0,48.08957519056091,2264.923484484809,0,11,627,0.2672497549401428,0,0.060670805505683864,0.1556558405014329,normal,0
3491.5905743012463,9,0,0,44.07586286568148,3486.11812918861,0,8,864,0.11321843769901284,0,0.12758140296858908,0.09803190712711995,normal,0
2420.0116768247717,1,0,0,37.06321282572366,1881.3700602550784,0,1,1650,0.1137305718499464,0,0.1599407435941693,0.18634664729262762,normal,0
3424.649844633925,16,0,0,24.407973913861085,625.0518572850699,2,3,2454,0.17272018726612692,0,0.007379839733515203,0.19026493199758152,normal,0
2325.49994740986,9,0,0,38.979058338730376,2824.055616849213,0,5,963,0.012223151351759465,0,0.20082769344141474,0.24370805442901064,normal,0
3870.515372640491,23,0,0,2.4906149901602337,1068.7015561106505,1,1,2108,0.2155600620877345,0,0.2868032341160639,0.2696367370836989,normal,0
3807.977818635983,12,0,0,26.97047306399932,3472.835418546995,1,1,2859,0.2797793990347125,0,0.22108585678654424,0.1497567685617673,normal,0
3990.2821539140714,18,0,0,39.50789852847239,2348.9599307397066,0,14,1928,0.017488672516672743,0,0.18150600738132627,0.0034268341333234084,normal,0
3623.324935402803,15,1,0,39.171115078605276,3356.7495408585464,0,10,1449,0.16250908187641658,0,0.11811635597038818,0.13191179360699662,normal,0
6143.232511160421,17,0,1,238.44713881337987,2102.2161658213704,2,5,282,0.31202777979452745,0,0.4712226153485061,0.6406800291412778,behaviour_anomaly,1
305.92090833988595,11,0,0,20.292605266751046,1465.4410957404996,3,3,1091,0.28421942590411386,0,0.05777641402181783,0.0758352940942288,normal,0
1921.5225450410185,0,0,0,4.238482739930399,653.1392133668464,1,2,179,0.2679326629649636,0,0.12550269365178313,0.18303078452017052,normal,0
3912.426901767676,18,0,0,4.805503284934199,527.6658696841174,0,9,2288,0.26368091359545087,0,0.13170010515742733,0.2536137095896817,normal,0
963.4744622541506,5,1,0,65.11342236837858,2794.530548477527,3,11,415,0.8254502177419898,0,0.17712685839784148,0.4199306198982087,synthetic_identity,1
1910.1308948473134,3,1,0,293.3826791019126,2480.52332584093,4,32,498,0.2235009697477251,1,0.08516138283835857,0.7591031179208383,velocity_attack,1
4216.52958435208,12,0,0,42.23032413086879,2455.9090649414966,1,12,2034,0.08110812972543677,0,0.01634299171140564,0.07311711185482356,normal,0
2768.6912684249655,15,0,0,39.631245072541425,903.4040909221359,0,8,1150,0.1401609341567529,0,0.04532558089727468,0.053867495191968706,normal,0
3851.013205056438,12,0,0,19.408545475886985,2012.9305617927134,1,14,457,0.041747749101629136,0,0.26499399104186,0.09436111345305466,normal,0
1537.4317650609482,7,0,0,15.277555711160673,2619.877605641774,0,4,1537,0.06577841316459547,0,0.14829005547654953,0.09006939422742563,normal,0
4945.3186523879485,20,0,0,4.802635979477715,2703.193663963799,1,11,766,0.18990900609869724,0,0.29444069600417055,0.003609090492911293,normal,0
31709.142764767814,14,1,0,541.3030770304721,2221.056682169306,2,3,1678,0.6249413919593664,0,0.15197715000408946,0.4006330555470753,account_takeover,1
10705.79140213003,3,0,0,456.7844824099375,2825.463883121077,3,15,183,0.522992895165664,1,0.1908987559304538,0.4567423122616018,synthetic_identity,1
4499.980559306594,7,0,0,0.7153642523311021,3060.718410631664,3,4,639,0.06386736177483286,0,0.2594390932496303,0.14041239407470532,normal,0
6960.896617843754,20,0,1,325.31653332465424,2815.476449447715,2,7,1860,0.555119001741351,0,0.29262191995881115,0.7927918184746334,behaviour_anomaly,1
58533.20041966621,17,1,1,1191.9516286371693,1325.6994310130003,2,18,1226,0.6605172513056752,0,0.48303159289144465,0.6088874542689643,account_takeover,1
791.9953625284323,18,0,0,18.618959419555537,2067.1804223742406,1,1,1092,0.2463457010274328,0,0.07215833993228542,0.13249603038838173,normal,0
445.9283998189988,21,1,0,284.80670437888057,1736.6845196946238,11,35,1881,0.4355193784422642,0,0.3630113699743145,0.4204397386414094,velocity_attack,1
11384.045553171818,4,1,1,494.1382087021965,1683.8014339965173,4,16,127,0.5767246723687031,0,0.4615052581538027,0.512716536019862,deepfake_identity,1
6896.058205799683,15,1,1,1050.9683866216094,3509.039591679963,2,7,2620,0.5681427343007628,0,0.3039770133157897,0.5395829274597795,account_takeover,1
4037.056558885758,3,0,0,22.246884900397035,2105.2423211942514,3,8,1843,0.2441956760031967,0,0.26827524413452125,0.19234923899485995,normal,0
14229.987180176686,4,0,0,209.0619994253163,1913.902921564884,2,10,100,0.6603760929417486,0,0.17466824723378682,0.7786711332199985,synthetic_identity,1
1736.8384405312413,9,0,0,167.96733149727956,575.5356653951378,4,20,346,0.4148274600330827,1,0.30814419374231683,0.7994208535480956,velocity_attack,1
4263.272214319316,3,0,0,10.538346632092205,1753.4731296306659,1,11,1311,0.18918626743359948,0,0.29280710998898907,0.14832001479223675,normal,0
203.22868514853315,10,0,0,210.87720616350103,794.8834459356073,11,24,157,0.4885052121104101,0,0.2253889927840744,0.6161643817729598,velocity_attack,1
23982.27111529625,6,1,0,981.6114182526328,2724.404354936523,3,5,2814,0.2939165166090004,0,0.47917691443803445,0.6967771875446072,account_takeover,1
2767.2899494081735,0,0,0,23.140143907954187,2739.0951300211095,0,1,339,0.25235233037036914,0,0.05284483229054369,0.17346405285693464,normal,0
2378.546635879495,15,0,0,45.01697417202687,3370.99093757071,0,13,1967,0.04031172796832465,0,0.059873776103873316,0.19416033362994842,normal,0
512.2858284757392,7,0,0,6.786876563045697,1902.1998649416973,1,9,1963,0.17387893762390216,0,0.24848651775734987,0.1347012178822526,normal,0
1219.4282325233637,12,0,0,5.845336930757777,2363.383883204614,2,11,1493,0.2112122962315962,0,0.06572329194039336,0.06580925394924074,normal,0
4986.465709527653,2,1,1,24.373328702517277,818.6018108009985,2,4,2644,0.2570015326527359,0,0.2770707710358717,0.021685685955204013,normal,0
186.00658049648166,9,0,0,28.63270527128392,2968.113953224963,2,6,776,0.1508625980931066,0,0.2770021511060284,0.27261684867176744,normal,0
55755.19789415056,21,1,1,220.85775335463939,3189.1852908918663,1,12,407,0.41363447293399686,0,0.2622054162373392,0.5140640283507878,account_takeover,1
2358.4018572122513,1,0,0,26.010453697815738,1261.1880807546895,2,11,2195,0.2607809486609984,0,0.09054033085182901,0.2557439820754109,normal,0
1278.6047673827288,3,0,0,15.501266547954568,1643.4866639953714,1,9,476,0.2693584518839301,0,0.19662596258962498,0.29807629522302326,normal,0
4602.7400148338165,6,0,0,26.507516014395666,3032.379273535878,2,9,2001,0.15346827214145572,0,0.24884414268404534,0.2931146268928537,normal,0
18932.812341020406,23,0,1,485.02010908943896,3080.0690075261896,3,10,248,0.551007041934612,1,0.143697519762117,0.3562076393884029,synthetic_identity,1
4473.535314683725,21,0,0,28.519606702838146,2734.5196209961246,3,12,2842,0.1302959316604916,0,0.15630327355697596,0.1949543210353287,normal,0
1075.0614809012404,23,0,1,13.220385702797538,2269.4356026300993,1,3,2434,0.2627112990867886,0,0.028925792602384835,0.19692368234669616,normal,0
3874.9963472581867,4,0,0,42.75303648586104,3189.4042791830675,0,13,2488,0.26943928691535124,0,0.2614093237011205,0.15702823074261688,normal,0
3800.825060434359,5,0,0,42.33998004073807,2501.849164539417,2,12,2180,0.15274721446237058,0,0.1036667050360728,0.22498923556095723,normal,0
3306.2758269143264,3,0,0,25.203074134199642,1460.2459506771045,1,11,836,0.25006285024528824,0,0.28246643273006633,0.03521487276232825,normal,0
4808.508719951241,14,0,1,15.520015096658174,1303.3801305203083,3,9,2172,0.15506606607610704,0,0.26362443395483076,0.26378939846107735,normal,0
1484.1458454874307,2,1,0,43.70998853005108,871.945749475247,1,2,1764,0.09155450228611926,0,0.14063147354571628,0.05053006431797008,normal,0
2609.887411982105,4,0,0,43.874766977390564,1836.6412067488584,3,13,173,0.10216098347207687,0,0.22299530837498316,0.144402142430358,normal,0
605.9985434877372,2,0,0,29.494122545851543,2833.876551847157,2,13,588,0.008455064193819695,0,0.1464905349777086,0.178271502823446,normal,0
1035.5402668510533,13,0,0,44.05793334771727,1770.1897061818481,2,1,328,0.17417572688540076,0,0.1873771737514029,0.2802190730946672,normal,0
1420.608125232136,22,0,1,48.72461080803195,2660.2528590249603,3,11,2115,0.015412051301593253,0,0.2365071350582609,0.1483728030090141,normal,0
1566.9785311562066,2,0,1,38.81388774794987,1075.5252415111563,1,13,2748,0.12628795051771152,0,0.06627373645643858,0.14585545878515374,normal,0
11232.882639292171,17,1,0,436.915138678268,3041.4451286066414,2,17,251,0.5349775518444664,1,0.19472266202230631,0.3145130434398504,synthetic_identity,1
361.4051852455987,9,0,0,33.30987465641408,2216.6420547866364,1,13,2916,0.011378227457620337,0,0.03127572446502889,0.16971307133517002,normal,0
534.6424154095725,1,0,0,23.101089198012055,3130.209950798346,3,4,1829,0.29665502445248176,0,0.05254529832739689,0.07498180473897066,normal,0
3057.822282740938,17,0,0,34.43634744408596,1014.755698998684,2,6,643,0.004973241505676462,0,0.26567063225730725,0.1644354454846683,normal,0
44574.0356127673,15,1,0,189.79173525132077,1463.017423089095,4,1,993,0.13648993725192876,0,0.6777822932823424,0.5270649614355263,social_engineering,1
4108.2723530202165,20,1,0,38.14716670861501,1620.7336359272613,2,4,2661,0.17781918939996563,0,0.028107846359638523,0.012746102995843523,normal,0
924.1979132559392,20,0,0,22.517347466516423,3222.1609886909073,3,3,524,0.03079944046147689,0,0.1732486639069103,0.21829722302071217,normal,0
919.8743896051958,12,0,0,30.540929304719956,2828.8378117644547,3,8,265,0.23363637481957525,0,0.0636521243224435,0.2706331859314421,normal,0
2933.962839271046,23,0,0,4.793031992416397,3740.9970682287562,2,10,1207,0.044745328080526676,0,0.14787204854718858,0.04162274867837392,normal,0
4011.6366663250146,13,0,0,49.61548639416773,1276.1812598244364,0,14,370,0.2752512391681972,0,0.1131681194574088,0.09683654112439795,normal,0
3762.4775923238003,16,0,0,48.75895681273455,1575.8476662034532,0,8,2190,0.0978978194978501,0,0.05603701426458415,0.22488148621538,normal,0
1800.0706892915157,1,0,0,35.827427495731015,1378.6324766674386,1,11,2118,0.013859681282640967,0,0.1832245790419296,0.14848230006357543,normal,0
4642.304742829047,1,0,0,47.412185665132654,1083.2406571331335,1,5,2981,0.2040007774595303,0,0.1266158363084678,0.0025086769138709664,normal,0
3668.124905397656,9,1,0,33.838363584529866,3819.6122550602645,1,8,1572,0.08761536882509337,1,0.2654678776939002,0.08292511404133007,normal,0
998.8667623768291,17,0,0,31.393589046805264,879.9433226386585,0,11,2036,0.29837860681216377,0,0.1890248627059914,0.27721630820439314,normal,0
13751.445817344964,3,1,0,26.520894891809732,3569.2416402867952,0,13,89,0.42401373809637727,0,0.21728898565306232,0.6195321125636959,deepfake_identity,1
3963.3919819411635,17,0,0,19.346977051687723,2742.001197345213,2,8,359,0.04371293186061866,0,0.2775638120090394,0.07088596814169863,normal,0
312.19733609255235,16,0,0,317.79720596522174,2056.950047916077,5,18,2516,0.15085350901138772,0,0.2731282714612311,0.6194703596593971,velocity_attack,1
4184.884813494169,18,0,0,13.225870498342468,3740.6169380408246,0,11,609,0.059203918936837616,0,0.03704854178437037,0.014885190375924817,normal,0
2345.4391634084313,22,0,1,41.773432055427236,3065.9253377809428,3,11,471,0.009233745416304917,0,0.033540062957115487,0.17305935705126396,normal,0
149.64280173594256,16,0,0,28.311117240532425,3996.1617877880817,0,9,1378,0.1370675044233439,0,0.09180467842141118,0.10816837961671406,normal,0
3117.6654804558607,16,0,1,12.812131462812387,2689.1438954186256,2,7,1848,0.2867473999849912,0,0.16165775333031818,0.2742332638127775,normal,0
4362.492174104428,18,1,0,29.767888990698694,1335.7176313242467,2,12,764,0.0004178533557407049,0,0.14609740698701262,0.07622366560251502,normal,0
4781.696138046531,11,0,1,16.168487761717664,3158.302511746476,0,11,2326,0.12760590563923765,0,0.14794631613280904,0.26318334204238786,normal,0
4205.751036773838,11,0,0,38.50428248102416,3944.1472493880183,2,7,263,0.28959462771569194,0,0.2871360090783926,0.003240879748848846,normal,0
7997.780667133664,23,1,0,503.408823816691,1675.4498566948284,4,19,429,0.8767144625184726,0,0.4017665920260344,0.4840987442036696,deepfake_identity,1
1801.773850255864,12,0,1,48.03826429630209,2054.4747212392112,4,5,1209,0.2484464454286452,0,0.3155810424212608,0.6836100565818164,behaviour_anomaly,1
3783.560262739618,6,1,0,35.5992322989608,1183.7574033014755,2,10,134,0.2721301084349477,0,0.19083529708188793,0.05771610677569153,normal,0
4829.983345788959,18,0,0,18.119672600690564,829.8615522044304,2,3,622,0.015188775859347414,0,0.27369135735324407,0.28379765842225296,normal,0
2257.58475000491,16,0,0,45.172771803911075,2699.2503043999886,3,2,2027,0.14655537985058958,0,0.147465380927241,0.08593547457500018,normal,0
4077.671961641674,16,0,0,20.77482227684194,3038.778034952957,0,4,1606,0.1407803773461757,0,0.17084219561417616,0.10735068762890049,normal,0
3096.1257536297744,5,0,0,47.09914427866308,3752.7268357070966,1,11,1462,0.16230870626237853,0,0.08261713492525607,0.12392838900832275,normal,0
17814.987552619976,15,0,1,266.39138187888415,3880.0371588293865,3,18,114,0.7135049921557941,0,0.2338611556613665,0.42089820400445316,deepfake_identity,1
4462.053512917254,3,0,0,2.523423554080617,2886.768241184515,1,4,2753,0.2067027663764438,0,0.17985220292112644,0.00043640535266386004,normal,0
3877.7391817773487,21,0,0,9.171370780622818,3208.4215463040837,2,12,86,0.07307818681716384,0,0.17545728066157076,0.11900194861255033,normal,0
3678.086417010521,2,0,0,18.745491900449895,577.2792441939159,0,1,864,0.22734147804789745,0,0.0922151578308047,0.06925695475891626,normal,0
1004.6990410021092,16,0,0,7.6978151061815385,2485.7046772989133,0,5,2713,0.0964205974973533,0,0.299111387034482,0.07544283957795449,normal,0
3498.7284816215965,4,0,0,8.642736970939307,1271.2934909699775,1,3,604,0.10634167513150625,0,0.2396818647590205,0.18547649133770636,normal,0
4243.461378650543,6,0,1,0.06829629375426083,3107.005564539444,0,3,1609,0.2258643003126903,0,0.17227775575757334,0.06661952369974142,normal,0
20782.666773777346,11,0,0,564.5194423568274,2889.166990009402,3,10,245,0.6911880709455217,0,0.3372294653202876,0.5875291983769941,deepfake_identity,1
19354.98401272131,17,0,1,222.74397765509934,560.6556282861632,4,12,281,0.49395249009055275,0,0.2903382185468344,0.3918189016800918,synthetic_identity,1
616.1928739585326,8,0,0,21.710051398871965,2423.9414423652242,0,13,2331,0.20377839679630427,1,0.15479018709092202,0.06478519468548545,normal,0
11643.501074851067,18,1,0,199.13564210927558,738.0279727393229,3,15,16,0.5405356281081007,0,0.12180728403179077,0.6663141198424946,synthetic_identity,1
4599.371524709642,14,0,0,12.037056905780991,3339.1998059762823,1,8,761,0.011933759219315521,0,0.19998819610776528,0.2061204351794372,normal,0
3673.789491031182,3,0,0,7.2581854180636345,1795.7366346501074,0,13,1695,0.13960075857408322,0,0.10175805081761169,0.13146573608689205,normal,0
4693.201525835882,7,0,0,21.336766833604727,1800.969639545064,0,3,2500,0.21902655343079505,0,0.03346500062277754,0.1586517154491171,normal,0
2482.250905113927,1,0,0,41.01806741979125,2347.500683482939,1,9,2344,0.011561500019081272,0,0.05335075741634356,0.1245977692883817,normal,0
2356.643536643286,2,1,0,26.834420593138645,1066.1190155048835,0,6,2297,0.08574742492649039,0,0.17598110201746944,0.2781790944753551,normal,0
1864.247282914794,14,0,0,26.067698759341123,884.2451416844258,3,2,2455,0.1964372760824756,0,0.007868723564098757,0.1680770248845614,normal,0
4977.6438293374185,15,0,0,9.627572767734971,2653.1647573063597,2,4,2154,0.2577025832051573,0,0.2035622227051673,0.12697194955697452,normal,0
2335.558893882156,9,1,1,47.820354355495844,518.7847029247761,2,1,509,0.013386322467218392,0,0.2978118931812994,0.23815845650800266,normal,0
3042.5326161249013,15,0,0,42.90389617132981,2541.4634744587734,3,8,1810,0.06851830142569561,0,0.2482149045561928,0.26054962235457946,normal,0
1329.3759238864022,0,0,0,18.76324378677929,2314.616123879325,1,13,1613,0.2987663720592183,0,0.23612843411508663,0.12535810455140492,normal,0
4454.865591357988,14,0,1,14.080187455152466,1236.1679580124278,2,4,181,0.23310420391854592,0,0.14066678834488666,0.11507659010916828,normal,0
2533.807571807938,8,1,0,19.46655335716112,2990.7778360748257,3,4,1592,0.050918016807563145,0,0.20420886882571482,0.2359558647760813,normal,0
3725.5301917579586,16,0,0,33.080244081045485,1565.0215048019384,1,4,2800,0.2135111383636061,0,0.20281397547137356,0.007363195075158101,normal,0
3786.635194244632,3,0,0,35.35258633570463,1572.004477342173,3,9,59,0.29441039244324885,0,0.2710002191442013,0.2091885476474756,normal,0
4483.305911781048,12,0,0,9.565530901589408,3478.9649323104964,2,3,974,0.28195118437724426,0,0.19546824086957298,0.23328203029388112,normal,0
3459.2699074219595,21,0,0,46.96476368084801,1658.99083623831,3,7,534,0.21692201204844255,0,0.20349796651736402,0.10700456516285954,normal,0
2813.885993566472,23,0,0,33.07706252412404,2596.157002417677,2,7,2005,0.2968808695731005,0,0.027210869081427058,0.1719938593339954,normal,0
1812.581223225412,3,0,0,5.006184935993518,3584.2600384617376,2,9,725,0.14895722236955056,0,0.1153234225946644,0.18927970430178076,normal,0
208.40540249208655,13,0,0,35.74185989683546,2898.1283347227327,0,4,2015,0.10688756615848476,0,0.0712555652245886,0.009994491680727524,normal,0
537.5186701753073,4,1,0,33.60669400320565,846.162342163309,3,10,775,0.1969881732504789,0,0.24646655367245787,0.2798074609726617,normal,0
9867.385051276013,13,1,1,496.6746162807124,2553.6279502172324,5,9,512,0.09864841866654475,0,0.39437385263728164,0.482951730962549,behaviour_anomaly,1
218.5396430676407,16,0,0,13.879053715083101,3778.016294258061,2,2,2708,0.2850623619297744,0,0.14136091671718878,0.2547197904999679,normal,0
3224.672409790084,13,0,0,25.366207459047622,2997.117821311633,2,9,2521,0.07168675498364517,0,0.051686021517644676,0.14259633139613676,normal,0
1556.7073009784997,10,0,0,3.7275942435116063,1838.8126779121828,3,5,1151,0.09205218089347966,0,0.15206424997764584,0.19019297301647944,normal,0
951.4318063651446,23,0,0,45.00067617360354,1006.0191142873127,2,6,1764,0.08605189830990805,0,0.016545682292993944,0.13612901388444767,normal,0
1997.8803380790387,23,0,0,49.76401206569774,3672.6277262803906,3,6,307,0.07599552694105584,0,0.27213136816425726,0.0591432123700616,normal,0
1706.4071743651668,19,0,0,23.09670364299287,3719.7846036341075,2,8,826,0.20646804989176284,0,0.18343745168928002,0.1774161130889721,normal,0
437.8942801464638,18,1,1,3.7619253875956495,1107.0935503574813,3,13,2425,0.13864753477180755,0,0.17977829582203336,0.2986610801008274,normal,0
4963.650797890041,2,0,0,48.73429292441959,905.1977194677595,3,11,1925,0.022150489234666504,0,0.15078472985660735,0.21040055825266354,normal,0
2997.7607869226254,6,1,0,190.8618692958183,1941.1038066006809,0,16,493,0.8565303197562895,1,0.27351403932722257,0.5305990541197128,deepfake_identity,1
3318.1047110253294,3,0,0,12.324597721667619,1554.0299471015164,0,11,148,0.09115179224600276,0,0.18678121593038283,0.2453346496188911,normal,0
4612.154454296866,23,1,0,41.754717006496286,3221.653932754886,1,12,1041,0.015225687337043336,0,0.15835485473993152,0.007267765383416291,normal,0
3386.588328338587,22,0,0,44.46388544167998,1875.7561946268406,3,4,2703,0.0927550197285109,0,0.11958168027242082,0.09136692475384613,normal,0
1805.6684065246116,12,0,0,13.135900884159163,987.417944609211,0,7,2821,0.08240217825145423,0,0.037672579381610984,0.1828341953314052,normal,0
1433.5111724268172,22,0,0,30.03143327160156,658.5413871070853,0,1,2620,0.10126138368941215,0,0.2236148868932981,0.12178914865861165,normal,0
1375.4056020734147,16,1,1,31.419252610875247,652.4658482580386,3,14,1589,0.003920770519376937,0,0.18635888573606846,0.126548282828442,normal,0
1878.615917978971,16,0,0,38.69960352835727,3295.9378116419944,0,4,1026,0.19291891272027464,0,0.04108604842229811,0.019637606029674126,normal,0
55756.72009413446,5,0,0,440.8764518431928,880.7001443992999,0,16,2373,0.8243430799717228,0,0.055275409052022495,0.7156661333234584,account_takeover,1
2704.1290795275963,4,1,0,35.64198440746502,2791.2876813411635,1,12,2306,0.198039116685166,0,0.17423152257565527,0.20843398384603154,normal,0
2808.0451121060664,20,0,0,18.493676930683893,3439.9405870161154,0,3,1501,0.17227054826819857,0,0.26753598638774956,0.15948694763144736,normal,0
2344.3402212609562,9,0,0,22.866834000790416,2170.207664276265,3,10,1672,0.1479243743473998,0,0.09409858751582263,0.1292683890772142,normal,0
499.9869119498889,16,0,0,29.5067878352276,2954.1494790466554,0,9,983,0.05771767907795378,0,0.1110628302037986,0.03011737522699863,normal,0
2770.631902594998,15,0,1,4.4971935627417245,2526.5589991618353,1,14,2640,0.09200347051320337,0,0.01526542020281133,0.019843761648826973,normal,0
1838.3793299963227,0,0,0,36.66801413422022,816.3413498120774,2,14,2363,0.23333859987121713,0,0.10764746428722974,0.22923763494176866,normal,0
1777.9950962900953,2,0,0,5.497798088108996,2669.2259541482686,0,5,821,0.09437149820912868,0,0.28882218958994266,0.1640992039336808,normal,0
489.09226475084466,8,0,0,19.075993015299524,898.4073009261275,2,10,1330,0.24770125810294477,0,0.03546142912148121,0.09092709431094977,normal,0
3714.153277785568,6,0,0,4.693232986325363,1183.2310324075934,0,10,2201,0.04205463276136313,0,0.1699959030015454,0.29797296467304574,normal,0
10145.093353879602,10,0,0,651.9542083033556,2198.2135890114187,4,3,314,0.4421050133313815,0,0.24708901905858444,0.3793205334146729,deepfake_identity,1
3240.731087683913,16,0,0,10.38410414822284,3755.257593610382,1,2,2665,0.23747953964235444,0,0.11495555159463033,0.09296693193154862,normal,0
4470.1735095726,10,0,0,7.684974187751298,2471.561832880472,0,2,2067,0.14150684688639523,0,0.2103164892820893,0.06041768711246504,normal,0
462.81879349704275,7,0,0,45.22024519522241,3442.000430996119,1,3,628,0.09941177884378764,0,0.27346519003537756,0.2967621359466837,normal,0
2183.6181086447,10,0,0,16.417217232672236,1615.7862086673153,1,7,2631,0.046381925322479235,0,0.04749549632255649,0.03675044710057984,normal,0
1492.503048987471,12,0,0,47.27789356101204,3633.5125263375116,3,14,369,0.2097235888391997,0,0.1017698535468159,0.12711479518432853,normal,0
2316.3595941396707,4,0,1,18.666459621251512,3567.55835936836,2,4,134,0.20412131002166087,0,0.2627911820053568,0.2757618680251101,normal,0
1030.8691328071827,4,0,0,379.48652964301306,1295.9416182493878,4,15,126,0.7245026197327715,0,0.1547552879035393,0.243120456651426,synthetic_identity,1
3255.597761871177,14,0,0,20.287694858821048,2546.727308723832,1,10,2682,0.2140088168040689,0,0.02624011669291254,0.0328228993062444,normal,0
2146.5682795032744,4,0,0,20.505694160257864,1120.4250457156625,2,14,443,0.2435341569797477,0,0.1479320447105107,0.05614583841371296,normal,0
10686.46622377819,4,0,1,70.89649576524265,1262.241352295142,2,6,1669,0.3102787249812171,0,0.1334070743707924,0.5271895990306384,behaviour_anomaly,1
3535.7323217922726,21,0,0,24.342158291728072,3737.1315287160223,0,4,845,0.13881795410215242,0,0.18952630683600916,0.1998092594657999,normal,0
4499.804016092562,9,1,0,34.54380300079816,581.8220259222469,2,14,2282,0.14743674763397357,0,0.17701051621109457,0.09019472806578578,normal,0
3993.1261680046687,13,1,0,19.16181722045693,3434.4375859925417,3,12,1837,0.08089240839150601,0,0.258200310111192,0.21424312523189026,normal,0
2561.475916263947,3,0,1,645.1950294929694,2147.8830238554006,4,14,517,0.6279917452358112,0,0.1305677543430746,0.48489860921028466,deepfake_identity,1
3365.2885265332116,18,0,1,15.751037660734541,624.604429109353,0,4,1433,0.09356622095658541,0,0.2912486920791189,0.20568761030690627,normal,0
1464.0055601470174,4,0,0,21.23925833492738,2051.94443669258,0,10,2456,0.0405319521296845,0,0.2416277967177346,0.02702747472994682,normal,0
1662.9805884394304,22,0,0,37.435654851252295,1577.2784658402038,3,5,2837,0.14240408724752363,0,0.17711341937212707,0.2321764319463271,normal,0
1701.9649200565875,10,0,0,12.72413770492658,1738.8734992977843,0,1,1344,0.1320230193944318,0,0.1638250310657549,0.05431333902353747,normal,0
4007.8188219527806,15,0,0,35.061913895211376,2566.3367165059444,1,3,717,0.1656809290109017,0,0.24335637509154304,0.26100400280869424,normal,0
46780.001492669006,15,0,0,298.83937171618214,1539.356075754355,0,12,779,0.12989907788714064,0,0.5257912251787675,0.7798699165456713,social_engineering,1
15367.302142287177,6,1,0,171.34457669118942,2956.320375765393,2,15,197,0.7876674573995435,0,0.315608461229792,0.2597684197658561,synthetic_identity,1
865.9531564734182,22,1,0,18.20055276742264,3641.895571784662,1,10,2316,0.27779449056245514,0,0.03465852595268976,0.1461589804698855,normal,0
440.1768294558575,16,0,0,35.11868700530204,3608.694998195722,1,4,2942,0.0466017151553142,0,0.17867106146955786,0.08158612800553042,normal,0
1401.4402086846596,11,0,0,35.43449300715839,3333.121434170981,1,6,47,0.22370005114681452,0,0.11814316408358275,0.1549249343820561,normal,0
1960.7824623046556,8,0,0,20.890872589056215,3282.86730050977,0,5,483,0.008803242293500513,0,0.2003041792277835,0.07816533706111158,normal,0
514.3703526764655,8,0,0,26.403218280428714,3870.092877757599,0,12,768,0.16140444320597003,0,0.06399404876556332,0.039090920121012805,normal,0
19558.32451175407,5,0,0,557.070440079826,2175.6841084278726,3,10,368,0.8325458779988927,0,0.4700149471380345,0.3047707238770505,deepfake_identity,1
1442.950787776736,13,0,0,5.265225887392372,2994.3241660659723,3,1,675,0.26791797373081716,0,0.28286756077350267,0.001673188406362347,normal,0
3781.737921542324,9,1,0,46.15852178685333,2383.661306130329,3,6,383,0.09372558216651579,0,0.22467229298805436,0.2315641743409455,normal,0
21736.84124813503,3,1,0,27.49792004436783,3957.175221899377,3,19,283,0.6281192121724501,0,0.43766639767455184,0.3547518523052545,deepfake_identity,1
40391.369211113415,7,0,0,159.3801466451084,3715.0942522842774,1,12,2189,0.42319544692591404,0,0.8119450463992178,0.33386356297713105,social_engineering,1
1600.936144013242,3,0,0,0.23108275170033443,662.9585958846849,0,12,1339,0.18142438843260217,0,0.12460892640818234,0.044351789308450185,normal,0
4354.535276501065,13,0,1,49.08437172459934,2830.18129655607,1,14,2603,0.2885052442727937,0,0.10545092347199601,0.11464950577777494,normal,0
2791.2106570599904,4,0,0,8.18185544579938,3299.89695959201,1,1,511,0.2395016985818548,0,0.060928477893597996,0.24522123336903912,normal,0
3680.187500172306,16,0,0,13.41356719777056,645.8205015048673,1,5,1171,0.11370839219301221,0,0.024157629402430957,0.025276581384730545,normal,0
3151.1787506540077,6,0,0,23.255447811796547,745.9668256069498,0,9,1138,0.17870675917875348,0,0.011563057288877887,0.01156424172031718,normal,0
405.1382188212395,11,0,0,18.071740756325127,618.1287057211038,1,12,1903,0.08744472931251933,0,0.08831383399631852,0.057455759524053185,normal,0
651.6439130184914,14,0,0,14.632498226927709,2747.574583108296,2,9,195,0.24573581366519956,0,0.14097854108840263,0.17138925567358293,normal,0
4049.0344605763435,13,0,0,34.19274625176039,3263.5752834890122,3,1,419,0.1795170569262005,0,0.21829184576248306,0.29468257955428906,normal,0
3113.5354108259316,7,0,0,19.780023742792412,1431.8878986702798,0,14,1219,0.08790954887768906,0,0.2438560319681291,0.2891189335792385,normal,0
3970.65060189473,12,1,0,445.7519605185276,890.1154845437799,2,8,89,0.6284859703395898,1,0.35069296437096675,0.5358537353337521,synthetic_identity,1
1329.7366405674602,21,0,0,32.48998134393714,1746.1459874605857,2,1,1412,0.17853496948400346,0,0.1427986107669032,0.16856635169976456,normal,0
1946.6477137012237,23,0,0,35.446139869493344,775.7517322121621,2,5,1299,0.0024513277223141895,0,0.03911010395171349,0.28303545377707967,normal,0
230.0077989817166,5,0,0,16.31806441123085,1196.2494478284798,3,14,2527,0.07556549835893601,0,0.19437124925967192,0.21312355811502395,normal,0
133.70201487628162,2,0,0,12.532055908754163,1477.108448937172,0,10,906,0.2666368764941729,0,0.21385704972270952,0.05928096608406218,normal,0
3681.022728405576,3,0,0,16.927232381673573,3361.0769636544014,3,10,2072,0.11515508855943259,0,0.20476514783886193,0.27395943247376003,normal,0
202.577177350993,0,0,0,38.01052610962456,3873.360601694159,2,10,1705,0.03276632651625936,0,0.11814082325775038,0.17679845549889472,normal,0
3005.9172375152425,1,0,0,43.92903563127882,3283.5746155389,3,8,1446,0.20857093627349724,0,0.212941092933506,0.07067059554081703,normal,0
4013.6995391074156,20,0,0,29.180038672188104,1119.0256622725276,0,2,816,0.26297963029524907,0,0.12958897068713235,0.2526949169659403,normal,0
4327.705679961819,15,0,0,31.305453685969642,1569.136083848002,3,7,103,0.11497633008976918,0,0.16141353993729596,0.059999961255635934,normal,0
2499.25597255696,22,0,0,20.668169797197233,3884.039772880833,3,9,159,0.2391274451694241,0,0.09730054139944151,0.11237046594456844,normal,0
4031.768743811489,7,0,0,26.71899076716297,576.8161883746452,1,10,2365,0.2803099691975702,0,0.09381007536227517,0.2560793384668492,normal,0
17909.522537623132,7,0,0,367.3705547526172,2076.9340398948943,2,12,351,0.4653790502842542,1,0.29769502972312684,0.31190698271497375,synthetic_identity,1
1978.6459911854688,13,0,0,20.97084644484462,1654.9066811018404,2,10,2679,0.024083154974882327,0,0.2710348075967807,0.17671299289536432,normal,0
521.5575694614217,5,0,0,43.64439249801578,2010.4242492747956,1,8,2819,0.297389723603596,0,0.031084876098214375,0.013272737129346845,normal,0
2552.8386554110734,3,0,0,14.48754443894768,3622.317916867468,2,11,2267,0.09701791662625099,0,0.221699698493291,0.019768031660890518,normal,0
1399.4916016404547,10,0,0,31.338473087890367,1495.7387441949998,3,7,2949,0.10911087914462284,0,0.041572761830091676,0.2183737074483294,normal,0
3731.4911815212895,16,0,0,35.12470813312448,3024.6494808139546,2,11,2957,0.17945774455433172,0,0.21854590648236893,0.050648664702339974,normal,0
13062.985794674587,9,1,0,73.98914365982468,2621.0057005816047,4,4,279,0.5339665482822511,1,0.16916726020009593,0.4875862356890272,synthetic_identity,1
1804.265118720746,19,0,0,32.80038544522677,2539.616159329149,3,13,2059,0.27406760825707305,0,0.25647425403340757,0.15242141281523947,normal,0
3191.5167721229004,17,0,0,36.846103114147624,3878.3495977009707,1,6,2862,0.0199314282984264,0,0.033385759230153196,0.20497033449195984,normal,0
518.2133735853549,22,0,0,32.313047231611804,3327.0559785388496,2,7,296,0.2344035720288412,0,0.07951742569125705,0.17245664677540987,normal,0
4034.7582194789707,10,0,0,49.81992659497364,1462.685721692288,1,12,2954,0.1790394954400363,0,0.2521950974223376,0.2996563757690112,normal,0
31179.101555692694,23,1,1,1177.458826850472,868.5027612221983,3,13,1304,0.622246695793804,0,0.2316818473928292,0.46673485970971307,account_takeover,1
643.8906840774426,16,1,0,44.37319617855458,1509.4242618219732,0,5,983,0.2372832711506505,0,0.09029494835432897,0.1596254338402409,normal,0
3795.816472442196,16,0,0,23.87980094131957,3830.1966862852446,0,9,1128,0.1314524021522929,0,0.18294427167220959,0.12762999420871424,normal,0
1014.1932885415756,5,1,0,15.780681301061033,963.727367880505,3,10,1340,0.223601673732919,0,0.15955821673292345,0.15216208023303404,normal,0
4463.583675625485,1,0,0,46.133865984918174,2160.0377587154026,1,13,433,0.07909806568186611,0,0.07627356151092726,0.23169711513797592,normal,0
3033.4265725654795,15,1,0,12.812680709716773,2746.0574765685374,2,8,2848,0.2892106367194842,0,0.267267828950903,0.1551438028075707,normal,0
966.7950590375212,15,0,0,11.529971742509154,1262.8172884597102,2,9,30,0.2052812755384043,0,0.07790814376300077,0.07393546658015626,normal,0
4356.135728128355,10,0,0,21.23425792361275,3069.5156888116517,2,7,1533,0.2956614639522133,0,0.17209760589674897,0.2665130829174712,normal,0
864.373149647393,5,0,0,16.875278922373628,1440.021809214014,3,14,68,0.15890223561025182,0,0.18735921953229262,0.14172240429699626,normal,0
786.5545612556175,2,0,0,10.540845897684232,3270.8830689999627,1,1,1770,0.15500569681113316,0,0.047383016303438295,0.21397196451769557,normal,0
3899.1961369753644,10,1,0,38.52735223839303,1912.8280652500719,3,7,388,0.2106129756427311,0,0.03118313270216424,0.09538037854628341,normal,0
4067.4076777028577,17,0,0,36.87108393109993,1587.5758380110046,3,4,204,0.0787657336413726,0,0.18691314064321884,0.19311988773870908,normal,0
2147.0572326199353,17,0,0,8.616797273407029,2779.086873288863,1,5,2845,0.05507473311001049,0,0.1815363355359864,0.24102972441059184,normal,0
4130.420492482564,8,0,0,1.2716170680970085,3409.993081443399,1,12,2162,0.29725173815276373,0,0.16890075731052315,0.1654043297839498,normal,0
4582.835512080198,5,0,1,23.332290037568775,2430.134075580444,3,5,2134,0.03063678754554587,0,0.10054267963817366,0.05237156131753792,normal,0
26927.93707952784,14,0,0,170.188392220213,1677.7363487849636,3,16,1373,0.22525210719635885,0,0.7813035532730511,0.380539970477608,social_engineering,1
4146.502077767337,10,0,0,35.523214179822624,997.976180400261,0,9,631,0.10549681675355387,0,0.013840877635511072,0.10093386893180317,normal,0
4481.062082412928,1,0,0,48.00092090129277,3317.920086872485,2,5,36,0.22935808070458313,0,0.0678580721001696,0.22029211816503352,normal,0
2407.705236930194,22,0,0,5.218204977219737,773.8627253117809,1,3,1960,0.11407860780349048,0,0.17894442335899394,0.1567397245645288,normal,0
224.6940235381793,16,0,0,45.0633790279217,1249.2779750969385,0,10,852,0.2142544775497917,0,0.05732343753825649,0.23499503946409583,normal,0
1989.4282033153336,21,1,0,45.9005780482721,733.7862206937181,1,6,1614,0.2541902592388264,0,0.21041388365187452,0.11729196272112066,normal,0
3156.3411158336444,15,1,0,49.07443318308599,3833.3698943164536,2,13,808,0.29200177985897746,0,0.15674623318462536,0.024604615312917067,normal,0
457.2189933027272,9,0,0,22.893702608621602,3306.540426216305,3,13,2874,0.14269085919278296,0,0.21669359437903354,0.14067520919274132,normal,0
2643.392975450525,18,0,0,6.765470134381885,3381.2734228335257,3,14,269,0.1644874745090881,0,0.1439711530650067,0.24184047749925208,normal,0
4746.603848278082,6,0,0,131.68793906622528,3996.211186036219,4,15,165,0.34251984229940463,0,0.24706442933621603,0.5727405284976289,behaviour_anomaly,1
4136.572882684344,18,0,0,32.343977165960055,1492.0498795960389,3,7,1364,0.025079620989590046,0,0.19392988468940367,0.04956966470043179,normal,0
1537.212192824767,21,0,0,21.70057056553144,2068.178085368131,1,13,895,0.07729535772750809,0,0.14915683120337184,0.15644041771067546,normal,0
15271.261970019701,2,1,0,336.7996959269433,1464.9554741478248,1,7,433,0.42604736625889067,0,0.17980879453144782,0.2967234650164961,synthetic_identity,1
2783.2026431533077,11,0,0,41.06270818893824,2330.1816213401253,2,7,1878,0.23749223326792002,0,0.23203246832989832,0.09068874701117104,normal,0
3006.4752732933944,0,0,0,0.9313844262196169,1516.703699583109,3,2,278,0.23432086107156372,0,0.14037622532240057,0.2939012540781787,normal,0
1209.955967576918,0,0,0,48.19578952929148,919.5279544733248,1,7,499,0.23650617871199298,0,0.12710829436823157,0.07111947556301236,normal,0
1775.7145816211948,9,1,1,409.0014849822574,1707.1355342148959,10,35,2013,0.21971295402352276,0,0.3135300391043987,0.4806208238979913,velocity_attack,1
1545.6994675053656,3,0,1,21.360166948902133,2878.559695381159,0,4,305,0.21154273168457907,1,0.06530250952767366,0.0235416936754847,normal,0
4709.3283010651685,4,0,0,34.90842055479912,1568.7909547887862,3,12,1548,0.26214690487897496,0,0.22490820479146714,0.2702945110863193,normal,0
4277.482364105255,19,0,0,30.218706844613646,2418.851240264169,1,12,1055,0.029077530641015134,0,0.07910027259623187,0.1566989514516565,normal,0
4237.349705424118,0,0,0,41.230783037250426,884.25586397896,0,12,393,0.26364904802969596,0,0.07434264296649483,0.012111827267095764,normal,0
470.4646990220788,5,0,0,1.1141214035535307,3848.457547403043,3,10,2576,0.04509482073689917,0,0.1718869677297175,0.2584671115744539,normal,0
639.7838646710994,18,0,0,317.3164209551565,2399.3644912182244,10,14,298,0.4881208054673868,0,0.11787259012241674,0.5066769703931469,velocity_attack,1
4556.327593592486,22,0,0,14.086213680016485,3522.387846858358,1,9,2129,0.17461891910356922,0,0.22654069820666314,0.07535817175607613,normal,0
2101.4323489015646,1,0,0,30.931084270402774,2029.9516962953503,3,10,2927,0.13281359395194067,0,0.0797051732103093,0.023313889462740576,normal,0
2232.7851703171136,18,0,0,43.63991489495106,2312.141048500576,3,5,2188,0.28278008200760457,0,0.17003232149109848,0.026483449020128447,normal,0
458.66002646537385,4,0,0,17.490164402344142,1166.340905036825,0,14,798,0.14365742355841601,0,0.2807131904907961,0.031085322973734297,normal,0
2969.262271087179,2,1,0,40.39808653818803,1773.5288590682042,2,14,1498,0.13989461015852817,0,0.05983204668314783,0.276983862388241,normal,0
2306.719796636522,21,0,0,19.309791045511478,719.299384257321,3,6,1462,0.12668568133978894,0,0.10192914431604763,0.0781873868684081,normal,0
1506.4868525570726,3,0,0,30.722447115805945,1667.1254996070468,2,3,264,0.21438878675590195,0,0.152697884889943,0.11067632919532751,normal,0
6535.230064524326,12,1,1,208.23859612733207,1757.5268675679508,4,12,896,0.5789928709290034,0,0.33195930951271047,0.6039662420540908,behaviour_anomaly,1
2926.8290346691597,14,0,0,32.81167161468159,2619.066620885244,0,10,2495,0.0010082565545787901,0,0.252536474947611,0.26403136327174803,normal,0
790.5287023763369,11,0,0,22.205768475848725,1086.367428404361,1,10,246,0.12240906860083312,0,0.22029054993101121,0.2142815383073087,normal,0
1839.4818985764928,21,1,0,22.023396548928538,3724.815963348508,3,1,1962,0.16441384624898428,0,0.25596081451797975,0.20335334925673387,normal,0
4424.543396184502,3,0,0,29.53840297882414,1263.782374571941,1,14,558,0.1054802354004981,0,0.18544050351848332,0.01506101646462138,normal,0
1226.1509564083303,13,0,0,33.65589815761504,887.2520163682318,1,7,1382,0.2363242354766294,0,0.2902935648426566,0.2356440689862085,normal,0
4031.7405497127993,18,1,0,27.377216044714856,3200.0155277305457,0,11,2594,0.12136470366987079,0,0.2066938557349475,0.21767739967731853,normal,0
2192.828164268656,5,0,0,31.725947720312337,3806.031382353409,2,2,1686,0.27826975255189634,0,0.1066826809885857,0.04550380894466346,normal,0
920.6646530694418,22,0,0,18.588302541330304,3898.2224744817736,2,11,2394,0.10495388040724665,0,0.020135797315126037,0.2424150357002386,normal,0
1370.5541184422914,7,0,0,23.362542407201037,726.2624686874054,1,8,1899,0.16373975520370182,0,0.2485402559648706,0.03990290824899223,normal,0
8879.346446810232,12,0,0,194.67506679060438,3689.242003153648,4,11,57,0.46131197934235657,0,0.06443521473669804,0.22657592202722077,synthetic_identity,1
14028.402216032075,17,0,0,216.70546195409963,507.48897075901175,1,15,80,0.5829674153033781,0,0.12942218422890056,0.3189930507114017,synthetic_identity,1
4365.834282725434,7,0,0,9.657855163482736,1501.350130971401,2,4,1090,0.24829900274535932,0,0.05522179785415963,0.13363048059282104,normal,0
4679.265015506026,7,0,0,41.35654258102712,3612.4908682408613,1,8,2626,0.24068229691342846,0,0.22057776393407683,0.11189082389792175,normal,0
2099.943285246821,11,1,0,29.818676533370454,3768.7670779924097,1,6,2766,0.28771778210151405,0,0.06438243340909942,0.18140767962052567,normal,0
10612.61478233261,16,0,0,152.3318246963153,1481.0539220394471,3,10,456,0.09921689717622728,0,0.7241011879179622,0.4883242797803363,social_engineering,1
3610.345848594685,14,0,0,17.192015192986116,2302.079719902913,2,11,2725,0.2792908474465041,0,0.2009411459768547,0.14020186630387874,normal,0
16654.08377072752,12,0,1,173.48866588786254,2479.8381518964006,4,7,403,0.7527244788411616,1,0.37730722756584173,0.789739995377897,synthetic_identity,1
3149.481996624506,18,0,0,25.42520638066795,3776.818654188985,1,12,1625,0.0023780336004626036,0,0.22312726579113748,0.18297461136159546,normal,0
3841.668391382828,4,0,0,18.419868511051074,3066.793430276613,0,10,1058,0.06982511186504989,0,0.24642650346714898,0.022771694972580015,normal,0
725.7960698126507,6,1,0,2.89262454995457,890.3321263900493,2,5,188,0.21202437107287656,0,0.05047718062095417,0.21563295735785393,normal,0
8218.249735294059,20,1,1,73.92400715883367,2480.7749186591273,2,3,1224,0.6593889510003338,1,0.4753421578136621,0.7508086664530913,account_takeover,1
29453.061680507555,14,1,0,704.2249974808782,1487.9168820775944,0,19,2575,0.2160313252516613,0,0.1551235194201599,0.40832993291917,account_takeover,1
104.62273481139232,12,0,0,37.282289869226254,2387.778440956597,2,2,1466,0.003200223208581299,0,0.013676599358240437,0.2524844409489138,normal,0
3846.78965688588,14,0,0,11.39663286685772,2194.9633533759643,3,13,2814,0.15366679197221025,0,0.1591868439682068,0.1875042598005272,normal,0
4713.177563004973,16,0,0,2.806849020490787,3904.137922152658,1,8,1611,0.24853754698190395,0,0.006057167731284307,0.2747347520838917,normal,0
4037.3345313667564,11,0,0,32.001731197106544,1119.4147045324721,0,5,1951,0.2700419198477101,0,0.002284165002080507,0.10165644059638428,normal,0
3372.8079941377728,7,0,0,11.896822620939401,1181.1739922673626,3,12,2472,0.21308155616823557,0,0.13459135817186677,0.25885279999980365,normal,0
4511.294144890145,15,0,0,11.14331549462203,3483.854017583416,0,12,1932,0.1238004062451466,0,0.2414692176713903,0.2486051276124372,normal,0
4309.647612469891,6,0,0,11.305731511780975,2714.190955028985,3,13,1798,0.14220142647183986,0,0.25084026512531277,0.0717164699721051,normal,0
2396.5964829953546,18,0,0,38.63343674320849,1849.7258614721893,3,11,2890,0.024870589237218042,0,0.26174595457751776,0.16155350397838267,normal,0
1515.9457721131866,2,0,0,33.64852019649467,1534.2863627996542,2,3,2186,0.1777271466233415,0,0.22614955092039546,0.24794506441020286,normal,0
4617.183751613273,9,0,0,3.174484740735295,2173.9402031127474,1,7,1737,0.17225583818175358,0,0.2286541284708327,0.053827831528512594,normal,0
1419.2918316519667,11,0,0,33.001505531501145,639.8430200074008,3,11,2835,0.19977429990247825,0,0.15747156803318005,0.12585093266233924,normal,0
2749.112095889522,5,0,1,42.29840723273205,1622.7502907018463,0,6,2876,0.0008569508451547247,0,0.048385692440944546,0.29353876359656594,normal,0
2695.3326473335374,15,0,0,49.94707852842265,1838.5153879326226,3,7,1547,0.20785976086058672,0,0.05875936785054411,0.1266316728843808,normal,0
1286.0205777263845,19,0,0,25.626131961532145,1964.678522500659,1,14,1664,0.018839997696867273,0,0.21340817723269792,0.02884237695323992,normal,0
1790.582515630374,3,0,0,49.1273100975561,1643.1634095407742,2,9,2297,0.17078279615471914,0,0.04035712756906751,0.2245895430609668,normal,0
3378.2094529126307,12,0,0,47.63490695851374,1097.0403435458006,3,2,127,0.0004772479547321073,0,0.1162471465643352,0.1930044438136244,normal,0
5103.136250426596,12,0,1,370.9150667210202,2964.801904025567,2,14,2883,0.6909819072772914,0,0.036140757397224,0.6858127977347958,account_takeover,1
2427.9403770471636,8,0,0,12.207982811531092,2449.884692364517,1,8,2089,0.14533199620951975,0,0.2138698956249713,0.1289457467885165,normal,0
3826.820648030883,20,0,0,38.46211895877281,3691.2349760734915,1,2,2656,0.1253641354080883,0,0.29099595487320545,0.003350479589644495,normal,0
4174.4398322498955,0,0,0,37.75961298128725,2340.500806134967,0,2,1829,0.039851597035229634,0,0.2863996617950987,0.17507072242166707,normal,0
2996.5384859667306,7,0,1,29.713640529967623,910.5145717511327,2,9,2583,0.061096000309484505,0,0.12560344070498872,0.26330347511161667,normal,0
715.1939705025378,9,0,0,6.019858774064746,3855.4314561903143,0,12,2920,0.17200374252599135,0,0.26423794798705336,0.05492669746978555,normal,0
7454.56980496988,21,1,1,54.10530618378839,2540.5610061273683,0,1,1692,0.6398319530016401,1,0.1052784752155182,0.6363196143066957,account_takeover,1
4860.510185415148,6,0,0,37.88320389925302,3814.1061879619856,2,12,33,0.18309273554045263,0,0.15677772393896663,0.27802095802852445,normal,0
3049.4248119741446,22,0,0,7.957951592495155,801.0136420715513,2,8,2353,0.20217273343654354,0,0.09887398513856857,0.10369508733617745,normal,0
7013.718844910666,22,1,1,196.7275616719204,2935.1502833158556,0,7,122,0.1303723560348396,0,0.48086242695287434,0.38637165317909494,social_engineering,1
1173.4371645991032,10,0,0,20.767403465943485,1043.8819173940228,2,5,1794,0.2577807810104521,0,0.05727172487300338,0.14504425196402998,normal,0
1281.8871422377533,13,0,1,39.106586222892815,2757.5862456340906,2,9,209,0.2791231207888581,0,0.17646654737823536,0.17707192500273153,normal,0
45120.893107128,16,1,0,9.875318523031495,2814.8393815638697,1,16,1859,0.708276278249699,0,0.13774606721089744,0.7776478437476844,account_takeover,1
1739.1053148354674,10,0,0,44.44864421400472,3268.185257496676,3,14,793,0.10504371806396559,0,0.15821938947454975,0.28893725832617667,normal,0
34484.30721819678,10,1,0,187.06130047763574,2148.1062895913487,1,15,1027,0.3761164357136268,0,0.4338415392985978,0.6446973914170377,social_engineering,1
167.35321465559173,15,1,0,12.353222039482226,3881.7291653048273,2,1,348,0.2689859363137965,1,0.2148696393066404,0.050797107869799275,normal,0
798.7113060013528,9,0,0,36.492254435595115,3357.445341654975,0,1,2021,0.2765187464967515,0,0.18107218973285552,0.01423497016244224,normal,0
4226.382723364973,1,0,0,20.137627924534453,2945.5482399577245,1,2,1859,0.05203874889538292,0,0.18921817891757564,0.08421228129754459,normal,0
2213.3783610709716,21,0,0,31.87142381876347,2225.183725236362,2,11,508,0.13098449594740633,0,0.2802810532330622,0.23584668555300015,normal,0
175.51506927716727,10,1,1,4.108009502261312,2019.4858074386173,5,29,1274,0.2945220608560747,0,0.36103156229958655,0.3715750473111239,velocity_attack,1
4915.423750460891,4,0,0,22.634213608603453,2366.4916877584183,1,13,1806,0.24870181729181381,0,0.08074586832582051,0.24701299449207584,normal,0
16023.60439196297,1,0,1,399.2186407424309,1643.0251537479455,2,16,539,0.677478657938694,0,0.09652023047456969,0.5371719810823709,deepfake_identity,1
406.3788491399441,14,0,0,17.22918973298162,1447.7208856474285,1,12,1557,0.24209638447665746,0,0.20569513516905064,0.0032058416935884736,normal,0
2747.4670931313485,22,0,0,37.10663928123188,2605.5087524972755,0,3,2917,0.00861814009617986,0,0.16879373160381664,0.006238588002887613,normal,0
228.3638718071175,2,0,0,37.6317842674534,1117.526578970802,2,8,1210,0.20171637763848851,0,0.20716199094435,0.23580566532763755,normal,0
4494.150580669483,2,0,0,12.274205357363732,1299.6101578469943,0,2,2342,0.0753207400780936,0,0.25821095187288085,0.21548760212140458,normal,0
3497.768427475914,14,0,0,28.678804387600803,2917.0127717885453,3,14,2320,0.2021394338906719,0,0.1250111228385483,0.24398607087677146,normal,0
1305.1928690840898,13,1,0,14.057575170732296,2907.2764149509544,3,3,458,0.2035131906779837,0,0.02572919333313949,0.002941072823118218,normal,0
37058.42099765579,4,0,0,198.58259094525567,1832.5636680458065,0,10,1434,0.3562900831764567,0,0.5207963941770668,0.3789739808244875,social_engineering,1
1308.7264361559528,6,1,1,15.368923550213681,3315.7775718912935,0,1,2466,0.0893897584261008,0,0.04584825265320486,0.003010034678498907,normal,0
2423.849602787073,23,0,0,14.725612771888347,3462.5809511236694,2,10,260,0.0725092007392326,0,0.00982372635700428,0.06687627157388708,normal,0
4461.026174906075,1,0,0,7.636619722685451,2724.212561456444,2,13,1459,0.2870551263651913,0,0.1608300667752657,0.28462879651531003,normal,0
1271.9825106580356,17,0,0,35.66078232216249,864.6636133831894,2,13,1964,0.04211768515897859,0,0.04995760613106028,0.06098414369404806,normal,0
2593.563722396174,15,0,1,26.013965634869123,1352.7551599002952,1,4,597,0.24688646262193767,0,0.012754315771378266,0.08624664271200864,normal,0
392.1248941888292,15,0,0,42.89835456207795,591.8070921907774,3,13,195,0.12612961791051217,0,0.2978297912999168,0.19307006576580923,normal,0
518.9918011868936,16,0,0,25.633482658800105,1679.042958960527,0,2,2155,0.13787805682222137,0,0.16146130033907685,0.1505945932662932,normal,0
11713.25775591952,17,0,0,688.0328108390202,686.021554891916,2,13,378,0.6100244173737828,0,0.3130904777551071,0.5563150412111897,deepfake_identity,1
843.2069106904808,23,0,0,11.55874355940213,1081.4383328405588,3,12,427,0.09574633796907828,0,0.0046312464187191925,0.16124606639009817,normal,0
4794.560052584963,8,1,0,42.670136109043916,2681.9512836879608,1,10,680,0.09694421393110304,0,0.1419821232536278,0.22836320580165048,normal,0
2391.6379411758976,5,0,0,6.543053316233028,2635.5707310694143,0,12,413,0.16581175279385474,0,0.13508930463549107,0.2430999605756438,normal,0
1708.0794657082988,13,0,0,40.3274217580529,1395.4208847888424,0,2,1252,0.18215256609870234,0,0.040015425155124226,0.17270765871482013,normal,0
3358.7743461324926,11,0,0,31.440490089705385,2753.1169208334436,2,2,906,0.10311216513154904,0,0.03454550258841031,0.0851470904555974,normal,0
4121.411187757219,4,0,0,13.96273904572265,2940.139731081662,2,11,2894,0.062456060700785784,0,0.08397076267297258,0.19110705368467235,normal,0
495.0154853310486,22,0,0,25.413850197158784,2294.6386238588457,1,4,450,0.2682480548467976,0,0.19890744712058314,0.24113936871806232,normal,0
2648.8324723226806,11,0,0,28.218923044438153,3916.4129534601407,0,10,1577,0.23901164962103918,0,0.2572694272440167,0.21260320312459913,normal,0
3074.962876329527,12,0,0,16.025497757980684,3034.117588295314,0,6,1862,0.21890965029327294,0,0.07427060997949389,0.247491855258391,normal,0
2149.835934101173,14,0,0,7.800690801176896,1543.2623383324158,0,7,2311,0.11846947450234695,0,0.28458960040842496,0.20903310833467886,normal,0
2513.588446691158,7,0,1,4.5064270134087705,1680.2324215885517,3,7,2285,0.17471478382001115,0,0.13927818402736272,0.1565548799663601,normal,0
680.6628556309427,8,0,0,35.09768886642932,1997.2023570213482,0,11,927,0.14126664021833668,0,0.20408225956072912,0.06516382169210885,normal,0
3087.517383247818,17,0,0,0.6452098498757886,2451.2674173818286,1,1,389,0.055013146376449884,0,0.20800516336421498,0.04778580606527879,normal,0
3544.7928985863714,13,0,0,1.380802863113506,3681.990992098511,1,2,281,0.1388253244889335,0,0.2338461180820468,0.13760866207966704,normal,0
3088.0825315857733,18,1,1,2.8996209284977423,1795.6198120744361,3,13,2488,0.017200428066753114,0,0.0017134659540913755,0.24077740641649706,normal,0
1596.0223158139834,1,0,0,26.600890955596967,3599.118388638429,2,10,2173,0.1950932315686758,0,0.157921380313825,0.21285664159084985,normal,0
4421.446015692755,20,1,0,29.034790987509922,3611.5867295311264,0,14,2540,0.13845843243008757,0,0.09001487383343898,0.08877754850043666,normal,0
4420.283998033189,21,0,1,31.227089866990575,1361.7897819463608,0,2,1332,0.20649449918893084,0,0.06042477725749999,0.27394056333226563,normal,0
3175.5774980781625,2,0,0,2.3671932274719976,2447.5382643807634,1,2,2911,0.12135347363464614,0,0.016791113290913904,0.1863477776847552,normal,0
3345.3373197805277,15,0,0,47.72375665470957,1914.91471531908,1,7,2169,0.1017640045476599,0,0.2139547594932509,0.034547794714037884,normal,0
1192.8083279625503,15,1,0,9.28678090970525,2454.1863114405232,2,16,818,0.41652607294731847,0,0.3531977033022391,0.7543496091081918,account_takeover,1
44389.7709548173,15,1,0,202.0174082061375,1585.0213975637575,1,11,2911,0.23210494923791752,0,0.6502487963194314,0.6194769006941792,social_engineering,1
4428.0406469884965,2,0,0,4.118106590414028,3550.8023798066347,1,3,90,0.10948166015555429,0,0.2918241863883826,0.012239864266683298,normal,0
2981.202270805179,4,1,0,38.70718098707818,3118.2983745500164,1,14,1499,0.012163941494543572,0,0.006035435386543419,0.04305711902477004,normal,0
3624.0887135340927,15,0,0,11.11782265959561,3939.986363667217,3,3,2508,0.09632196000711862,0,0.28015928629624703,0.10048950644757355,normal,0
4509.1833938676355,6,0,0,42.471486985882365,1304.9868909433635,1,4,1977,0.1500592037593511,0,0.23621339080410414,0.29087135504199835,normal,0
1148.5739256217364,2,0,0,44.159278935033136,1761.391199970355,2,5,503,0.11110061519942192,0,0.1277865455090821,0.25584475139349533,normal,0
4725.80625974445,23,1,0,5.836242020537852,1214.5020861123817,1,9,1030,0.28755182088574094,0,0.22775142064201315,0.19427762341608917,normal,0
1456.4562064517527,6,1,0,9.091108065744896,2554.30800510012,1,5,1743,0.2517626443886673,0,0.12509500564465773,0.0454021161547866,normal,0
2541.159010620381,17,0,0,2.3383284126416823,3873.8677345528076,3,13,181,0.12946772135132512,0,0.25301872141488035,0.1392527296111878,normal,0
14678.202948063112,0,1,1,164.42502951774034,1035.25009902471,4,1,170,0.7721780470964879,0,0.1935106898056393,0.6130775239474735,deepfake_identity,1
1742.5194321172764,5,0,0,22.625366822964075,1255.6353010325984,1,12,2420,0.22163237791794754,0,0.0758018272244713,0.05985145075630682,normal,0
1417.108313647971,21,0,0,15.66403646945307,3963.978939391019,2,9,2392,0.2691736436652783,0,0.08781330069311379,0.2711103931194457,normal,0
4838.920414769935,18,0,0,1.018857354011582,1586.3855109958151,1,5,1476,0.11590961131694898,0,0.06378089521682936,0.28627007038794006,normal,0
651.6932859930529,3,0,0,9.98502080331416,2335.0428055835805,2,2,391,0.03584573793036853,0,0.24998119475737518,0.26599552352449773,normal,0
4047.6791462803753,1,0,0,41.645913906431495,1336.3164955405878,2,6,30,0.07977470383159548,0,0.0843973285683981,0.23606219088624142,normal,0
674.8101259157329,6,1,0,23.41279544103218,729.8364825150596,2,5,2100,0.21976926446126738,0,0.2468433535479963,0.009962823909948947,normal,0
1734.7791396006417,12,0,0,41.56103314036943,2211.4719380890792,3,3,504,0.2284986348881095,0,0.029548891931914623,0.24605179722722886,normal,0
4093.204669848642,6,0,0,22.966674780557867,2689.976409728061,1,9,1138,0.2839849318769622,0,0.2768050119448057,0.29324555535591207,normal,0
2868.9180310185056,7,1,0,10.823008694864484,1948.749981193943,0,3,179,0.2693458475523182,0,0.2965952094685987,0.2570320868990329,normal,0
4611.3878638152355,17,0,0,6.100493692538023,2593.348393764246,2,1,2681,0.20503829760413597,0,0.27616889915181325,0.21388798080135205,normal,0
4445.93201102542,5,0,0,42.82132444293222,3977.019172793464,3,1,2849,0.2244135265055869,0,0.015655988961714763,0.27099643404562135,normal,0
4596.4716617317235,17,0,0,7.662610792182672,897.9622455666611,2,2,1031,0.19711765633262432,0,0.2272983884213836,0.05684074486030207,normal,0
4903.806830616707,19,0,0,35.89092060490886,1315.1313921933724,0,1,2315,0.08320061616692265,0,0.045223636382846356,0.017636525833700477,normal,0
3778.012283040206,16,0,0,47.683302854770886,946.6416674718078,3,13,933,0.12865548282505104,1,0.12251963499817342,0.1737352393465204,normal,0
3640.015364781376,6,0,0,32.07849928329462,544.4053898150406,3,1,1563,0.09890336861560123,0,0.14087185292622026,0.1302176332176705,normal,0
3430.271685196042,6,0,0,42.78645420708704,963.1095554998519,2,9,2630,0.134737843625708,1,0.00540575727218906,0.03277194758153783,normal,0
754.0518648381245,19,0,0,36.70285521651001,2381.1182959415064,1,14,1395,0.1974611970282339,0,0.15511015451264956,0.18496787147190102,normal,0
2664.6667175178404,9,0,1,25.11827444613551,2852.543951738289,1,4,2701,0.10956562624721035,0,0.29737913571043095,0.16478103251964207,normal,0
240.39689513050712,17,0,0,32.321102705777946,1444.8237227829272,3,6,2453,0.13814335033108463,0,0.08522345519887975,0.21270207746170924,normal,0
642.0955110805154,2,0,0,25.00846145920675,1870.242083998433,3,11,1123,0.1836366377097509,0,0.19884336087363932,0.2681286532223924,normal,0
4897.614196274257,19,0,0,15.344659109453978,990.5007515597915,3,5,1601,0.08535115425405855,0,0.2093096086021606,0.16727341808488896,normal,0
1601.4357018200783,1,0,0,46.728447335522766,3813.329407774619,2,10,2356,0.24127936005766248,0,0.141678120300783,0.18117020018229144,normal,0
2670.1058088942477,21,0,0,36.85421790794932,1969.3890577089567,3,12,2187,0.1076217882048081,0,0.11652681269359971,0.053077684213141574,normal,0
4279.746331790065,20,0,0,10.79289503826062,1536.6777057536972,0,10,1919,0.24613483707680642,0,0.06695476711581981,0.02597260765922139,normal,0
1162.0250204448007,2,0,0,19.35606694952716,1484.948515099118,1,2,683,0.14044940370213543,0,0.22432660435872515,0.1707476097419702,normal,0
170.46908575321663,6,0,0,34.57791834127716,1075.217275206045,1,12,1159,0.027458997625229752,0,0.2937829642508045,0.12345339546697541,normal,0
419.50249717641105,12,0,1,23.3319181976543,3926.449199563371,3,5,1636,0.16035821226729532,0,0.001144066617630446,0.03509156603773545,normal,0
3895.7055251251613,23,0,1,37.947990772138034,3134.669943975832,0,5,1150,0.08497491282437038,0,0.10708998796993181,0.1356076327196399,normal,0
14454.139089923703,17,0,1,505.1046033533605,3068.247013480241,0,12,477,0.40331277548831485,1,0.28269298936984916,0.7908355737485437,deepfake_identity,1
6220.529958230913,1,0,0,314.3509760061019,3798.1892135415555,5,12,1409,0.32452675449882606,1,0.3760734528207871,0.6272498770010017,behaviour_anomaly,1
2061.532897247671,9,0,0,12.056850885500198,3344.8634386684917,1,1,1019,0.14971917448002542,0,0.1987864362270281,0.2033776245790789,normal,0
4170.035098159873,13,0,0,1.5036113740972967,1935.2931216946258,3,4,1301,0.24748401236135684,0,0.2799322862645994,0.16960592170065583,normal,0
8958.210397034194,2,0,0,317.87912959276514,3973.4916148272655,1,5,344,0.6104985650128631,0,0.2734052994834675,0.3262303660059111,synthetic_identity,1
622.4928579889906,18,0,1,422.00375798731733,2792.581480112075,7,23,2563,0.11611970926363374,0,0.31385559726320883,0.5594339690736861,velocity_attack,1
2763.337264978966,9,0,0,41.224013312744745,3837.1256648537055,3,7,788,0.14548823569601874,0,0.19825534463711622,0.11138664383339163,normal,0
40955.30090204414,15,0,0,261.2350247656347,2275.607384273412,4,11,2182,0.3221092357171827,0,0.7328908260594198,0.3510043781783561,social_engineering,1
1702.0110192497089,13,0,0,7.723018027673284,3688.7381976511506,3,8,2616,0.0881917852036278,0,0.08286377299626878,0.09625635901983538,normal,0
4312.262192227772,15,0,0,2.081535935725065,3070.071488908037,1,13,2602,0.22188544988609238,0,0.21962207781998352,0.25785444231057225,normal,0
2050.225935477064,1,1,0,44.26084646661867,1908.4550317468827,0,10,2419,0.21992141105025545,0,0.1786447303544218,0.01023898199521447,normal,0
1656.026666754196,20,0,0,110.56968679762097,1989.658036555474,8,31,1123,0.2812092458369852,0,0.18085448480594166,0.6774581089648304,velocity_attack,1
2029.9355877053765,7,0,0,26.4073940397682,2860.517153454148,2,12,963,0.05699571035581355,0,0.2643235597293653,0.05638683259696909,normal,0
670.1953496388328,23,0,0,44.79653490402285,3679.764629196644,2,6,2514,0.23053791847968913,0,0.23800944261299806,0.060199826079369495,normal,0
2402.942513973889,9,1,0,31.318307692574532,1601.929414308891,1,6,418,0.03220476484669419,0,0.00792219587671592,0.25088260543434476,normal,0
1382.3578503059393,19,0,1,7.285262624460192,1073.3839519473884,2,11,2488,0.03376543514396883,0,0.045138903496985336,0.19397457535132728,normal,0
3406.9766949653585,0,1,1,6.746667148015723,565.1990247220112,2,10,2232,0.2309351236711207,0,0.04699752300668536,0.15276616850102,normal,0
634.1667166405507,0,1,0,38.577907890764315,3019.8094359751435,2,7,1370,0.2633165902321933,0,0.03328484223207031,0.11276762892550699,normal,0
1668.2430450499976,14,0,0,47.61369798143436,1635.9606806625304,0,3,313,0.03390759061606866,0,0.2772717901301186,0.20042885462545876,normal,0
3701.8481146390404,11,0,0,31.146852901653144,2531.843154336094,1,4,146,0.19157166235998568,0,0.07890145319230962,0.13040116978923333,normal,0
17723.370246768263,4,1,0,69.94289405217785,627.8008931718846,1,1,357,0.49184931308259017,1,0.30773437857318114,0.3274390200873071,synthetic_identity,1
3588.8686996208257,21,0,0,34.77041811978337,1635.4446878745712,0,8,629,0.2762293558898812,0,0.23033514276193665,0.25047966718855824,normal,0
3997.704807869673,15,0,0,26.69058571291724,2471.9193838886777,0,3,700,0.1925086161358361,0,0.09879385650238941,0.15718214003794576,normal,0
1205.956642750128,2,0,0,497.7408620222549,2752.3980864485284,8,14,1595,0.21460022515573712,0,0.09406548513305771,0.31891836578177873,velocity_attack,1
2145.2344334128247,12,0,0,32.65682054090617,3592.78668590469,2,13,1790,0.2758824530861317,0,0.2363235282204888,0.011502025399543214,normal,0
226.2710339453206,21,1,0,35.79126593970188,2443.5450624437394,0,4,2732,0.03186422793920559,1,0.2243479977678892,0.24910852778341197,normal,0
45740.736945011646,10,0,1,76.72411452297861,2484.0707545682844,3,2,1084,0.09772843290776906,0,0.8076011295647509,0.3518238492301744,social_engineering,1
4792.39506673568,6,0,0,47.04823071731836,2690.3985014720797,0,5,1532,0.27872544615239264,0,0.2470132004738536,0.18730743584293194,normal,0
4044.976829001561,17,1,0,27.41787122178379,2735.061931520427,1,5,693,0.01600431732482741,0,0.22303221721622593,0.022741202849951004,normal,0
41666.07039232785,12,0,1,69.18748073514752,1659.0176051037388,4,15,674,0.1985933760553012,0,0.8196296034542238,0.2777281899939758,social_engineering,1
1901.8074349912242,4,0,0,43.34717479709345,3782.9269245978317,0,2,2186,0.1673712266035085,0,0.2869593177047409,0.09053398495277794,normal,0
2846.1590918041557,13,0,0,14.447678276401804,1774.3320049040597,3,12,556,0.11460739132182556,0,0.2953201497918305,0.14479367172539456,normal,0
3740.119318972901,9,0,0,33.259918501459154,1503.4428021523167,0,14,309,0.24171508521507223,0,0.08061733637994256,0.19973586703163024,normal,0
4410.047333887634,4,1,0,29.882167333169168,2639.2723559921133,0,13,2911,0.12388036790008927,0,0.2844294680055535,0.11023513327653246,normal,0
3255.13084235154,7,0,0,21.487060206163726,2716.4184389147294,3,2,871,0.026166477825123522,0,0.10386202226612634,0.21805986186774654,normal,0
1068.0315297705768,16,1,0,249.7621991489403,627.5283793395876,10,21,1349,0.22570501556242528,0,0.083679620043633,0.6794419011391212,velocity_attack,1
19024.965142043835,15,1,0,258.50251614131906,2277.8837418436933,1,1,1739,0.5258152588544853,0,0.26997127225558437,0.5427572601944264,account_takeover,1
2672.741767202385,6,0,0,44.48138349536423,3521.406945431081,2,12,1003,0.21983815641632307,0,0.27408000182025855,0.10305394653047682,normal,0
2869.152599587124,14,0,0,49.083282496495286,1543.7226846812744,1,5,2196,0.04273822387812005,0,0.0941491518133547,0.23313507444643156,normal,0
4737.636914436986,16,1,1,22.82436783301417,3460.5535042192673,0,14,1134,0.08087082953080293,0,0.2246985253993695,0.24675817155472426,normal,0
3569.555631200623,4,0,0,47.367245146593895,1706.9973350002147,3,3,1516,0.26032917423459406,0,0.27250149638775767,0.29992775594737286,normal,0
3964.2133268947914,9,0,0,30.29528726577691,3924.4678968732615,1,6,2912,0.13290097954465344,0,0.00030366892107768216,0.2199097425787367,normal,0
4647.6098375976435,14,0,0,15.45962996547251,3891.3354602865247,0,9,872,0.1703256207384664,0,0.07437740482464175,0.06771051170952429,normal,0
4124.125757342551,23,0,1,15.94109480530294,3060.0096284966203,1,1,319,0.22793120925635332,0,0.10904189694833333,0.018166834262251883,normal,0
2828.3261860459156,7,0,1,35.173158214499956,780.0511273944576,0,6,2876,0.09103165419908145,0,0.19980830485391196,0.019136615076791662,normal,0
3737.129822036205,7,0,0,5.188398308231035,2698.7856676715396,3,6,2139,0.03529168016828804,0,0.13589107534251615,0.08660722021879064,normal,0
18289.114136062253,17,0,0,280.9631354967272,3008.2361387796454,2,13,116,0.4473393217291234,0,0.21152543700255955,0.2761025939781365,synthetic_identity,1
2015.4393799370218,0,0,0,41.03300197056246,854.9294050062865,3,11,1885,0.2762517558281387,0,0.2428770332120095,0.053761396266913127,normal,0
3672.0072021135006,19,0,0,2.3138255257624527,1553.2568315037504,2,4,664,0.23757112775784459,0,0.2700902807075026,0.11027231614139456,normal,0
2183.5461718992437,15,0,0,14.327295885923135,2038.4536622553728,1,5,2182,0.12317008358817604,0,0.2294629456773529,0.016234183972772254,normal,0
2397.6218789594295,20,0,0,68.88629061606805,1619.116956171439,0,13,497,0.5669882106143826,0,0.3486434561406727,0.5581059726575661,synthetic_identity,1
4250.147385614597,10,0,0,21.554260892950904,985.7398373809434,2,14,249,0.109639603485268,0,0.12210483623639683,0.21936346470196652,normal,0
31489.35631214614,7,1,1,784.145693758219,3064.489838790336,1,14,2800,0.7221351109448866,0,0.3195010898616998,0.9226361853983341,account_takeover,1
13598.712916262934,18,0,1,190.3958499102521,742.0795914755181,4,3,862,0.06014201233429964,0,0.47180777348419284,0.742022671045443,social_engineering,1
4664.619080116457,15,0,1,10.19419609684133,1898.9847055488078,0,11,2145,0.17534136098598832,0,0.10363032968983461,0.2838001535771194,normal,0
528.4878588194387,4,0,0,21.365552089374333,3743.03173979447,0,8,1455,0.24518533489080588,0,0.10973512258137079,0.16016261436556203,normal,0
3671.0124668081726,0,0,0,34.0314457818801,724.3779918325569,3,4,1396,0.10519273938732632,0,0.19550240180565007,0.24353460284763126,normal,0
2464.746054741451,18,0,0,35.52553247655457,1288.8968889362409,3,7,2097,0.25537158876476074,0,0.21547744465203802,0.06743417392372161,normal,0
1125.0087804988464,13,0,0,19.888960865682385,2538.8753391947716,3,12,2715,0.22739101573819848,0,0.21093796340195028,0.18196278281127407,normal,0
732.8811342423254,4,0,0,12.687436019744597,1575.924239587863,3,12,2052,0.17796222264746603,0,0.08322694957968635,0.17599926091322451,normal,0
3928.477093161795,1,0,0,1.5693003198432531,1995.2753510180637,0,3,224,0.04079809525075421,0,0.16611297780978315,0.28477104388077384,normal,0
8829.386562331516,18,1,1,239.0633370927497,1786.7232910651232,4,7,85,0.4928008479027824,0,0.1040293044906143,0.2139810027336621,synthetic_identity,1
881.9055017053262,0,0,1,329.36880567216366,1416.985045516305,11,23,688,0.12193015011855175,0,0.24836146799561112,0.4617955773484824,velocity_attack,1
1947.1062397879857,12,1,1,370.5009409041642,2655.0994110211914,3,7,260,0.42077854407283394,0,0.251883581707429,0.6324487319637762,synthetic_identity,1
4405.286933140274,18,0,0,45.63610416456454,1134.5200651600649,1,14,1352,0.2922344753215598,0,0.2095950765665935,0.28335347842593517,normal,0
51042.93216041939,17,1,1,1180.264153539352,848.5968096021072,2,16,415,0.8424653612992616,0,0.3839064814782435,0.43881951440705713,account_takeover,1
4751.4382206035225,18,0,0,22.17600921953748,3204.9665302605754,1,6,1984,0.25612614865355166,0,0.28486159229024316,0.04499193015042223,normal,0
887.3387289718228,5,0,0,49.28304787284022,1616.7280432687924,3,7,1217,0.259691736185638,0,0.23846698671707842,0.046525004147333314,normal,0
3940.4232281721256,2,0,0,49.91771756616132,1889.843127240843,1,13,733,0.14526211419560747,0,0.1077661976833609,0.08441957673613604,normal,0
2970.30034823997,3,0,0,16.79777703641462,2821.9152083491344,0,5,1014,0.22371653857899854,0,0.15985524454437702,0.1195821394304665,normal,0
40228.53119104124,0,1,1,729.752081042259,3658.598743746429,5,4,147,0.4992459543058423,0,0.3165642711221387,0.9564266940113452,account_takeover,1
3345.926657335234,2,0,0,44.28118627786948,749.4709275676379,1,6,1510,0.07626106337697183,0,0.21550923079852963,0.2930571376749857,normal,0
3986.400082584023,14,0,0,48.24470617389077,576.2947824216536,3,14,1847,0.007217054020132185,0,0.0932720425177225,0.20897227049762107,normal,0
3653.762536034169,5,0,0,28.87674624719233,2130.843192320077,3,4,2728,0.17148098857081956,0,0.1089242133630285,0.12228791152301216,normal,0
46286.55271020033,19,0,1,944.84864397332,1914.951146612971,5,3,650,0.34762468271055796,0,0.23863496032356296,0.8219879522692695,account_takeover,1
159.55692598010006,11,0,0,12.872449392129543,736.9637556234377,0,2,1166,0.1523838692997145,1,0.25581870682773855,0.2374265266227818,normal,0
183.04355795894685,13,0,0,45.917083031683525,3606.351696037524,1,3,223,0.09341795424525459,0,0.2755203581968825,0.26419515970267066,normal,0
3140.321546754656,1,0,0,13.34033376558305,2176.4117310732427,1,6,1318,0.22934274264903173,0,0.21521265528141373,0.09109155719096673,normal,0
296.28968334840295,7,0,0,25.68001893185596,2473.564885258481,1,2,1656,0.21804337731019116,0,0.24987712622967562,0.11079703882486312,normal,0
2211.348865942849,8,0,0,41.98025796174871,2111.4410900894427,1,2,549,0.017812692579328403,0,0.18700342344979493,0.20734577814458077,normal,0
2093.3435246634454,17,0,0,18.11758093547339,1803.9078934538315,0,3,1304,0.09389071804656779,0,0.037911963798996404,0.18843041079462047,normal,0
2444.455113810787,19,0,0,107.50851882089007,1030.69448168108,3,1,38,0.7191492024354085,0,0.15548414439501324,0.31102743662112986,synthetic_identity,1
11971.49216393691,6,0,0,30.628086020872736,3338.21822552577,4,6,2694,0.2671488650430562,0,0.4528006632741753,0.5511263728330756,social_engineering,1
3828.1715215608306,17,0,1,30.279463678589515,1154.8526573235065,1,5,2090,0.10502838490327329,0,0.25041956534346543,0.15935383002178657,normal,0
1082.5711608316499,2,0,0,25.307162477914908,2116.9091361159803,1,7,2025,0.09686980559720816,0,0.06966327307282216,0.13031601095982015,normal,0
4879.181354047446,10,0,0,1.095053796318396,2227.7813976898433,3,9,854,0.073266503697678,0,0.29688041402769955,0.06782837199579161,normal,0
4003.032725783264,1,0,0,7.775827395261298,912.5897454530327,2,6,1654,0.18126881884485596,0,0.09356359919640769,0.23915806409385923,normal,0
14155.211742241554,17,1,0,31.560779604219867,1198.4424176473174,4,9,171,0.30789643340618733,0,0.7849599069627773,0.6547136655205168,social_engineering,1
6137.020018654781,0,0,0,340.6747430836954,1010.5615173429387,0,13,1820,0.10165870321256462,0,0.4989025950065302,0.5957916600659144,behaviour_anomaly,1
2220.5802732749125,10,0,0,35.877338414416684,537.6185801305362,3,3,1483,0.036395600124364755,0,0.17726910224028386,0.27728431121563973,normal,0
2384.9178050868336,9,0,0,21.235683833835985,708.2564883386019,2,2,300,0.18417655588005097,0,0.14823660714764775,0.05293877721646704,normal,0
2768.0350996089387,9,0,1,0.4930416910803259,2007.3506189321504,2,11,2206,0.08991347086303571,0,0.11444561834349622,0.08737433246297058,normal,0
4978.2876124043705,18,0,0,39.90767575885155,2573.0212722505175,0,8,2052,0.16091605420234498,0,0.2459134662037979,0.21591284965355906,normal,0
2514.395265203475,18,0,0,123.97629718125398,3204.272216648495,0,14,1500,0.17500791816748906,0,0.5587353407944289,0.7696573832982505,social_engineering,1
4433.94576522412,11,1,0,14.584200507330557,2519.4530978243147,1,7,2158,0.05727038900390231,0,0.06640484088777555,0.028772785152878188,normal,0
4320.712982180837,11,0,0,45.16052531452339,3447.1572841062994,2,10,2127,0.272077744401172,0,0.05899447613003039,0.26464133390746436,normal,0
658.7164405716758,2,1,0,121.76376410721113,2548.8564647770827,6,36,1852,0.29718035519573455,0,0.25123099081423916,0.6659082409866746,velocity_attack,1
24308.622986903265,20,1,0,284.2656572276014,1692.931077717568,5,2,268,0.5355780396640419,0,0.05560416778251173,0.6498328091241985,deepfake_identity,1
1652.1322176308806,0,0,0,12.659989549150636,1783.1785041333048,2,9,659,0.2240406276872604,0,0.13110900277758877,0.01210067510605296,normal,0
1754.314339877777,11,0,0,35.13721860598607,1563.6784773363754,3,1,382,0.14716271503940173,0,0.09056850672985914,0.1993291488675458,normal,0
44392.549052730916,1,1,0,229.25540475517613,2556.832904568607,0,4,1652,0.37843719909229756,0,0.45624391373979006,0.22891052063531908,social_engineering,1
39307.85926141101,19,1,0,601.6735523204915,1647.6524878076427,2,16,1005,0.4545102631706463,0,0.4326904030110276,0.48672386559232245,account_takeover,1
3204.0432771481214,1,1,0,21.073272422465454,2523.291376276651,3,4,2806,0.2159764356511365,0,0.22443058733206867,0.05855814969399603,normal,0
2051.026598595622,15,0,0,39.62059985920343,2044.4662445516024,0,3,1858,0.17448411594596586,0,0.28856620145753625,0.04424307458936609,normal,0
1703.993642287512,3,0,0,69.36783759809917,1570.232006723329,4,35,117,0.4559216860038647,0,0.3379344787777892,0.3336861163794504,velocity_attack,1
3090.6355382235,21,0,0,47.49819564185159,986.1529620084699,3,7,2996,0.13301344027668063,0,0.15062857002417532,0.16838893586378156,normal,0
3499.0429063292945,8,0,0,44.540757368079255,3274.764314896361,3,1,2847,0.02101669818766504,0,0.24600382969342097,0.06087844796025716,normal,0
3455.1827455140083,22,0,0,33.75747097244872,1897.2018110806164,3,12,1055,0.07296152831208381,0,0.29830325569801563,0.058874995435400174,normal,0
3016.625690325068,6,0,0,24.935856810400253,3692.6220790889947,1,5,748,0.05259378903757323,0,0.2227938735117421,0.04734320236347478,normal,0
4787.411643308944,23,0,0,36.20794746031661,2889.2792046678155,0,1,2294,0.014589109174370295,0,0.0047976064744729595,0.07999338538226863,normal,0
1633.2462316468764,8,0,0,7.376716952978163,1342.5023924913453,0,11,1944,0.1355180751873438,0,0.20880472329411096,0.05878687125007887,normal,0
3217.2690870703404,22,0,0,24.07232052413754,1531.5434385468693,0,12,1531,0.2636937552021378,0,0.05580952280450813,0.08415348752691425,normal,0
3318.0096562523318,5,0,1,8.723300880719487,611.9878273244375,2,14,1271,0.1968238316907077,0,0.11786986088201144,0.04588959430851367,normal,0
3373.6171691961663,17,0,1,32.42818509678327,3039.977360051912,0,14,2198,0.08069802199047293,0,0.22111899047578618,0.27073661637486546,normal,0
343.0689509124655,7,1,0,45.09310892350559,3349.1434520858593,0,13,1497,0.261368322798292,0,0.038042394616910266,0.09436782276387408,normal,0
2513.8630110252097,19,0,0,4.040452995268207,1991.1543621249166,2,2,2228,0.2678660018143966,0,0.04574706482363689,0.055355873601714435,normal,0
1083.7462309124544,21,1,1,309.44579111682714,2753.136526576264,5,25,2801,0.11531443284432921,0,0.17274418071832598,0.4476659630604268,velocity_attack,1
4820.465570185585,11,0,0,22.168662741946658,3286.741576786,1,10,1975,0.2467911459312439,0,0.27806740757305687,0.1158096457744123,normal,0
702.5841222360141,11,0,1,351.7511881207432,1763.962321329671,8,20,611,0.3426853596630681,0,0.10190405375809908,0.6778007159934036,velocity_attack,1
632.5444429359911,4,1,0,26.503955099188758,576.3058700290744,1,10,135,0.21712123347856496,0,0.21596341769678765,0.058366822554306606,normal,0
2019.873383624141,17,0,0,4.675784123468668,986.2004813523665,3,9,2738,0.01635644668544477,0,0.023440375136104162,0.19545629428206956,normal,0
4087.2443842389143,12,0,0,43.534725112807685,1583.4266554981327,1,8,552,0.02005582606982963,0,0.07369831697361912,0.24664196712656017,normal,0
1415.9546205228487,2,0,0,12.959657459383262,986.8850064563685,1,9,2554,0.09673564623753139,0,0.13495571094578515,0.18915887432533787,normal,0
3007.9607752531465,1,0,0,6.528666539331995,540.3551285659858,2,13,1820,0.20018605621915114,0,0.19066405446373072,0.033415942231611484,normal,0
1007.8247413782861,5,0,0,18.951513082299016,1641.7473331156602,3,14,677,0.15647855326356844,0,0.016520704219792726,0.008146607067282884,normal,0
2118.0204793216158,7,1,0,4.6959928584037804,611.7211962109022,1,9,848,0.1594042321756783,0,0.14387850083973006,0.1662478781197371,normal,0
728.7967247249461,3,0,0,49.565202970555546,1946.3212757635793,3,14,2051,0.11310545691492406,0,0.0016140395429123267,0.28962586396352064,normal,0
3660.687861144584,9,0,0,7.459301703173238,3296.435137205232,3,3,2941,0.005069621655367018,0,0.14574017713289159,0.24791243304390653,normal,0
41415.87238724774,6,0,0,116.79752062772727,3555.7946405076523,3,10,1876,0.44107269913264646,0,0.4500711958607259,0.7563682792946693,social_engineering,1
989.9084420073531,12,0,0,35.13816304032453,3084.6915604994497,1,11,2077,0.09008302516415588,1,0.23301414088327754,0.17378970382384198,normal,0
3335.483326536557,6,0,0,34.77090829929624,784.3001987745797,1,10,243,0.1475436581912018,0,0.008509338293992474,0.24201547805666823,normal,0
1839.130838297349,1,0,0,28.44929239822302,3195.4524422199975,1,10,2721,0.12947965009152962,0,0.18087477202502203,0.19571450625685136,normal,0
4611.756381470451,16,1,0,47.678697895294164,1304.7067705959626,0,7,1589,0.2536343814999587,0,0.18968511019237871,0.13083099179885047,normal,0
4845.595010212481,12,0,1,29.458034087360723,954.0576345394181,0,2,2250,0.034150377562775044,0,0.1134089525051894,0.1773066777576037,normal,0
3788.311533832442,2,1,0,16.587324584053125,2912.136156301347,0,7,1886,0.28086494946592455,0,0.19212965738030416,0.10268574530179732,normal,0
4881.739753513743,10,0,0,32.709392780146736,893.6325258647757,1,11,2504,0.16734400614452136,0,0.2722782896132888,0.29598900363829983,normal,0
709.2946230112648,6,0,0,11.17269060921266,2884.482204956106,2,4,2131,0.026787336889519207,0,0.0034102862683962785,0.23092967507675968,normal,0
3105.7344600853703,20,0,0,12.604853255698778,2524.124895248753,0,9,1088,0.10838157452655169,0,0.11058848456540506,0.25907377086879374,normal,0
1795.888660035149,21,0,0,7.495831407172481,1656.9628667988177,1,5,78,0.10687750212333082,0,0.26636093751864665,0.18598871472259415,normal,0
4932.432647950054,7,0,0,28.005257483606727,1181.1955186715572,0,6,2402,0.2961671532313706,1,0.1686193152712774,0.16090910645563417,normal,0
442.8893474241152,10,1,1,499.73612073967604,2336.520531418937,11,25,346,0.2104397639885438,0,0.06300270482725945,0.46688928487864123,velocity_attack,1
3799.7054508567635,4,0,0,31.8072404219616,578.8087162461331,1,14,2746,0.013989492833215222,0,0.03274612298171174,0.24776388085731385,normal,0
4852.123120884869,5,0,0,21.116266223980173,629.6615361907275,1,6,593,0.17380617151193897,0,0.17957550917987128,0.16365343343581218,normal,0
1379.1377785507557,15,0,1,36.10919596796304,3059.876015161956,0,2,2954,0.05202885600620264,0,0.22404462124511562,0.18520478681282743,normal,0
1918.744874844375,23,0,0,0.6386855002028013,2098.524942260173,0,14,2593,0.20010236707632473,0,0.14309746276512758,0.18056333678844352,normal,0
5293.179336794584,5,0,0,353.00800678159175,2636.6770808799615,2,16,152,0.5669224309363363,1,0.34294064807225677,0.515242770614749,synthetic_identity,1
1175.8142238260295,2,0,0,42.6069450129779,1632.8033248186402,0,13,2813,0.09137399936161061,0,0.12174590616502676,0.17280555482723597,normal,0
3574.32668243992,11,0,0,13.494859477788907,2034.082851480335,3,12,1762,0.11232407519142353,0,0.11533966303995852,0.06605167408151616,normal,0
3434.446580166094,2,0,0,13.06206654458117,3131.2420905318477,1,11,945,0.07356016377844962,0,0.08345480270861734,0.12386952000921872,normal,0
4193.853106136752,15,0,0,6.427033875082294,3876.0050394928053,3,11,317,0.028848511089276573,0,0.2604020658825315,0.14322639239563698,normal,0
2043.1130417508198,0,0,0,39.61760313530779,2137.759262788883,2,13,448,0.28744624948632497,0,0.0645858988487273,0.17080515729739915,normal,0
10245.344142116614,22,0,0,314.795175947265,1944.7213074929189,1,16,392,0.7886611675940534,1,0.3923657886018539,0.704271881174735,synthetic_identity,1
2952.635254863739,9,0,0,21.35978013987348,1075.2543149585285,0,4,1583,0.15978468491807804,0,0.14790830174612343,0.05052839125649652,normal,0
18680.716793619304,6,1,1,114.38124347788136,1996.4445337245456,0,12,628,0.38989342755533096,0,0.5818876736359454,0.3912799526165625,social_engineering,1
2879.8298761816272,12,0,0,2.3620796036326386,764.9574765536836,2,13,1270,0.23410153153495905,0,0.2779187903827168,0.200385164552796,normal,0
4986.193534124457,15,0,0,29.821024731198364,3822.6391975362453,0,2,120,0.00975596277964853,0,0.12534426284696304,0.14738142089547196,normal,0
3931.6038880739998,22,0,0,10.87520333702232,3998.735288878128,0,12,1665,0.11125869817737806,0,0.1829795772636104,0.1930624514769856,normal,0
3867.7216323274406,21,0,0,0.7415921227290456,2495.8002090133605,2,7,2542,0.280289069711139,0,0.03300400433696691,0.2435786103175651,normal,0
4580.618535032303,9,0,0,19.995431498022032,831.8547621572485,3,1,356,0.14544296936118806,0,0.025102308641961033,0.2956219216583495,normal,0
4744.120520049226,12,0,1,10.897742733005883,3623.814834783698,3,10,2766,0.054607056335031434,0,0.18759720745337097,0.2687338641771387,normal,0
1473.6402875019212,5,0,0,33.35341091258937,2725.029630985712,1,7,2486,0.10802674140429959,0,0.12953230074037603,0.03851508687585956,normal,0
3359.4663814113806,10,0,0,32.75682386249181,730.3981629253341,3,12,321,0.2828946274562935,0,0.05144128378158993,0.1597978463327192,normal,0
2095.8674924279376,18,1,0,434.3503223635364,1674.8592423581501,0,10,224,0.8056468463336277,0,0.24957393078945928,0.47975243307586135,deepfake_identity,1
877.1650159360611,4,0,0,46.58016613036376,3893.552641180782,0,1,1367,0.024438416518767235,0,0.13061136034278445,0.21528292346489322,normal,0
1045.4039841559052,15,0,0,485.54748263250525,2055.7967635486225,8,10,1289,0.4064790108602341,0,0.34986335158066395,0.5663146079469363,velocity_attack,1
4843.522479048719,16,0,0,45.79770424859914,2256.5752443815036,3,2,2649,0.2314774064528824,0,0.14933438384198405,0.294968185029177,normal,0
3553.8679492125702,23,0,0,47.80833922486926,3951.1294649616666,1,5,1935,0.2708709709958361,0,0.21012390489414057,0.10288977201261386,normal,0
15007.861294252745,12,0,0,36.4061328106955,2361.7660323813157,1,7,924,0.25643185672278723,0,0.793974838254816,0.34805885732157743,social_engineering,1
14153.993321917455,10,1,1,33.96730704619011,3849.536141351316,0,4,2787,0.5254882837050767,1,0.060287987505100116,0.8445005521878969,account_takeover,1
795.6627498288701,7,0,0,48.6789678880273,1075.254544779429,3,9,484,0.29293754489382057,0,0.0038443951765502857,0.12716231899623648,normal,0
3864.539727936139,9,0,0,13.126784774796201,3933.0956127825057,3,14,435,0.27138611408102603,0,0.25318872733445924,0.180809736150859,normal,0
1865.1462021220966,0,1,0,45.0594383949093,2846.2344423061745,1,10,844,0.12711248072730996,0,0.06707807083242245,0.2010077494330045,normal,0
2586.5918954280974,0,0,0,0.3070081332348873,3848.9173483590657,0,12,383,0.2497160500649112,0,0.18491535005976795,0.26076186088807546,normal,0
509.41625380237974,21,0,1,15.0084399335837,2414.30079273149,0,6,1462,0.07489844224480227,0,0.07318738126437714,0.24843911711738215,normal,0
4611.624286678913,9,0,0,12.859996516993643,3894.56552902435,1,11,1920,0.282789238913496,0,0.12447271083347071,0.1735562448673938,normal,0
14252.602217002945,9,0,0,197.03670745282264,2080.9059668504187,2,9,50,0.5459617801917619,1,0.16100477813705305,0.7713970205335665,synthetic_identity,1
4765.886749918213,13,0,0,38.97890103746435,3186.4474576922953,0,4,2267,0.24311952903693185,0,0.26626827896575017,0.21920862808409472,normal,0
3505.2702847809337,7,0,0,8.115993104250602,2274.9454748004755,3,1,393,0.2616026560499963,0,0.049652313307699855,0.03530699782742027,normal,0
1918.4533983076265,16,0,0,28.63119756462523,663.222075256008,0,7,358,0.25260455060926457,0,0.021121481295641287,0.1340543749146342,normal,0
4888.690733566954,17,0,0,42.79378899596302,2562.45560718416,1,10,2431,0.1932581776883465,0,0.1140793599721158,0.2844526845247504,normal,0
1574.3037181021714,1,0,0,49.8808418020275,2037.1333127479722,1,7,2039,0.1584103678713942,0,0.14625876404067062,0.29805019720643927,normal,0
19192.710688687002,13,0,0,152.68450577356845,1474.7844369547015,1,9,533,0.5048419637502926,1,0.2589700170104332,0.7265999560179448,deepfake_identity,1
2498.0234332922846,12,0,0,39.78736038947551,1227.5201750440135,1,1,2471,0.2779351243941117,0,0.15597608312914377,0.20317575693590714,normal,0
3153.730828033234,22,0,0,0.999634310859604,3818.428899587334,2,6,33,0.21892586692863267,0,0.22143600273609187,0.05142257709329033,normal,0
4907.843392904168,18,0,0,19.349489341819442,2594.3631245873325,3,10,2970,0.2041093673361471,0,0.0031520352690512453,0.2171194285562254,normal,0
4828.631862265912,13,0,0,48.48308793763829,1442.6135647574956,2,7,1317,0.1903202834240029,0,0.18706245149787584,0.027304324605033202,normal,0
1971.5042342991899,9,0,0,19.817172291551838,1146.4431904398004,1,9,2863,0.04216163370822685,0,0.2660487098246995,0.0269713529865351,normal,0
2910.291862132309,1,0,0,47.843997277198525,1303.3774820899405,1,1,161,0.03518020966277569,0,0.1842154914734037,0.2586037967650324,normal,0
391.9767770304042,20,0,0,5.849411784119396,3386.6470971394815,1,12,2368,0.15478350846788572,0,0.05080838333862716,0.14073608451181405,normal,0
4937.947177039775,4,0,0,29.344465871275233,2556.1635862294556,1,7,300,0.019574050766436122,0,0.03712712324005924,0.23850065729629716,normal,0
4660.710895457467,22,0,0,37.199695033964225,2799.379939462605,2,1,109,0.09709325043298367,0,0.1867339378718824,0.11844490105854044,normal,0
2456.222817642576,22,0,0,309.84877929994735,3308.530598795708,4,15,1050,0.14197863950374628,0,0.1614232645949492,0.7405771126943308,behaviour_anomaly,1
2880.2156263647594,8,0,0,10.285587970853626,1830.3015068457084,0,10,1120,0.17337438295565402,0,0.03854058157365518,0.0029937630175972283,normal,0
744.681657123573,15,0,0,22.87290208167731,1192.4215102765884,0,1,2404,0.08090145049185767,0,0.042485177091871086,0.23135142415985316,normal,0
1469.8213393601661,14,0,0,436.3125060874651,2053.723253948203,9,11,1541,0.25728133242696627,0,0.21296106909055285,0.6860277075358578,velocity_attack,1
2422.4120372880743,13,0,0,0.01432371964551482,3042.13749346889,3,14,423,0.1275448540573142,0,0.2720937039732934,0.21556662832151047,normal,0
4875.983920637902,16,0,0,48.434538871532226,2123.5241024156617,3,4,2503,0.03190459969494964,0,0.022453361802359382,0.17485624332604888,normal,0
44758.59941382618,20,0,0,1.095877695580627,1730.993671753577,3,13,923,0.3736709409807472,0,0.8400223361642833,0.34864863820239844,social_engineering,1
4789.960679445001,11,0,0,4.8008720141781644,2855.272158002226,2,10,1503,0.28315316203936375,0,0.2562008903916764,0.031220634617388263,normal,0
1199.0380680967207,12,0,0,24.387938131386417,1818.5008033583347,2,2,1607,0.15061911890122343,0,0.20433306417682465,0.07774816683429613,normal,0
4123.87158449611,5,0,0,31.535771059971513,1128.254918518505,0,5,953,0.15603293181513922,0,0.2301960372066954,0.15654703953569538,normal,0
3020.8015806676995,1,0,0,22.452236312324082,3788.2352528286847,1,4,975,0.081111157635146,0,0.21508457455755323,0.10268154294144662,normal,0
1775.3358627169025,14,0,0,43.52391686553109,985.2681461792416,2,5,470,0.1329168860819788,0,0.28143173769698393,0.09501192493462475,normal,0
670.1565773060298,6,1,0,22.118239958159613,3255.8896388580215,2,14,1740,0.08415242241765163,0,0.2084673206429868,0.12458165382471324,normal,0
3342.989467058591,19,0,0,3.07437504841096,3348.6818737468325,0,9,953,0.20029602827336423,0,0.21885452645298087,0.018117444452818432,normal,0
1746.6441326841698,14,1,1,378.0690584307404,1059.8394631670722,7,24,142,0.061285763228606606,0,0.28229384145517894,0.6869625657239518,velocity_attack,1
1640.315554600367,14,0,0,42.69730861652273,2057.2279427208096,2,7,2667,0.02178402941052121,0,0.1901909868423051,0.198614476366249,normal,0
50.64230173629154,17,0,0,420.99863164572986,1883.1807715495604,7,15,1140,0.1519178276053204,0,0.015381830619136361,0.5425919177019495,velocity_attack,1
25140.052097065163,15,1,1,860.9185650761186,1511.1121299196532,1,11,987,0.32284018935857384,1,0.2215636215234384,0.6402521339520985,account_takeover,1
923.2696179498307,4,1,0,8.702516519328157,1191.4140814246996,2,12,501,0.19683469021795758,0,0.1555301237476192,0.13434538497469917,normal,0
1208.7349070156124,13,0,0,41.03504181430318,1621.144877528289,0,1,1494,0.073157030825914,0,0.055375400108123564,0.013370942672415486,normal,0
4324.425324600708,21,0,0,31.097567490523442,2483.598219584358,0,14,902,0.2652713839002096,0,0.2762003075123099,0.13501804238513257,normal,0
4807.072180014678,20,1,0,16.462101676231534,1627.8482259590992,1,8,402,0.19692274186834471,0,0.20819617560901946,0.26941402179484925,normal,0
2854.1566925725983,11,0,0,35.32052664251142,1907.4561483524726,1,14,101,0.2318363417614382,0,0.22713934522840154,0.11023031443129518,normal,0
1082.3251260891736,6,0,0,20.565849930358503,796.3720813211303,1,13,1845,0.07263397224978999,1,0.054407354582347765,0.02185914616092921,normal,0
3555.1818132957605,19,0,0,30.312454339700746,2122.9548911038078,2,10,55,0.06036333511912055,0,0.2140380860731048,0.036772135735880326,normal,0
4913.655222852171,9,0,0,5.37731309773612,3021.639109883846,0,12,929,0.08632507038169542,0,0.05623616780567243,0.27411172276849105,normal,0
2436.810521693053,18,0,0,33.55470320676373,2128.9584164912594,3,12,2497,0.24820960605839892,0,0.17568755728048183,0.26325100091528114,normal,0
1637.7513602996362,10,0,0,38.35572805899996,1345.5665429886053,3,4,1579,0.22429186001587292,0,0.23958262853340997,0.2944059750147051,normal,0
1087.9738682339482,12,0,0,19.647246948327695,3654.8130893244393,0,10,1880,0.14723189589669786,0,0.22707919588457534,0.21835594062944486,normal,0
4757.9750199940245,4,0,0,29.52677198410128,2499.457667217378,3,14,2045,0.08844708480643614,0,0.1924312400808056,0.28584384276358565,normal,0
4487.195836850529,12,0,0,36.462613470161806,3647.781487826482,1,8,138,0.02742843011996394,0,0.14463704315673373,0.04682715695578665,normal,0
3272.6260993575547,2,1,0,45.599209805384724,1515.8716538691979,2,7,2897,0.15213706528050266,0,0.20091932293834172,0.09918112524800314,normal,0
4607.292520422527,5,0,0,13.044615259876801,3329.943944814914,3,12,647,0.012415901097295711,0,0.2926031424052675,0.11031495604153234,normal,0
2847.3236452008546,5,0,0,10.419874010808494,2862.22621986574,2,10,239,0.22096639260065737,0,0.17892414216478872,0.2850560914807199,normal,0
1430.3108124592854,16,0,0,14.177301226290739,3937.7738356274162,1,14,2835,0.26061467091224544,0,0.19698407124348533,0.18696682876218307,normal,0
399.28200328883236,13,1,0,15.727224726946137,1993.3031429616215,1,8,1038,0.12780985483344717,0,0.04164200519775608,0.21714917425526495,normal,0
3203.678406901075,16,0,0,19.023211157714666,3725.9647894407976,3,4,2897,0.2747589217004987,0,0.0035188866980636387,0.171035700314468,normal,0
1710.4562723125882,13,0,0,47.47974976439354,3107.234935490499,1,11,682,0.04398998210169601,0,0.047882601445219164,0.19071608429444287,normal,0
3412.528811457483,23,0,1,6.981844081391397,1888.598954508784,0,6,2670,0.2342811785394492,0,0.006589973534274263,0.1986417158643808,normal,0
3481.023965021262,7,1,0,30.22014158554353,2460.5226198215432,3,7,2833,0.2912424479751413,0,0.2251852815117492,0.10626089367394949,normal,0
9135.028428700563,9,0,0,266.19673699485526,2317.7523889463137,4,10,92,0.47275572060758136,0,0.0770230627410227,0.7003765171140066,deepfake_identity,1
3198.741656680992,7,0,0,26.619235653722384,2937.2427967136227,0,9,2129,0.01711751510454811,0,0.1125504598795865,0.018209960743234156,normal,0
2741.5633084064425,14,0,0,43.225388042227955,948.6124954445017,1,8,633,0.23188754757335447,0,0.16501779453686455,0.24604508249013446,normal,0
598.3782186549242,15,1,1,494.3106166128188,570.690779151969,7,27,506,0.45080614186980317,0,0.008240458603347411,0.3561495835165292,velocity_attack,1
2373.2637463804303,4,0,0,43.24006844805338,3502.6351504630534,3,7,943,0.021843597637458266,0,0.0269886523014528,0.27548143000348385,normal,0
1741.037511819722,0,0,0,38.557349205430555,2591.6813699494273,2,3,1926,0.2468034804569676,0,0.19383266534149787,0.17437510077127857,normal,0
480.4817398908648,10,0,0,1.2704619189789101,2015.3963904622228,0,1,801,0.06793218609932447,0,0.14135271388668244,0.2462405567358564,normal,0
2048.653630721968,8,0,0,21.840891031537712,2773.1798091777787,1,7,2839,0.2767669171381706,0,0.13829133741741492,0.24390670150451316,normal,0
3343.647829489956,15,0,0,36.047283683541295,3515.6105482063035,1,7,1522,0.13121093222537147,0,0.2604435459233666,0.10715162022446079,normal,0
347.0421906508251,10,0,0,19.291014443701293,3170.675559050411,0,9,2668,0.1762909544064626,0,0.20992347445340206,0.15112416490988642,normal,0
2258.1626165308776,23,0,0,8.530180385641339,3642.8164860720713,2,7,291,0.2236514354149568,1,0.21734027268451275,0.09928072604569035,normal,0
404.002943087116,23,0,0,29.44187346709156,907.658696536835,1,7,2912,0.1981686151378818,0,0.16252715858669464,0.1439662395120397,normal,0
1270.0080142646814,6,0,0,7.3735302443305955,3191.0168437566267,0,4,141,0.22069856476485936,0,0.23152270881133297,0.10525220314037013,normal,0
4893.938456578598,6,0,0,48.80906998641274,1094.8281877988545,0,11,2311,0.1292488191643429,0,0.011618381063612404,0.12178326688007184,normal,0
31001.420236778624,20,0,0,160.97855613597503,1239.3326869504672,0,9,222,0.10448927357301879,0,0.5264224859125037,0.281185100975166,social_engineering,1
9551.883851137904,0,0,0,456.11781268223723,529.2961673294939,3,16,13,0.4619689415565821,0,0.06438058232506416,0.39618270135687017,synthetic_identity,1
6983.865016287896,5,1,1,239.41108708333252,2179.527955565092,0,10,2551,0.17334072845387044,0,0.45499566237671096,0.7917683630903567,social_engineering,1
1063.6025662694976,11,0,0,5.200033791523034,3598.464577888326,0,9,2512,0.0983201414519667,0,0.0867906743465904,0.04618999079270115,normal,0
4817.56491624071,4,0,0,8.160998297503575,847.9930660953071,0,1,753,0.2784838801759284,0,0.13463093618165536,0.0028082897701742324,normal,0
8360.7818925551,20,1,1,196.6667361461584,2184.9059928501592,5,6,1432,0.7575473734267733,0,0.13921698467154653,0.6090063482322982,account_takeover,1
2902.7798035896044,4,0,0,8.580627397448781,737.5116750206632,1,13,1521,0.08202563374186411,0,0.07310674130142789,0.16038597498479137,normal,0
3156.910690915208,17,0,0,4.62007162653525,3335.6618334506397,0,3,1376,0.0710649506188988,0,0.2884816719286985,0.12661389883448546,normal,0
4784.002261881064,23,0,0,9.117340293886139,3159.7662390932264,1,1,134,0.1559593286359852,0,0.23106719362249933,0.11777626674103454,normal,0
3351.265610175916,23,0,0,13.069434040051275,1021.3727349195757,1,3,2556,0.26854563759372385,0,0.007219485782543655,0.2843748697414273,normal,0
58.49811293474707,19,1,0,158.72068065827145,1057.42414286224,11,36,1790,0.30403522552857504,0,0.27045782704969407,0.4983367405251257,velocity_attack,1
2486.603402212786,10,1,1,37.78540634093063,1430.273804439373,1,7,1957,0.15173868727614467,0,0.16648451311853305,0.010716814144306629,normal,0
3774.806304955971,18,0,0,23.09211461626538,2262.6274886325978,0,6,521,0.19082554334167015,0,0.2974438204498231,0.24267747000701967,normal,0
505.4104945291305,11,0,0,17.884718127650313,1951.7889553586233,3,4,1938,0.28415593966745806,0,0.09768960703324403,0.2873730829296467,normal,0
1104.4230475375227,11,0,0,1.296294714964541,1415.023817237259,3,1,1797,0.13916687613638526,0,0.2865299385977893,0.13912101314630232,normal,0
2571.8341141798414,21,1,0,13.61767065667306,3509.4118089500575,1,12,2491,0.07642088329125388,0,0.22412427205606988,0.16196893987085534,normal,0
299.5711313629537,14,0,0,14.166856963765518,1143.6360788375487,2,12,677,0.10996763558179375,0,0.04889829235837334,0.24108477840268866,normal,0
1921.447925371482,15,0,0,21.935445074626287,2972.691441685464,2,4,309,0.07108422331348192,0,0.13069513847552228,0.22119017889791026,normal,0
175.43496928741155,20,0,0,45.8847076697512,1295.017742570291,1,9,2804,0.07144117063322798,0,0.2595535287131928,0.28385534411498514,normal,0
405.9135036611236,10,0,0,4.2232082426437225,3758.069036351898,3,10,247,0.10726257102779693,0,0.10012135030942237,0.20956207908251975,normal,0
4939.482862306683,8,1,0,49.14401458444764,2008.5542115341286,3,9,2114,0.2769530713332012,0,0.05142625659587915,0.12178269338206678,normal,0
4633.716755336763,16,0,0,43.84458389081631,3276.5439654907063,1,14,1944,0.04566550990628982,0,0.04269879307338228,0.015814118017047785,normal,0
2544.5887562261155,6,0,0,29.197169699688207,3734.7496796527093,2,13,139,0.2610473392844694,0,0.11079587395886836,0.04736350358068165,normal,0
1803.1004687710122,10,0,0,13.43065963763111,3480.692529822297,2,4,2177,0.19717003775017927,0,0.15928891209094193,0.21383941196015674,normal,0
1939.1165488060492,14,0,0,16.108775267010074,3644.2565662195166,0,12,1160,0.22133576680589948,0,0.2672602578009825,0.06242189330332044,normal,0
837.3141279293876,17,0,0,43.06587980995871,1388.871818999946,3,1,1651,0.22433510256461278,0,0.21135036952441552,0.01671465592006045,normal,0
665.4337466766951,18,0,0,21.056014214575175,2149.0810085765497,0,12,2086,0.21609849039884982,0,0.25097523405006356,0.20373597674839045,normal,0
3890.5279824548006,23,0,0,100.97105941191077,2346.565850178049,0,9,527,0.7242201993338158,0,0.46932318552562763,0.8466725186495168,deepfake_identity,1
3808.0823778743115,9,0,0,23.19662268873421,3734.7115351452017,0,11,2540,0.018334308706938817,0,0.21363963305348901,0.07889178434496043,normal,0
4179.797689298042,5,0,0,4.589271549093671,3240.8661492602464,1,12,2370,0.00521278909837708,0,0.2530308045213517,0.24574978511304374,normal,0
4776.942532747196,4,0,0,440.4884420692525,2852.289188356024,4,7,410,0.7259130648459273,1,0.22647948588650113,0.6047644166757314,deepfake_identity,1
12281.343352087411,17,1,0,110.41057384766195,837.1446198690547,0,15,23,0.6256744802992282,0,0.14825207872456148,0.595989809950388,synthetic_identity,1
1249.7462010917225,8,0,0,14.77716055779838,1406.406147468148,3,6,261,0.03684607442228971,0,0.13454833284921688,0.1854602463526736,normal,0
3420.84388188647,23,1,0,42.068748306799804,3295.8878204329976,0,1,1163,0.1411172269680615,0,0.0004890755803166446,0.04266589632851917,normal,0
3991.632246492087,10,0,0,39.457422972414996,3806.7766959625014,3,4,551,0.18257173526200268,0,0.2757471578565162,0.27590601786020275,normal,0
3193.4070101507446,6,1,0,42.1245432017662,660.8154145377603,3,13,774,0.16717149535897954,0,0.2567072564475212,0.13855599995780488,normal,0
4054.6474289468447,15,1,0,41.266948776216715,1514.7444155787448,1,1,547,0.12017212523303164,0,0.10546587823662966,0.1604490809105193,normal,0
17915.14206173454,14,0,0,210.98555693020916,3337.1576835010706,1,7,1047,0.365501884447806,0,0.48974276535532696,0.3068508967913128,social_engineering,1
4281.551480566664,2,0,1,375.8094087390332,3531.2746562324314,1,6,1308,0.21361421275316872,0,0.1605030990415322,0.713759906634237,behaviour_anomaly,1
4761.973782143274,12,0,0,48.03781424957353,2634.967550852694,2,13,2026,0.2901355525537904,0,0.21052207347742452,0.08238834973729946,normal,0
5748.328159773436,5,0,1,407.19190765664143,966.1055403354808,0,16,1249,0.5870183412612328,0,0.3332403235167621,0.7303482668822676,account_takeover,1
2749.8893994291675,6,0,1,44.069892626123384,931.7438000742845,2,1,2567,0.117875418395823,0,0.13616685014540453,0.1881325487728733,normal,0
27443.809703848834,3,1,1,689.5475335842768,2541.1198821653256,3,10,2654,0.20834927022800306,0,0.00418629862843839,0.5300251570574257,account_takeover,1
1317.043675812021,13,0,0,8.763530112137651,977.011166929123,1,5,2302,0.2627480542371688,0,0.2526385315777222,0.15450474879314094,normal,0
49396.68206316127,10,1,1,729.8414500628327,793.6087078319337,2,4,868,0.6387910945924177,0,0.03401588051579346,0.6063860996737558,account_takeover,1
6211.710602004314,20,0,0,183.33268284692582,987.4674951359189,3,6,782,0.1609998306188777,0,0.23066185424878616,0.8333427485203966,behaviour_anomaly,1
2194.683625042313,9,0,0,24.583864645423,1150.3611005457815,2,12,216,0.03473131043837432,0,0.05690398483789798,0.09275581200473329,normal,0
3511.1651111758338,13,0,0,2.5416049267061647,3716.7422552877815,2,8,1798,0.14195951432218187,0,0.26153257195531776,0.054054661219590884,normal,0
3149.826843673384,8,0,0,7.250708416122431,1087.6106496076452,0,2,1732,0.06646554485998007,0,0.08217087521956935,0.1618960395795331,normal,0
2608.5419798057014,19,1,1,904.3782277676262,3268.148922169642,0,12,2974,0.299797160824248,1,0.13301382346887003,0.5537164941381704,account_takeover,1
4869.5748339076235,9,1,0,42.35331890826566,3021.0511664628316,3,6,946,0.04535042819360904,0,0.06352580659444027,0.06880399773390469,normal,0
3505.2603356220625,19,0,0,1.3406898908835507,600.9688056031828,1,5,1787,0.15635733820120204,0,0.11444273758969395,0.15033746386090915,normal,0
4849.676880192476,10,0,0,5.493273890968503,1094.427533042306,2,1,482,0.16633127294817024,0,0.10587884279866877,0.252474229021407,normal,0
3365.668932881495,1,0,1,11.642737572345796,2569.7088383150735,2,10,388,0.20417845338618,0,0.07072747110721246,0.14249007005418393,normal,0
126.97841588606202,6,0,0,43.947755564601174,2036.5627635018805,1,13,1377,0.03726650298258248,0,0.1488920998272718,0.2696271296687552,normal,0
2349.7652055674803,18,0,0,6.9202501433513754,3166.8691027849027,0,10,525,0.19528929662111863,0,0.2722541935089087,0.04089793094981374,normal,0
2878.379678834672,22,0,0,12.530599295656607,2694.4593985684005,0,2,2647,0.23867670413086403,0,0.052051572738441174,0.09667975872999486,normal,0
3211.0426298504976,1,0,0,2.4416466814864313,3983.849257651835,1,13,1384,0.26223574262942934,0,0.10251669191979576,0.018535131593806507,normal,0
1689.2139490224383,19,0,1,14.124927508642598,2771.51801658312,0,9,659,0.12973402284436544,0,0.04276737885429314,0.03304642972361329,normal,0
1311.1854267659592,4,1,1,69.14661591013677,1845.5580181514238,3,12,1217,0.4305989422093948,0,0.5974604766126463,0.7899218805553496,social_engineering,1
866.7359084176428,6,0,0,49.90795766584359,2016.568006056549,0,9,1374,0.2624797879722354,0,0.13862252311074277,0.18342146017710173,normal,0
1774.0414521839489,15,0,0,25.927371552200633,892.2982556727807,1,4,2192,0.2993763830157504,0,0.07363992189822534,0.2947417292388619,normal,0
3852.7073550352357,18,0,0,27.775585303620108,2572.624654735017,0,3,2446,0.14408506166678137,0,0.00694573008289241,0.029348868604423605,normal,0
3650.5316055533817,21,0,0,48.08718440851837,3754.318382385904,3,6,845,0.17034024013179866,0,0.058538454349173416,0.18887429035756995,normal,0
3139.5168016319767,23,0,0,10.678150422893806,799.2568523916183,0,5,2161,0.0719529446215015,0,0.20161344396844078,0.10120832576852379,normal,0
15485.209443743797,13,1,0,278.64138597906066,2267.338188827649,4,10,1775,0.11120167799955888,0,0.8418180570062236,0.340838422731886,social_engineering,1
12741.186132855019,13,0,0,89.89574369995358,3622.4239712546887,0,3,476,0.35137520095849173,0,0.5657046672816483,0.3613166993063933,social_engineering,1
1857.0344614718786,22,0,0,6.950802638213838,2104.5519011696733,3,7,2944,0.021247198419784674,0,0.15974426048240511,0.1739209687692129,normal,0
4670.369568434665,22,0,0,26.91101106805542,2856.5432135688893,1,11,1001,0.0662908507330607,0,0.19013855940888974,0.27366139001666684,normal,0
922.2915186655403,3,0,1,46.43624856803765,3505.156302015411,0,14,148,0.09230155443718216,0,0.08809598092366185,0.23966094532786442,normal,0
538.1139113300717,20,0,0,23.30328921593678,848.9151280091329,2,8,973,0.14392029431175862,0,0.13952096211380757,0.11841557476537044,normal,0
4961.574272634232,13,0,1,19.605533456767866,1547.328441204561,1,5,1559,0.09433545801911854,0,0.20159766634122164,0.2605682353107011,normal,0
4725.890764464405,19,0,0,3.2095927961740713,2069.0097209487585,3,14,1727,0.10146998496981638,0,0.10781462673077938,0.1303434485698015,normal,0
2851.274481001666,5,0,0,30.35000004890846,3482.989447419612,1,13,2661,0.16238938008261264,0,0.23140916659331023,0.19916431789915218,normal,0
3570.9785859036706,11,0,0,7.744884274479247,1736.6600277006044,1,10,753,0.22877223672909802,0,0.17480745953937252,0.1977660792828236,normal,0
3828.938825127421,8,0,0,31.838792751798362,3816.9334866222207,2,11,1326,0.23034682839463103,0,0.1796621014127969,0.29150973659350965,normal,0
4037.993176805661,17,0,0,13.249639561027049,1436.4507660438298,1,11,508,0.2856618762755562,0,0.07791097801995926,0.013193343362686948,normal,0
2367.1309497810716,23,0,0,42.31230236310054,2000.3664053422651,2,7,2330,0.24878534872350747,0,0.12996691091714777,0.03956864490829293,normal,0
7559.29754553461,21,1,0,493.67401273054884,2396.655679792825,5,3,2375,0.22681140522462379,0,0.4319466072744195,0.6594364282798936,behaviour_anomaly,1
18890.843222380907,11,0,0,200.4313504905728,966.7381033873418,5,9,573,0.4882661433670957,0,0.15708863068429907,0.6498246919404586,account_takeover,1
1477.143775817757,22,0,0,28.73881228361354,3671.650198615676,2,10,1099,0.04523069206718131,0,0.228807949455959,0.1752744713754164,normal,0
1200.5636324059117,8,1,0,22.22904515075326,1936.4563339928511,1,7,422,0.013402562305635824,0,0.20943577374368783,0.27044756120753854,normal,0
2742.7769853866885,18,0,0,48.48298732513516,2878.748624249639,0,3,2571,0.09138954668887016,0,0.2609724136384417,0.0013343934296487724,normal,0
3410.37519048045,22,0,0,8.437690388338654,569.957144498524,0,9,1488,0.02168429062989272,0,0.12725792094330463,0.17285649811805331,normal,0
1820.4673617544145,15,1,0,404.63218693803145,3944.325605703463,3,16,2687,0.37739346587024114,0,0.22140277404616132,0.7152588929204635,behaviour_anomaly,1
14492.528760180174,22,0,1,249.51118550481806,1244.412169362212,3,19,498,0.34708846083329337,0,0.2952607243526804,0.5595669926196222,behaviour_anomaly,1
1227.6074266542985,6,0,1,502.58580955429403,2170.6279463740784,0,7,477,0.6671707740044748,1,0.24083164266806867,0.6414013075029754,deepfake_identity,1
2292.3205974349275,11,0,0,16.056952019820038,970.9629773550223,3,5,2444,0.05435837258103442,0,0.1730732399234639,0.23473492617919214,normal,0
2040.4047352895145,11,0,1,46.73973600302641,3549.6729118488724,1,10,160,0.07969820924018174,0,0.240847249413797,0.13455939777852735,normal,0
1211.185864066264,0,0,0,35.30381579181575,2287.340175392464,2,12,334,0.04686565823415042,0,0.21039886260000196,0.1364171792525159,normal,0
562.6525985363567,5,0,0,45.851212618891864,973.1029592958143,3,2,1629,0.04165558753506058,0,0.14050363452143308,0.233498146961065,normal,0
3504.012707186691,0,0,0,21.593519480623463,3138.474905700081,3,3,2358,0.1877501100673378,0,0.014675661498708891,0.27487239334824676,normal,0
3608.263921352248,2,0,0,38.049382826630456,1602.1522150272576,1,11,666,0.1114072279568466,0,0.08410255181466833,0.20688511072994606,normal,0
4090.4812112784994,23,0,0,12.366907852569724,701.6579793213847,2,7,2560,0.26265705696614045,0,0.28192458837494805,0.1906033869644482,normal,0
34348.98054334091,10,0,0,220.7813117125253,2946.490834323383,1,7,1985,0.4467508202395236,0,0.5102390517336839,0.6386608492880463,social_engineering,1
3706.4093431440624,18,0,0,90.62289762354702,2559.4384844583233,4,11,213,0.4155424975945562,0,0.7334156188928732,0.29838896239735485,social_engineering,1
864.4913381679389,18,0,1,2.96363933839886,1041.1438013222391,0,9,1189,0.09001525082514224,0,0.10913096226814453,0.25705672143349323,normal,0
2466.894518038561,19,0,0,21.591449798261813,2748.9390403042166,0,12,2484,0.13133360373760705,0,0.11465535596551399,0.1713174115668006,normal,0
1686.2608347946048,9,0,0,324.8488134956661,1081.0933195127036,11,37,2804,0.21660362008703127,0,0.10487663472652403,0.43268850284464166,velocity_attack,1
3690.3940264522093,7,0,0,45.38231329941651,1749.9097085776211,1,4,1182,0.18468088141521188,0,0.28170564877041115,0.13631738242792982,normal,0
2414.1808403986106,8,0,0,16.85848014171578,2996.130228045477,3,4,2901,0.231705126333973,0,0.221716533243442,0.24860628457696354,normal,0
1095.7931463218276,17,0,0,26.692551964619355,1836.8707420504127,1,5,2556,0.24987495593430226,0,0.15892140026705442,0.18405283696115607,normal,0
26041.880234113934,5,1,0,440.22603151126805,2102.090540650127,2,17,273,0.3863293839628396,1,0.48947358999456286,0.7875607002611309,account_takeover,1
3342.710889111029,11,0,0,1.0216583035762505,715.0030357233649,3,8,2593,0.03582367272198439,0,0.28085792185990843,0.19852904487811437,normal,0
2279.7769208549503,21,0,0,31.957767282514492,637.38507598566,3,10,2904,0.1501826051160297,0,0.19073682178980908,0.2743579858887737,normal,0
1608.3138351279838,4,0,0,24.255149196953273,2270.462319297186,2,10,72,0.14659157044609797,0,0.1142902078524995,0.06922894764727384,normal,0
4974.844954131859,1,0,0,15.898146395769675,3024.3444624750073,3,9,1850,0.12428462241702184,0,0.22448650972856057,0.1682200924710355,normal,0
4267.850472561785,15,0,0,17.15968992216809,2722.9855789220373,2,2,2322,0.024830560056566652,0,0.10693105002209288,0.13380108124564483,normal,0
2588.244813398018,17,0,0,16.851631327588056,2951.2778012639205,2,9,737,0.062402129236502166,0,0.28280757287060004,0.19018411312545183,normal,0
4325.582172859052,14,0,0,28.726670027739605,1340.2179694559568,0,2,393,0.007497839031027076,0,0.2624934959510839,0.2760994973097506,normal,0
671.257065322914,6,0,0,24.767342328058678,3157.589038328156,3,8,1553,0.2311528866441308,0,0.043333525803433304,0.2609244699657446,normal,0
3343.3767999213565,12,0,0,17.524391130995635,3234.9207415986825,0,8,2774,0.08714624975829914,0,0.09112437530327984,0.012537179073054216,normal,0
606.8271628163685,21,0,0,34.928896436258256,932.6108466674767,2,5,2883,0.0856705127411868,0,0.29432405670944206,0.007924696111514784,normal,0
4500.466018259497,21,0,0,37.55365697182086,3455.703605129142,0,10,1070,0.14012632299879807,0,0.10569489090876936,0.1459208169855629,normal,0
2345.115745015674,14,0,0,21.950110874500282,3804.642376649885,3,11,2666,0.13351232251725956,0,0.24883632102016814,0.09792799598356464,normal,0
2778.227995958245,14,0,0,35.79231221759584,1467.847156903151,3,7,1335,0.2915813977711404,0,0.2656929946643569,0.00884930260194392,normal,0
4604.119352163253,12,0,0,10.225315669956176,2804.03605324718,3,3,2915,0.07230877762690785,0,0.2609623940275366,0.2098514811513891,normal,0
15302.17254105112,0,0,0,106.03017321694374,592.2811400569799,1,14,392,0.41699106019977256,0,0.39204046942655757,0.54988786056905,social_engineering,1
4177.457471992935,16,0,0,10.840686291886147,3959.910774294348,2,10,786,0.07839107547174452,0,0.06987001029703012,0.11600840556484021,normal,0
4690.465722691314,20,0,0,2.780325709339521,3774.0668379518797,3,9,179,0.29323446907985434,0,0.06630329670656762,0.29094789341739935,normal,0
4882.4677340681465,8,0,0,0.9994499472445129,3871.0513325437946,0,2,2880,0.008551439676172567,0,0.09361042743700021,0.039363427584197995,normal,0
3089.52881797755,11,1,1,4.836647517628018,1558.491654473921,3,14,2899,0.0063627405739617665,0,0.2419452967401107,0.18664281237723326,normal,0
2854.725174216173,23,0,0,11.49786921534927,1270.0005274995126,1,8,262,0.2560738032200529,0,0.020451787330680735,0.1341812531289198,normal,0
1781.5200305460253,4,0,0,15.47135155996454,3539.066010870753,3,14,1288,0.1655283922926731,0,0.10557308786523213,0.054229504645291436,normal,0
1770.6970000342358,15,0,0,32.3455703770104,3197.24059480233,2,12,116,0.2296329745346955,0,0.031495068432751024,0.22065399242527198,normal,0
434.1144368507672,21,0,0,46.19947061993557,695.0720841430591,2,9,995,0.052061759635546934,0,0.06222328331319483,0.2899381011987344,normal,0
1167.6677601710455,1,0,0,28.90892408313116,1518.529153147867,3,2,1528,0.25087405889999403,0,0.10049725903971204,0.1684512503369722,normal,0
4154.780967378783,16,0,0,35.73952892189036,1578.9180796290088,1,5,2375,0.2572962130385985,0,0.02422115352000408,0.11106725802098125,normal,0
348.70260797155083,0,1,0,435.79159207169477,1851.0875826241688,4,21,1740,0.10887749788279846,0,0.3349266564529281,0.6195748408869888,velocity_attack,1
4207.810653084575,18,0,0,9.501890726008039,737.5964915299458,1,12,372,0.0818296977630087,0,0.05793608439724774,0.023263921172749967,normal,0
782.063836593908,5,1,0,35.37591855306611,1339.4117276092481,2,14,659,0.05550508298813751,0,0.024800339094860655,0.13016445425450376,normal,0
11512.92668566103,3,1,1,315.89082098490917,2641.052516685242,0,5,557,0.7021099035070331,0,0.19593664468021527,0.76324705103478,account_takeover,1
2217.1767264265604,6,0,0,41.25151561217223,2270.6353180082206,0,14,2916,0.044213457534118074,0,0.15893471380010774,0.057478541939663695,normal,0
1312.0056985416686,18,0,0,38.6074758010381,1406.8850621104175,2,11,2827,0.2091363111671256,0,0.22506341193317053,0.2614533784894662,normal,0
3810.8200149587506,6,0,0,21.36258006981483,2666.567762238079,0,11,1616,0.28002579348816475,0,0.1561224514706757,0.16111954802528586,normal,0
2042.690914567882,17,0,0,338.9034066442998,3528.450164757553,4,1,1049,0.27882794448258685,0,0.4202429181233589,0.7908285622090447,behaviour_anomaly,1
12537.27593519369,14,0,1,303.99071893707475,2466.0424015912995,1,16,443,0.6785363255594086,0,0.33412518326934443,0.2073520897765374,synthetic_identity,1
336.97728413902627,10,0,0,34.21706314123562,586.1211019374654,0,8,623,0.19617774356032966,0,0.06625123208442545,0.014281395604764312,normal,0
1009.6688540160908,22,0,0,38.3172862642714,2572.207652747636,3,12,2282,0.2036918736017119,0,0.28429770295768814,0.02709127717803048,normal,0
989.8288123269858,6,0,0,45.62194063445701,2362.652024900318,2,6,835,0.12263020811970278,0,0.1437510392243678,0.1653566346800282,normal,0
296.68040951829596,3,0,0,6.410447599415542,635.4937792847313,3,5,1345,0.26434303026805217,0,0.0241837826001129,0.10607119646848086,normal,0
4354.529274514967,1,0,0,15.55100736079419,1202.024922182505,0,10,104,0.2799878377733164,0,0.0323026968208151,0.12472850756174914,normal,0
799.9664077741091,12,0,0,18.4179123640956,3056.5618114477065,3,1,859,0.2750887052188468,0,0.04786349667893789,0.11700658878190887,normal,0
4929.687225141944,0,0,0,40.868120168639216,2378.420874946042,3,5,479,0.23636612015449837,0,0.15313590528731197,0.16416773699243506,normal,0
353.99541568667223,21,0,0,8.798065933049282,3049.9453218047843,0,5,416,0.2679445089046663,0,0.059527700121510985,0.2959104513717016,normal,0
4621.5102335156325,10,1,0,6.260132444418365,3463.8453668700995,0,4,2306,0.19556694914557296,0,0.2973199981866013,0.010414828152407995,normal,0
3851.179077527718,3,0,0,8.966317833729626,651.4887132541326,0,4,1896,0.07569675736292084,0,0.18595838014730198,0.2626433862677052,normal,0
10387.965580551028,19,0,0,646.7629662935105,3492.538245751052,3,9,486,0.7928147914105554,0,0.29001839874552177,0.4891895336624573,deepfake_identity,1
368.19026393243087,7,0,0,0.6195731990584596,1140.7650340691453,0,14,1058,0.23396104737107248,0,0.07354517902315862,0.12686135860185546,normal,0
1351.1482314398963,19,0,0,15.145102260452642,1229.5863597031985,3,2,1564,0.15345202570397934,0,0.004367700051442447,0.20660481440885387,normal,0
4793.170024842199,9,0,0,39.858902913065556,813.3277451585932,0,3,2314,0.19067296121237248,0,0.14320651308570273,0.014934466793598255,normal,0
3692.0493505454065,18,0,1,33.491597614861,842.7390749495221,0,12,2730,0.2664879892530133,0,0.16910515015206867,0.21030204282098025,normal,0
18125.879057106024,6,0,1,249.0576376715683,1939.1656997450875,4,7,256,0.762579525146788,1,0.3204112230737666,0.3366609002886036,synthetic_identity,1
1806.4517884141717,10,1,0,5.2885896760795195,1654.3687353761895,0,8,1043,0.06648709778806226,0,0.05041482009525711,0.09763262911381022,normal,0
1547.6794096393594,9,0,0,19.685271146450223,3698.380600783419,2,13,2500,0.03628461045501143,0,0.036652195216606086,0.062028659813606564,normal,0
3952.763176981762,14,0,0,36.060339026653345,3307.9252530374824,2,14,2594,0.1325535969771287,0,0.18070067458523695,0.06583692582816891,normal,0
4317.579857956083,6,0,0,7.654240942070412,3639.5827646147663,3,13,1424,0.2549054506982032,0,0.20011392491451863,0.15077613052335015,normal,0
4514.708388883293,23,0,0,22.051331175778365,1115.4355193350652,0,10,1782,0.09920423566694304,0,0.0747126856936628,0.23289929751203362,normal,0
2638.2395253826617,19,0,0,13.374069292439994,1165.452768094692,2,10,2722,0.011778239216132557,0,0.04406133833684569,0.15884907979446403,normal,0
15243.229835811553,19,0,1,416.0775715818884,1935.1579735527848,3,13,276,0.5442102261854669,0,0.4964212055740699,0.6588504831294106,deepfake_identity,1
223.44772840022387,6,0,0,29.158085571686794,1404.2058660965895,2,1,2514,0.21960920745733706,1,0.05118880611043068,0.22866962242334637,normal,0
1737.795065003108,22,0,0,17.8898014409846,941.9387977304622,1,2,2025,0.24356326756693011,0,0.2803647595392064,0.24710677475194845,normal,0
4032.669829941083,12,0,0,16.49979018053971,2425.4263712852835,2,12,2384,0.01401749167312868,0,0.09473360917261889,0.24792930682736097,normal,0
556.2035622489061,23,1,0,49.316482727566985,2398.4433749027694,2,1,57,0.22422344049813794,0,0.19292904630640756,0.2574780742433212,normal,0
3002.7981448316364,14,0,0,29.453005708298193,2881.9237762953753,3,10,151,0.0915842139093508,0,0.1980914682297994,0.1423270617156082,normal,0
40013.54638755415,6,1,0,605.9013589658399,3588.468248503964,3,15,1689,0.5513973122623103,1,0.19417596578975804,0.4735768160542053,account_takeover,1
2457.5864990886057,23,0,0,47.31584728068287,2633.7497740446083,2,13,1676,0.05430357393816369,0,0.2598487472938444,0.037702202093712854,normal,0
8523.620232394045,16,1,1,157.44109193367046,557.0296836430796,0,16,1476,0.25110298987630153,1,0.0763139081966202,0.589350183764846,behaviour_anomaly,1
1111.0352201883834,17,0,0,24.22708655111345,1778.8685431673655,3,11,2017,0.13729267165692954,0,0.07328672089174909,0.015460162094405027,normal,0
2067.162717536312,21,0,0,42.27994459468309,906.9759360958024,3,11,1942,0.05942941476452933,0,0.08153387534108049,0.22753050794854793,normal,0
2703.637694683925,14,0,0,40.760264058273094,3104.1493863000037,3,9,1948,0.06802434790235165,0,0.23878985058010402,0.10001623793008535,normal,0
3845.331593538494,9,0,0,9.811602310952205,502.9718836760135,3,10,649,0.08872930622210858,0,0.1202167974737765,0.07590928556399085,normal,0
6231.94917783705,6,0,0,246.88423869154153,2388.888411364089,1,6,1139,0.14967090332984612,0,0.36732608795442384,0.6692755868095279,behaviour_anomaly,1
4381.01785951306,6,0,0,26.291052813656,3309.238936271391,3,1,1011,0.047731511745794715,0,0.2003468562715889,0.05829522708936738,normal,0
1546.9234208349221,18,0,0,5.24356105056073,2977.0521573231713,1,11,612,0.1734218363917455,0,0.010544501751888202,0.008783948004043285,normal,0
9852.875382728667,11,1,0,685.2313967844116,3834.1614312944307,5,19,587,0.45107004206372603,0,0.46831042211698665,0.5626004819546557,deepfake_identity,1
1507.4710591050004,6,0,0,45.57191539708819,694.5051809704548,1,4,1439,0.130527014026606,0,0.005821911870872975,0.2291975022200145,normal,0
4041.7423176295747,17,1,0,14.13956026339822,524.0203620567863,3,14,1985,0.2801913797264095,0,0.20903293641251036,0.2974148315297205,normal,0
4598.575105775838,9,0,1,47.66930362655004,1655.2477749014724,1,1,933,0.15523172142057715,0,0.27655182795182537,0.1052218232256815,normal,0
4239.437817772749,13,0,0,12.582640780415295,3384.8111194411545,1,11,2289,0.047345061744709926,0,0.17051741015542302,0.17242599102435394,normal,0
1590.7869905017349,4,0,0,30.433617279990678,3467.9491097488617,0,10,2578,0.14084385347328904,0,0.0971414863160336,0.11308846667908459,normal,0
1426.9510073811657,14,0,0,10.646194118585544,1656.1997796064848,2,12,875,0.0984463858429276,0,0.25360977030648,0.2232234315792487,normal,0
23561.609917543326,20,1,0,644.6429502684877,760.2820992987922,3,18,422,0.702007009830256,0,0.453288096316772,0.32908119260238494,deepfake_identity,1
4306.681627302617,15,0,0,17.247627350153405,2571.262185198287,0,9,2741,0.2813915818649507,0,0.016946962458538304,0.16058990008590315,normal,0
4321.083861504489,0,0,0,43.818921503383585,2222.6733405481527,1,2,1660,0.1491686102185445,0,0.2517210521595464,0.039445949860363615,normal,0
2642.306479917753,9,0,0,11.000629932569272,3590.415072219333,2,9,2858,0.17386580689463443,0,0.011047020161385522,0.040787859447476836,normal,0
4828.575310326912,3,0,0,36.33745661417384,3610.9620546393458,3,4,2853,0.22860332928458427,0,0.194423638743359,0.0022604447134712325,normal,0
1083.5339065458388,21,0,0,499.1453728559411,2714.8812271869847,1,15,2020,0.5669338630268518,0,0.24816524033038945,0.5352303974452128,behaviour_anomaly,1
840.839513884515,8,1,0,330.9930759603697,2458.0038307247264,5,22,2140,0.4309829689525896,0,0.30848834723483,0.5666942442955063,velocity_attack,1
3716.364720489215,21,0,0,48.145271152476546,2545.5266636751485,2,14,2332,0.08523654383249361,0,0.03435198112803227,0.03451147628452978,normal,0
1279.938698758549,23,0,0,47.36139007304948,2314.002296027503,3,8,435,0.026327766155793186,0,0.26842407291429976,0.08873123312025295,normal,0
1295.5492525575096,9,0,0,29.67838783745212,2105.9813617614536,0,3,1125,0.14473933474918788,0,0.06907075599296238,0.06419808424891575,normal,0
1020.8098659950829,3,1,0,5.4454266697296365,502.36155320308626,1,7,1044,0.0028658329850907217,0,0.037627914006235295,0.04529497603831024,normal,0
4906.838152997157,12,1,0,17.08715174398193,2404.1878878679154,2,7,1097,0.21738812754713135,0,0.2887833098581999,0.13044061527667689,normal,0
768.2202303751718,17,0,0,21.53900469284082,525.9046882365191,0,10,263,0.2103989191466067,0,0.030093164067587184,0.07973969916036121,normal,0
1221.489766169145,16,0,0,35.16141166143864,2587.7074373685273,3,13,644,0.08819297691864121,0,0.007548714772329812,0.15486943391723923,normal,0
817.2325615950207,18,1,0,13.907695841806722,2324.448325627183,3,11,2557,0.1911170684708465,0,0.0768087635512309,0.21079132067062337,normal,0
3117.729622093292,14,0,0,40.437014628316376,2489.84911190812,2,1,413,0.040941441187545224,0,0.031415541350599416,0.07742525439347499,normal,0
4041.6288924196197,5,0,0,23.499504440929343,2748.8287502183807,2,14,444,0.0029612796117682526,0,0.27205687083492713,0.10029477074852354,normal,0
4497.190015572203,14,0,0,33.50995831574712,2493.5078634439265,3,5,1316,0.019245434209570443,0,0.0868541387553021,0.14180620909224026,normal,0
2151.9755719711584,21,0,0,20.706757156979084,2458.0396902601415,2,4,1743,0.214498734386815,0,0.2414377035940666,0.1621813320774207,normal,0
1085.554120759653,22,0,0,161.74286430362912,2012.0442515142236,0,13,44,0.5360458172849806,0,0.4605619412482775,0.7874327413897945,deepfake_identity,1
3947.428761427201,20,0,0,30.20052646279539,2372.1019448495026,0,13,1994,0.0749671526713674,0,0.09432088130618646,0.02983895944628968,normal,0
13778.676667000367,9,0,0,457.09557583852495,1949.6375659703692,4,4,244,0.7437709331486357,1,0.1676607525596375,0.8149005472700821,deepfake_identity,1
683.7892927806361,18,0,1,4.701537406711337,2428.422590988589,3,12,2179,0.06379207082779807,0,0.17371030340383203,0.2641078351472207,normal,0
9727.537252220582,2,1,0,470.59419454563664,2964.553024454615,0,1,1195,0.35029821156950564,0,0.3349404215320532,0.6004758641117345,behaviour_anomaly,1
3307.1049499775627,17,0,0,6.854997339941649,515.9910190677161,3,11,853,0.08771979408716271,0,0.2378596693432339,0.07868459005852323,normal,0
27098.16419155225,2,0,0,257.31214883682225,3003.3360385135147,0,1,1489,0.1742905404784567,0,0.4831729941687609,0.4638891550326839,social_engineering,1
14985.86374410331,4,0,1,228.52178505120534,2831.271702226176,3,11,56,0.5115368102299547,0,0.3767371554670761,0.568038459913203,synthetic_identity,1
1605.720828138804,19,0,0,10.550661449368025,1472.7455921501996,0,4,265,0.287914179940067,1,0.29753109659635096,0.024825154282680426,normal,0
2305.287333188504,12,0,0,13.485038262284188,2761.5595832761182,3,1,1439,0.17853221344790463,0,0.026406039271631977,0.03818467556413728,normal,0
13454.07733239533,15,1,0,388.3065749734281,1136.2405065136518,0,12,382,0.7056382915330783,0,0.20893279130749853,0.3516801284002523,deepfake_identity,1
254.77210964564597,9,1,0,40.34340217114209,1151.7369686510506,0,7,1918,0.2820850041246715,0,0.005887231128441383,0.2185774644751777,normal,0
17496.92172843302,15,1,1,665.815744110907,2612.6232947736416,0,15,580,0.5310085124999453,0,0.23999467580342904,0.5564846848592453,deepfake_identity,1
1110.3939060372943,0,0,0,233.4856728758589,682.0365204581511,12,31,1524,0.41899867056856843,1,0.07457565811773281,0.7542226313278302,velocity_attack,1
1902.1373503243408,17,0,0,7.902115988818675,3046.1501886328424,3,5,289,0.2672377061210122,0,0.26777065058789135,0.11959019139310231,normal,0
4897.842619993016,7,0,0,22.33338622307077,2971.5292088770016,3,9,2729,0.2994109373937222,0,0.13364300561716677,0.10485453663504797,normal,0
14009.235504032698,19,1,0,219.6678773554087,2361.795622949871,5,17,2570,0.3036571246796093,0,0.0037665783683826226,0.40940537421943624,behaviour_anomaly,1
2642.6967558859037,3,0,0,31.219689821994766,1046.420308618433,3,3,1677,0.2623759245956814,0,0.047546717677043326,0.04974144901345124,normal,0
429.4474824437496,9,0,0,0.5130514202247694,1318.7493742886215,0,4,2602,0.05512180927852689,0,0.21219512160729123,0.23088501573180048,normal,0
2016.0610587242534,19,0,0,49.112664231649966,3143.678880805318,0,4,2684,0.0889937730242666,0,0.16652693593318615,0.06728228402862098,normal,0
1829.9469188414816,13,0,0,10.469791287249564,1118.91904231922,3,9,2183,0.22621017273724808,0,0.18673356030111843,0.1561156359143519,normal,0
2876.3657686367687,12,0,0,27.95691344198761,1251.8963938500895,3,1,2444,0.05887465169861804,0,0.015180774806078422,0.29789030156449536,normal,0
4619.92798991501,8,0,0,45.887893104012356,2887.0254493336943,0,2,1893,0.19370882387046653,0,0.2415978776350824,0.22327487391816514,normal,0
3565.666668337769,14,0,0,24.495805580224733,3727.380066429599,3,10,1382,0.23560598491571783,0,0.16573765474027827,0.14157898654715878,normal,0
1792.1755659999503,16,0,0,33.23136449582794,2835.336605630594,3,13,1426,0.009506654862395903,0,0.20051202179561728,0.26243740127766324,normal,0
4886.3216097022305,1,0,0,0.17458793014851204,1000.4988175472824,2,2,2096,0.22117509016823925,0,0.2813080903164541,0.02801050568115396,normal,0
224.5537210460664,6,0,0,45.02058190443091,3356.5380335888494,2,14,2041,0.04958670092558341,0,0.08650003703187066,0.1218096191861583,normal,0
13894.318191260973,2,0,0,117.08779447614556,986.6743489830834,5,6,362,0.4225859425632527,0,0.445266601340705,0.7802303446135104,deepfake_identity,1
1567.8718219739822,19,0,0,39.45122209771184,611.3148999183886,0,10,1092,0.2662616654918579,0,0.14616721702759838,0.2773378600677634,normal,0
1324.789037348344,9,0,0,43.79370293002226,1537.5434729639549,2,14,1625,0.29378318038349266,0,0.21623107851731832,0.2885315003722969,normal,0
1652.9178252657605,16,0,0,16.564917023033654,3509.7978303466007,3,12,1649,0.13380352453023672,0,0.2584703047977576,0.01851876554882741,normal,0
1403.049408097382,15,0,0,46.15661596702863,2754.0425538151885,3,9,704,0.2841541949478994,0,0.21084699054900166,0.09000740008695013,normal,0
3123.8191277004157,18,0,0,14.009240063710864,2433.539162990044,3,14,441,0.2902069003956624,0,0.05167726287080471,0.1437023587957289,normal,0
968.0339682921909,21,0,0,26.23990068599651,2085.4283582135185,3,4,2833,0.01663321206957752,0,0.05523713853179646,0.11072018482281018,normal,0
5570.401490357201,11,1,1,378.29862769727976,2410.898866417439,3,12,236,0.5280011795787554,0,0.2768942131065984,0.5680052476719691,synthetic_identity,1
3931.937629584891,22,0,0,7.921357470308971,1481.6361482767923,1,12,407,0.0981378695914092,0,0.16454797159865495,0.05061616807166364,normal,0
4716.085275494118,17,0,0,28.615393572784043,1067.368235411257,0,7,1015,0.18575578193096523,0,0.06405466300864684,0.2273960561694224,normal,0
2151.6062023056525,23,0,0,17.683628719748345,3669.7220500272615,0,5,1666,0.2677109694676041,0,0.0026032229074801406,0.2382006217179881,normal,0
1134.5171185343834,11,0,0,2.0543891483712606,3861.089026832903,3,14,2617,0.17228223606764562,0,0.03019166757659405,0.027234025993570953,normal,0
226.47834405248622,10,0,0,25.320565351108037,3038.449211063584,0,7,2989,0.24367323546207037,0,0.22792468368969535,0.19697223704667413,normal,0
4577.56337497897,14,0,0,49.418904191795555,2797.2169303830005,1,1,78,0.13188512097592467,0,0.045059135598587215,0.12761763716577837,normal,0
2153.587417293718,8,0,0,23.571492431608505,2916.645847467335,3,7,2315,0.0691787223475508,0,0.1557189193189707,0.1546621681857526,normal,0
3131.195753254403,11,1,0,18.62055720072206,1371.8382815819307,1,1,2840,0.03988981440722798,0,0.08224560294600865,0.20942411329842495,normal,0
2901.6845250367787,16,0,0,46.16266440203073,3675.472124745258,2,8,899,0.24112711680412793,0,0.1597993762210872,0.2633530153935583,normal,0
3240.763178992127,21,0,1,33.28232980722376,1508.9147007575398,2,2,2087,0.036818151261846475,0,0.28436009859843403,0.22488264475096997,normal,0
3310.3512011692565,7,0,0,47.018865541832994,1017.1475461820048,1,12,2430,0.09337095478368553,0,0.15346826993572787,0.04648765535789171,normal,0
2365.2482489029753,22,0,0,39.18037243999496,3204.6207597494354,2,13,1883,0.25131548955752503,0,0.058793658410360904,0.029476553631612678,normal,0
3697.3411693040666,12,1,0,48.481300958309795,3318.016523544956,0,5,2393,0.0006721419221088043,0,0.1804570399584443,0.07506183396625166,normal,0
12463.049092207186,17,1,0,565.3429270221837,3086.5524550707382,1,15,227,0.8324980690798343,0,0.32967659047130765,0.6823013617482439,deepfake_identity,1
2988.3245484750164,0,0,1,18.07759632680665,3857.437076472277,2,4,1123,0.29883820440788406,0,0.09632564088724595,0.24019505917810996,normal,0
3377.4950020993583,13,0,1,49.02399245052735,1833.591791008782,0,4,912,0.07509269650371404,0,0.2200966057996565,0.10412314150543028,normal,0
1010.0920528254096,19,0,0,14.998172544074556,569.6550239021236,2,11,1973,0.1960195216287901,0,0.18296651319009102,0.04239716371133356,normal,0
9709.194627535246,13,0,0,451.47817070613957,2924.63186703841,1,2,483,0.8363063097025982,1,0.1963810702846267,0.4622908789038372,synthetic_identity,1
500.45419415921344,15,0,0,4.326626441195852,1697.2105053603573,0,2,1309,0.17539411773464006,0,0.28455056582904154,0.03505663672478464,normal,0
704.9043424707401,13,0,0,27.137235972874674,2122.23662404641,2,14,290,0.1240006340548817,0,0.0958032720083087,0.15184694151732972,normal,0
2384.867123405112,18,0,0,44.399192699155584,2535.195008716246,1,3,1621,0.10963428500628691,0,0.10880717851174267,0.2868200279809181,normal,0
6257.0556609748755,19,1,0,68.8886048018864,3961.1563574691186,2,12,215,0.7025629353774365,0,0.37305226350313303,0.5563885220012705,deepfake_identity,1
2474.1626274360046,13,0,0,38.072471040370644,2327.99918106162,1,3,2706,0.20808130257656374,0,0.16784587728795342,0.06642816575527727,normal,0
2891.3952355023184,13,1,1,305.21640163900594,1212.5391809221842,4,6,1753,0.29151295277072886,0,0.2003148866504797,0.5358873212094954,behaviour_anomaly,1
786.4116746589677,20,0,0,28.497235820788053,1249.0099673700524,3,4,1111,0.1175909471223298,0,0.22211051033909376,0.03211339730547593,normal,0
314.39708886729983,16,1,0,77.63516008487858,2488.177358831853,11,39,1065,0.2912523592888379,0,0.28160191755719016,0.59000346394065,velocity_attack,1
3503.7406985792663,14,0,0,9.070307200109523,3443.212115905919,1,9,677,0.28393938462833407,0,0.07945834075409666,0.002653208077523139,normal,0
1130.560925800389,0,0,0,48.360365080284524,3094.3559495885384,0,10,252,0.13704680293478474,0,0.17068532718669172,0.270964178180625,normal,0
16941.909112976264,7,0,0,376.0838301030396,3595.892242117128,0,14,127,0.6430990324263055,1,0.25441878123631306,0.2534908327903503,synthetic_identity,1
1830.9319016601144,21,0,0,31.98224718790269,2838.503736038619,1,12,2489,0.08315195183115404,0,0.15559269897527644,0.041251452746336445,normal,0
2610.7248215873224,1,0,0,14.104958093582521,3473.8488140434465,1,5,2462,0.26819057585839184,1,0.07690080448909636,0.09164401887267251,normal,0
13906.566592221547,23,1,1,158.37169484420588,3017.3652504260585,3,13,550,0.5025133250580001,1,0.25283659641025596,0.8493824115314492,deepfake_identity,1
2952.7738583111577,7,0,0,46.86907732827162,3189.5139399016857,3,10,1726,0.044161795642077825,0,0.040291898311080585,0.21627459418531314,normal,0
1133.0256013178468,4,0,0,126.91967390040587,561.474776255144,7,25,1841,0.3428209537924852,0,0.2286344965638441,0.4442511962803725,velocity_attack,1
3949.692928593137,13,0,0,49.52285037018757,1139.4635330675724,1,14,393,0.08335774952099456,0,0.2618677860205928,0.2784079993830179,normal,0
4211.0869058182525,14,0,1,23.08057088328887,3232.273396200496,2,13,2157,0.19652232990035662,0,0.28070249509836687,0.2504830532225475,normal,0
4757.016271975138,14,0,0,12.933762013974714,1424.2591305351266,3,7,523,0.1419368348706769,0,0.10134828875031254,0.2091352555417156,normal,0
3103.403954223175,6,0,0,26.504653173738323,2223.5809670172266,0,6,1733,0.255296356652604,0,0.07862131973364157,0.0532278197566581,normal,0
740.4808460269775,13,0,0,48.26742233381536,1696.2050346674137,1,5,2228,0.029459149724635203,0,0.06654655544005575,0.23459992574745428,normal,0
107.22172822292593,19,0,0,39.56814370275795,1869.5966370522106,3,6,1310,0.28286701840070777,0,0.17284198900653083,0.03402409801167861,normal,0
3688.7651403860577,5,0,1,16.965851267193223,1770.9027376091835,2,7,2677,0.06661578545238073,0,0.011408133593192071,0.07957761121453728,normal,0
3086.8652365014946,22,0,0,10.165298550146984,681.5828229966824,2,5,570,0.25900588169002464,0,0.1718721568105099,0.2336626047545444,normal,0
1331.027467722055,1,1,0,325.5420949556973,2795.7970508778853,11,16,871,0.47908764923729813,1,0.055442295426060766,0.7691913771812215,velocity_attack,1
3666.9026041714496,15,0,0,23.563010544086673,3855.077298003533,3,9,2137,0.23578095223483508,0,0.24927997330348864,0.22380826016755875,normal,0
1263.9622921270004,12,0,0,22.86481999772602,535.428954890399,3,4,2849,0.21811186733800683,0,0.2908265607235301,0.2330599970705434,normal,0
3239.014399389548,5,1,0,11.336573225872149,1294.303568671661,0,3,73,0.045347139274130074,0,0.17886585479951528,0.2874285850760742,normal,0
2896.813692877668,17,0,1,15.56664358164635,1665.9391118291405,2,1,972,0.013510649191955604,0,0.13826860704844535,0.2171254442373522,normal,0
304.1972129516829,23,1,0,42.485825901060984,2780.419495717774,1,9,2605,0.10027562482458093,0,0.28712006251873246,0.023561871254423283,normal,0
4428.977338631697,23,0,0,46.40698905609618,1633.0250835372647,1,3,1345,0.20531044550387414,0,0.1114380790160908,0.1999830355211666,normal,0
4239.869604000622,20,0,0,20.449859270475645,2715.9829976310875,2,6,2898,0.007049811567138908,0,0.2614049771356799,0.19209744273507082,normal,0
1123.2715839234909,8,0,0,1.914569309851022,2324.9594233803664,3,6,1284,0.1339328057918445,0,0.2434762283162239,0.08908166310681594,normal,0
3326.4139898262847,17,0,0,10.43027760174337,766.7663893600323,1,7,925,0.27685442074446215,0,0.08438064598718215,0.2209653586173113,normal,0
3644.8739455390687,11,0,0,26.09076615256803,3465.249381335789,1,7,928,0.06910621797447886,0,0.151663376083884,0.042383815391339494,normal,0
2566.744627188799,8,0,1,6.723377641027762,1997.212135314676,0,13,2099,0.2406789998649325,0,0.2615922191393914,0.2249103238720083,normal,0
1870.8785174292132,22,0,0,10.66850785776472,1892.0424542713092,0,11,387,0.08349499812353847,0,0.24997049271462324,0.18274914161747693,normal,0
2941.9205583978433,14,0,0,32.71174983801673,1284.1983206609184,0,7,80,0.26590885790349655,0,0.21017887674113797,0.274347198483917,normal,0
4495.840273767628,21,0,0,13.594212263144284,2606.2533409807247,3,12,806,0.25997623721145563,0,0.22788190358038318,0.20307565581440346,normal,0
3338.9698458118696,20,0,0,13.33193265212061,1055.0333867078293,2,4,2072,0.03633855512172637,0,0.06873278549458657,0.11443681499250596,normal,0
107.66901543821723,16,0,0,29.810398128293514,3169.6969408819336,0,7,150,0.19363722519502566,0,0.033185570444804836,0.2928483456242776,normal,0
315.9227216948688,8,0,0,25.83593769724975,2950.5930685471485,3,1,2025,0.22425584845229582,0,0.22238339299949408,0.1317905990007731,normal,0
3836.047560129384,9,0,1,27.34030647572425,1422.0464419082136,2,6,224,0.2847241679983617,0,0.2390967743652994,0.23690171511528013,normal,0
2492.0706090229887,10,0,0,40.07004346235843,807.7450992071213,0,8,689,0.0913023252611768,0,0.27240155700645036,0.07766098472909913,normal,0
3477.6210193031825,12,0,0,42.43596644638071,3827.8357447354306,1,3,1630,0.07057125824233361,0,0.07821808647222857,0.07576912665296925,normal,0
799.9256275902261,19,0,0,17.878855047890635,3220.4166097994284,2,10,2358,0.15181897483095796,0,0.245030554963192,0.20353339195342732,normal,0
891.9806990636075,11,1,0,9.53907850457818,739.3339273760099,1,7,1980,0.0328184314722058,0,0.03739402467507752,0.031052539440782467,normal,0
1742.867345383649,19,0,0,13.908695993766184,1534.3110385683492,2,11,2002,0.24906506488515817,0,0.019437791827372874,0.09189570464177789,normal,0
1776.4497405482853,9,1,0,30.58360388152102,1728.0321290482782,1,8,386,0.03343986780365261,0,0.05799809509537157,0.07876903702755662,normal,0
18220.501271631092,10,0,1,291.8832716481473,1464.433191402255,3,9,97,0.7402252549144054,1,0.1782945688639545,0.2912092332901694,synthetic_identity,1
2187.8085810628204,6,0,0,29.97978311300787,1267.4346410984813,3,12,2395,0.028478170791313272,0,0.173845889791663,0.14711102790855196,normal,0
1134.17370098116,6,0,1,464.24337418418656,1454.1657689152153,4,33,1802,0.16912927892692778,0,0.22084063291436104,0.6615860123151271,velocity_attack,1
912.173921118764,7,0,0,24.31354554240388,2522.0257435669746,3,12,771,0.13436974873133625,0,0.1933779471347828,0.09270964246536685,normal,0
1158.587094297038,3,0,0,32.85060784437672,3835.5020940485,2,11,1586,0.14218086104984562,0,0.2988392928220256,0.1687634889065999,normal,0
14142.347343034602,12,1,1,1018.1647490033033,3940.0402856787255,2,1,1739,0.5427463559507382,0,0.2548757922702895,0.8809154271434967,account_takeover,1
38613.59893914652,14,1,1,128.5236818503941,3962.4580708158587,1,16,2584,0.30516515341651324,0,0.7993556949509623,0.3100107617502974,social_engineering,1
297.30540570270364,16,1,0,440.76189526462827,2749.6172440119985,6,29,590,0.4680018782621153,0,0.06389083205259563,0.5825771780445839,velocity_attack,1
4206.959377444348,13,0,0,42.3618768727799,2557.685272420711,2,6,1025,0.1434007438074931,0,0.28435120649916107,0.2882260141891525,normal,0
6252.390709828443,4,0,0,467.6444304598322,2477.409562566185,2,12,1922,0.06271303278942354,0,0.27602407959335173,0.7044774391252038,behaviour_anomaly,1
1105.184238361835,18,0,0,3.420524248991458,2758.430856732808,2,4,1242,0.12184844796127249,0,0.09590671403942495,0.0843832643540602,normal,0
1918.1181768870927,23,0,0,362.2979554325993,2587.7418177905615,11,25,2830,0.10370948652177617,0,0.013169850349108492,0.556047443758759,velocity_attack,1
1809.2763465472876,16,0,0,31.634298371625373,3705.980753514508,1,9,2532,0.04644612283543021,0,0.1028839684452096,0.009195766491804713,normal,0
499.833728023708,15,0,0,5.507681978981344,1079.6544919240991,0,8,1364,0.20103727238511507,0,0.11548681648063674,0.1671682499792089,normal,0
3290.623165920203,9,0,0,44.00283366670419,1839.7872161912062,1,1,2832,0.18566266582380836,0,0.29299962965622245,0.06437051459624608,normal,0
856.3773048435913,20,0,1,49.07518446516098,2918.2966290590034,3,10,1359,0.030116003098084907,0,0.2090901321239635,0.029762978298273256,normal,0
20401.094936235135,22,0,0,321.8448038065496,3404.9598452246273,3,19,588,0.8552196523200077,1,0.18707347794496232,0.5659662872932394,deepfake_identity,1
4369.928767535186,4,0,0,3.087485208388885,2658.672751318792,0,4,2469,0.04924241808341777,0,0.12166481214687007,0.23701855182447468,normal,0
4811.31239041315,18,0,0,6.323268908123403,3706.9169434743067,0,14,2509,0.1478511177114761,0,0.16621413135043492,0.08931607804076717,normal,0
2056.6479874656097,5,1,0,37.89980386926609,2149.3923937648688,1,5,2328,0.0771989880550307,0,0.15729615318271586,0.2690184578988941,normal,0
3485.331485099032,8,0,0,31.890285798784017,2426.2336928500827,2,14,2187,0.12122925755009945,0,0.050911137453482955,0.2839153756488062,normal,0
4207.329063300823,17,0,0,48.75816899573842,3308.2945903566233,3,8,2542,0.29716074564034894,0,0.23409172688487867,0.2502114238870969,normal,0
750.3071948109957,4,0,0,43.5391017150956,2483.2200374764416,2,10,1184,0.04743227347166903,0,0.21317559979537004,0.19805119448191447,normal,0
3629.881593073584,9,0,0,33.03723593302866,2327.5228687802064,2,4,370,0.0789711416308659,0,0.163941627814256,0.09354152628298885,normal,0
329.8140753886588,14,0,1,264.9418452636732,1654.8263523804337,10,25,1987,0.1033925727571755,0,0.09726914698237224,0.6081553862803417,velocity_attack,1
4247.920259582363,15,0,0,26.43367215668832,3123.2623171360997,1,7,2022,0.299580019184898,0,0.09268061986515655,0.18521224450907023,normal,0
23921.38879471669,0,1,0,19.090722532797788,2115.3833113106602,2,12,1621,0.175047756604769,1,0.6019029194996128,0.7382624049650071,social_engineering,1
1510.9321791123632,0,0,0,30.442662511110115,2730.6205885031786,2,9,1699,0.13078047143451868,0,0.19461615385908634,0.16878475241685184,normal,0
1178.5454969332905,22,0,0,31.148793789344538,3061.3693870983448,2,8,2539,0.038018520547706866,0,0.13703873475841571,0.1329646865302256,normal,0
1776.6896107169837,19,0,0,180.25608898796463,1717.530426309732,4,1,80,0.8324079222500864,0,0.4679801566169744,0.30038159766926165,deepfake_identity,1
167.30920426681897,22,0,0,47.98444480995262,1527.850080499527,5,28,908,0.38633145006988234,0,0.061167551973161864,0.33609717263366107,velocity_attack,1
372.46705623425703,23,0,1,49.93896439271532,3096.016520532943,3,7,2053,0.052321139893784493,0,0.0653365213565142,0.22163776361253829,normal,0
3282.593755566492,23,0,0,19.347292496265112,2457.209129038749,2,5,797,0.1787435203256925,0,0.10911937302269199,0.2162862427902328,normal,0
379.5681336411462,12,0,0,29.92738089900489,1554.4198034148167,1,7,2074,0.2297789526507626,0,0.04388394256760215,0.1860676178745073,normal,0
1262.411279506373,1,1,1,8.725520119543479,2558.147015901997,1,5,2165,0.17410216425922703,0,0.014192042087602118,0.11792315214723026,normal,0
1244.4800692361937,16,0,0,3.331348047214999,2887.5394897660763,2,7,1902,0.26520535793705496,0,0.11793581793111829,0.2831905206712533,normal,0
48770.115018150405,16,0,1,180.50602145407592,2548.801975564859,1,1,2037,0.2670277491449142,0,0.5545558381152904,0.5146952405050893,social_engineering,1
2071.7906705666273,12,0,0,43.89618061166637,2647.298954835934,0,3,337,0.2749306566528923,0,0.091528278345296,0.1322722145972209,normal,0
3244.915632327033,3,0,0,3.7724967739831805,1962.591114939727,1,2,2203,0.2651922896135548,0,0.10872571929792134,0.07315260542266948,normal,0
1240.368909686204,18,1,0,2.3316381366896124,897.167407034081,2,2,2592,0.25716378782333665,0,0.14506285599194466,0.1737026171519568,normal,0
5611.179492827154,15,0,1,96.94852511620233,1922.2591040920424,0,15,373,0.41662043240069707,0,0.22884090065662394,0.7890451818292683,synthetic_identity,1
8709.252960852838,12,0,1,258.154761227408,936.8834806527941,2,4,469,0.8004917557386377,0,0.32766875408595464,0.5064060384363405,synthetic_identity,1
3439.3633388972535,21,1,0,36.747657905838466,3468.240735844318,3,8,2209,0.05574071796193659,0,0.2887068991339909,0.061880215820733664,normal,0
2842.278549085879,10,1,0,36.456719195694276,3058.9884552670183,3,5,2621,0.07946548277479558,0,0.2518553159021547,0.11019676748515915,normal,0
14032.3370136132,17,0,0,195.42912643158854,1069.0517849426642,0,4,2746,0.41069809734786267,0,0.19868035236615306,0.5433397222588776,behaviour_anomaly,1
4019.314188179048,12,0,0,1158.1342213513635,3266.546532116012,4,4,1644,0.47923442036086866,0,0.3278881830476479,0.4395199888285588,account_takeover,1
1508.3070226813406,15,0,0,1.8611342544697596,2666.11819205493,1,12,2652,0.18253255956915734,0,0.024941532924307307,0.019215661644611682,normal,0
1866.325075193614,2,0,0,37.10814313853779,1688.548757562234,0,14,834,0.16553240076802891,0,0.1868182523063669,0.007420008966981739,normal,0
3599.025967448896,18,0,0,30.61749210017875,3597.212169115374,3,14,73,0.19395150216185442,0,0.27147567797420064,0.28765091517334773,normal,0
9074.71818082734,22,0,0,85.9503023186507,1102.9781779420068,4,10,487,0.48637054454010115,0,0.3952863626815312,0.35191477608418464,synthetic_identity,1
989.2551632269456,11,0,1,155.09114149071306,3386.369218739234,3,15,489,0.7518848928384351,1,0.31545693126087904,0.6578037310941833,synthetic_identity,1
1008.1178796907008,5,0,1,38.11969529280981,1299.7750093006289,3,7,823,0.07691512425980014,0,0.020291942243672288,0.0791111056684167,normal,0
2839.390496238351,6,0,0,22.11348715513246,2539.3983822474693,3,11,2040,0.1598919514790316,0,0.10831538802520725,0.2989375278756139,normal,0
3277.638394529864,0,1,0,323.59037577246403,2436.456230848361,0,10,19,0.7553525847182496,0,0.08311278780232555,0.32058453080746935,synthetic_identity,1
1204.052956761052,6,0,0,8.94393694413213,1918.367969101898,0,8,1380,0.02101694782493799,0,0.20741997656984879,0.14272127848815894,normal,0
2741.890255708747,23,0,0,35.533504697078236,2825.2671276662923,0,3,1412,0.2155391586206097,0,0.09318918123197431,0.18731071714810865,normal,0
2535.1210662385683,16,0,0,33.07596409054947,1706.1517745589747,2,3,2512,0.046197163894300654,0,0.1844663648940584,0.0016748728762295384,normal,0
9722.10159075563,8,0,1,203.77547415457425,3942.2346511983997,1,16,344,0.4978304412739324,1,0.3679178542116072,0.44129364144688993,synthetic_identity,1
1109.5340085410799,15,1,0,672.9362843715867,3687.1590720547947,3,19,413,0.7751072320976586,0,0.45182112010760067,0.5355542280523109,deepfake_identity,1
14947.310202235154,0,1,1,72.58163401803988,980.9947876167522,5,19,277,0.5156023755274179,0,0.4887428216028056,0.7480169628472126,deepfake_identity,1
4366.278267215037,18,0,0,4.887324156980122,3061.212703380214,3,14,2462,0.09738686731496173,0,0.1443455162558044,0.1281101373217716,normal,0
258.8679694954246,2,0,0,29.040519880199234,2677.5161702898604,5,33,2610,0.18264159857102197,0,0.38015696974587415,0.4076477798541972,velocity_attack,1
34325.09541541604,11,0,1,160.00024712609516,568.9148436272161,3,10,277,0.4203211778964098,0,0.2692559618020372,0.5161333289708526,account_takeover,1
373.13018257846454,9,0,0,21.01441353306753,661.1413865447464,3,3,2004,0.15127178095443097,0,0.16913990057370223,0.252159740921588,normal,0
2374.066281322169,6,0,0,43.80859493407269,2284.158933709135,2,3,675,0.027324231831204516,0,0.05455353909870562,0.229729510275448,normal,0
1556.7248725059349,7,0,0,44.62277290737168,662.168618971042,1,12,1132,0.1748187477750931,0,0.2303891706144535,0.12788331248580026,normal,0
489.1549080460344,0,0,0,5.506801432602443,3928.032788297377,3,2,51,0.09130335754854549,0,0.09736248895441497,0.16989390947621805,normal,0
2471.977641579988,2,0,0,4.855693375682946,1878.1054586649698,0,5,1474,0.24950650616246162,0,0.28070213859403575,0.2955543775191123,normal,0
4823.98424080153,3,0,0,48.6163675448585,1834.304996183593,1,11,732,0.15917982553222876,0,0.11358626206198696,0.07657039437851178,normal,0
6329.562589243752,7,0,0,282.2539697299622,2494.6672600086604,0,4,2192,0.48966205618146447,0,0.4939543186729556,0.6466129231426526,behaviour_anomaly,1
413.6310983822425,8,0,1,24.72316632505947,1661.9921348391858,1,10,1612,0.00971269099180968,0,0.2784048434509303,0.17437573845168097,normal,0
1166.5702579446265,23,0,0,17.942122057289765,2815.975867974841,3,6,1278,0.13923908376577673,0,0.20738779768766893,0.19392753837308133,normal,0
1586.048223081218,13,0,0,28.067222394043874,1499.794720361901,0,8,2730,0.17504475801285044,0,0.1634676430578543,0.08516632192611524,normal,0
23744.47655640799,9,0,0,135.2385840039478,2268.9315999025175,4,7,1861,0.2662234802504786,0,0.501985920817677,0.5669066104412593,social_engineering,1
3174.7767697700133,1,0,0,43.81038631938198,975.186969466099,2,12,149,0.09286142162650131,0,0.032853523571178246,0.25906124160077915,normal,0
1711.2308274581858,9,0,0,19.15434565572584,1585.5488301621863,2,11,1560,0.25183611478298273,0,0.2633031135281323,0.1882942001355516,normal,0
2750.434518806596,0,0,0,40.768100173558985,1585.324742835404,1,5,848,0.16604608536411597,0,0.10885085456688942,0.2265003760891386,normal,0
950.2701234338925,7,0,0,24.952839743006887,579.2358820006157,2,8,1650,0.18010754407216167,0,0.051121340985300336,0.25027206062530627,normal,0
2490.484815239176,2,0,0,33.91250302315687,3062.3193407795525,1,1,1672,0.012084596559646277,0,0.007872800594317952,0.2584023189430405,normal,0
14260.833574849239,11,1,1,562.9532355246579,1166.6303976120366,0,19,459,0.7996932781838115,0,0.13574384520689287,0.5819520123657007,deepfake_identity,1
4377.011165671756,13,0,0,21.20152227986435,2599.419412165492,0,12,2631,0.25742985083147146,0,0.13653264569592102,0.27132282558930654,normal,0
55586.33833715601,18,1,1,437.0059691493124,3559.2664447428265,0,5,325,0.7517635104389153,0,0.1576528612562153,0.7997434043359712,account_takeover,1
171.26886177262145,9,0,0,32.7474056049072,2254.9654809676513,3,4,1906,0.06306311818706979,0,0.0953019358418605,0.17712425844351418,normal,0
3587.441748155639,20,0,0,40.30739820165209,2302.0966090154325,1,7,1532,0.27306984304605353,0,0.21655779946523515,0.14451814072154917,normal,0
2259.7374599973177,10,0,1,6.092512512921145,2673.976682577548,3,12,1928,0.07887788007131394,0,0.17781863539426776,0.19151402619608396,normal,0
1690.4705665113245,18,0,0,36.05251258007816,1700.0242028105183,2,11,341,0.05192844118785238,0,0.1661383194774599,0.1048007812892651,normal,0
2515.0655649715463,14,1,1,439.8591045898416,946.2811059282578,4,10,1724,0.2698465145158151,0,0.07424045964991116,0.6659091437948086,behaviour_anomaly,1
52225.59444031243,11,1,0,338.7185448680046,1384.7690894507155,4,15,1064,0.811362808133937,0,0.36540389673756035,0.7275862786261542,account_takeover,1
597.2105600435573,17,0,0,17.529733613806727,2808.7050857554827,3,7,636,0.2207459307139278,0,0.11406178152971941,0.29207265500257557,normal,0
3923.0419778246046,12,0,0,5.206238121869694,2331.790533545563,0,7,1329,0.10382661715785395,0,0.22091618426214443,0.2137811010568514,normal,0
1929.2156497707895,3,0,0,44.8743260003792,2079.654704795834,0,7,1652,0.200337124469706,0,0.02272392068141006,0.055490578237429256,normal,0
4001.593686336297,21,0,0,24.639146725981014,1051.3901315704572,1,8,2124,0.12304674215147925,0,0.13076333681988572,0.20840423626514992,normal,0
1616.685319803006,5,0,1,13.569534188316013,1530.4808510397838,0,6,1490,0.054142515691533256,1,0.0031180020981094957,0.2386338435179723,normal,0
1663.5923188919526,11,0,0,19.242586857591988,3400.302857343594,3,9,1500,0.001960362042872732,0,0.02362780200004285,0.1266543583921379,normal,0
2704.7035481649827,16,0,0,3.265323833496514,2425.9303516124132,1,9,2652,0.20019784898814189,0,0.1473339157031499,0.23917197656184003,normal,0
2701.59462421926,6,0,0,49.61335165917496,1393.6876703278838,3,13,1254,0.2730592142389657,0,0.056989558407083585,0.19889735914168444,normal,0
19719.714101958474,3,0,1,498.10019730917804,1878.5547168639623,1,4,214,0.425040159444681,0,0.19859773763357347,0.5447927929641299,synthetic_identity,1
54746.23810935037,0,1,1,1035.5995152199712,1285.1769792573766,4,2,1471,0.6134978620874438,0,0.4434598978121897,0.6147292962600345,account_takeover,1
2974.381469559823,3,0,0,21.91778267601582,2954.360683196408,2,3,1363,0.011860677946407537,0,0.03675313453894219,0.2503397872287555,normal,0
2352.3578649730403,12,1,0,39.92399172273717,3667.7346807332906,1,5,1108,0.28239959652155205,0,0.27725161464459847,0.07197589582618637,normal,0
11164.655763347753,13,1,1,79.44669438552054,676.140020132687,1,12,211,0.10605203128722264,0,0.177658385989782,0.5900822289292265,behaviour_anomaly,1
2421.668159149938,14,0,1,11.840895726061119,3495.1466751932617,3,1,1421,0.1235605938001515,0,0.09063473451488419,0.07620620021513934,normal,0
2178.2402893816916,21,0,0,34.94919803375173,2620.3719607137737,3,4,1343,0.052421427706629775,0,0.01853657512147361,0.20511419060275585,normal,0
14713.21499955816,20,1,0,18.911970649097054,3205.8459874025566,5,15,1297,0.5335092419398461,0,0.47476421478979514,0.46577623991181943,behaviour_anomaly,1
857.0117996241364,3,0,0,13.810481633260451,2603.995834019957,1,7,1366,0.015131310611782432,0,0.22125752938993345,0.03380718053863919,normal,0
2944.2912448691104,11,0,0,6.742995233523585,2728.8601163275143,3,14,1385,0.0755431051361638,0,0.05996161261879879,0.10654562215393305,normal,0
2086.0942671700714,14,0,0,11.308162523017762,2813.551124614583,3,7,575,0.0201262371504493,0,0.16187215779549846,0.07978042860906277,normal,0
1367.6870465616607,8,0,0,9.566960150067032,1768.714966391204,1,7,1636,0.11219892186830854,0,0.12532388490621038,0.03466553445413519,normal,0
3249.6958454809146,6,0,0,9.501653991777331,1652.3626227589943,3,8,260,0.2689239710337868,0,0.2843111713268421,0.04835922699876028,normal,0
13486.89215188777,13,0,1,136.82709529442639,3649.2680005257603,1,8,1408,0.2835281734908353,0,0.3277136523672522,0.4381592465992858,behaviour_anomaly,1
3245.95506615601,2,0,1,2.356965413491252,1142.6865528446529,0,9,1955,0.212581645424067,0,0.2939426405772138,0.06045013922789541,normal,0
2224.5556838998104,4,0,0,18.3729816565239,907.2831137299138,3,8,712,0.01850073978441532,0,0.12221866229365297,0.2977867209183304,normal,0
3207.1097537440232,9,0,0,3.9971355091679484,601.0577773424802,1,7,2962,0.14378353927887533,0,0.14573315538483972,0.2582682971425482,normal,0
4129.667934808236,9,0,0,27.59170971686332,783.0522291053834,0,2,1859,0.2989380043257853,0,0.1297616262947035,0.07570356221858034,normal,0
13934.76025456521,23,0,0,111.22468970039984,3882.9778942796975,1,19,948,0.25262070644028445,0,0.35033383927260126,0.6925286402305173,behaviour_anomaly,1
3379.1732466318467,6,0,0,39.47445884118201,1446.2561983549645,3,1,143,0.27286095046494924,0,0.019906578300014754,0.20134718795233,normal,0
2797.6052349215056,22,1,0,9.311080473055766,3853.302034077012,0,4,1755,0.09182445292569971,0,0.03773459994120335,0.22095802119673533,normal,0
776.5855007955232,10,0,0,118.91071778901751,1171.4599202063198,5,39,2750,0.0795412166349663,0,0.3491262909178181,0.3135575245359434,velocity_attack,1
2121.8266168659898,17,0,0,38.864474143063674,3825.2366809195264,3,8,2139,0.1883059303338343,0,0.13103067933507442,0.09366142297773862,normal,0
1791.268107094519,0,1,0,22.03319933254555,1938.6918355252221,12,36,457,0.41178756617075923,0,0.20102727368405968,0.710126157530521,velocity_attack,1
24445.869905141317,8,0,0,29.9093829049179,989.0774431511165,1,1,2296,0.39201994998841944,0,0.3728338436045391,0.2603262097878829,social_engineering,1
3374.24271291958,4,0,0,39.2733632993096,2263.095093435748,2,5,168,0.004394804578676692,0,0.13947993877929846,0.11692312891185269,normal,0
2643.258172634789,0,0,0,48.7991213798154,722.9053407012552,2,9,2841,0.016663832436480897,0,0.00875893665479791,0.2565995558570013,normal,0
4908.355743436508,11,0,0,22.65870144843663,3188.533741609652,2,7,1913,0.18117125866814307,0,0.12931157937900356,0.12131090403283708,normal,0
25225.950568271153,1,0,1,12.427919362752537,1078.039553263087,1,6,173,0.21963275697838391,0,0.5662769857577719,0.6103396567773707,social_engineering,1
10503.945903116497,18,1,1,50.580803560755115,3548.3289487697907,4,7,267,0.4194799747067857,0,0.2798422129491113,0.41297807670315034,synthetic_identity,1
4037.0654421547347,9,0,0,26.735317963985427,800.3508640518469,0,10,2489,0.07897585253526464,0,0.205437745592381,0.15928297190379875,normal,0
1476.5790974681656,18,1,0,4.181383158997032,3103.6631702056807,1,10,706,0.01392158668829988,1,0.10565506953064842,0.08587618517317692,normal,0
4442.290683433791,7,0,0,2.2376109596801754,2605.9057234977363,0,7,2586,0.1940500860916781,0,0.27744582451410715,0.10056502046180812,normal,0
4051.3777244409134,1,0,0,16.506384396438584,1081.7542308319416,0,11,184,0.2800473510106837,0,0.08736067701382061,0.00920142207879734,normal,0
3495.87935924738,14,0,0,245.84595404701602,3904.0567988346106,0,15,403,0.3996500924684069,0,0.8441998955808052,0.7680850601659679,social_engineering,1
1459.1677966075501,0,0,0,12.25043309537181,1917.7944634145708,3,4,2347,0.16899387136030095,0,0.15548948510587315,0.17672481309437904,normal,0
1481.0883963896597,14,0,0,8.090524783025666,2003.989828818362,2,4,510,0.07829814462246838,0,0.05240522718884672,0.29250181793081964,normal,0
4448.597807043124,19,0,0,28.86393401891873,1446.8065763843038,1,9,46,0.06608405033907748,0,0.25188284504776215,0.12701082907958688,normal,0
351.33986000795636,20,0,0,32.32773184572257,1290.7037038955568,2,10,828,0.2547779061805351,0,0.23762734375368272,0.1903841979398421,normal,0
3450.963612054257,9,0,0,46.65827874857546,3372.363703913302,3,8,2179,0.09317349363736394,0,0.07438547547999494,0.13950279773869903,normal,0
1983.2005710824403,8,1,0,38.63782193280338,3162.7156966849243,3,10,133,0.16297826079776404,0,0.27090291217832313,0.04041882517774773,normal,0
232.77036326706911,0,0,0,20.652831160675163,2457.210096275822,1,6,370,0.12258870411578494,0,0.22208073374463347,0.2768252761104093,normal,0
3547.923510962116,15,0,0,38.36016919778422,3163.2410620727865,2,7,1641,0.09702333972820985,0,0.25358366675362715,0.006533675982555298,normal,0
984.8191911239343,0,0,1,5.9418694450245555,2933.73797268247,0,6,687,0.23247114817632153,0,0.13919641464797686,0.05748800158634437,normal,0
614.1578742490568,7,1,0,14.567620236219481,3715.4182433911756,3,1,1389,0.23330701679105473,0,0.04916226685859052,0.15271119358118332,normal,0
945.3669970371741,1,0,0,35.19714709034205,1041.2752170161475,0,13,960,0.11977296141798727,0,0.258530740261538,0.21489571623460121,normal,0
198.67545985152015,19,0,0,27.346116540341786,3928.8403659430096,3,14,1657,0.2654682224255573,0,0.2931516492590699,0.06251484244373168,normal,0
3198.7174892090984,19,0,0,8.88563391927536,2018.4278340957692,1,10,519,0.20690698414574815,0,0.29981982269778784,0.06137504115060902,normal,0
2814.5669519653416,9,0,0,7.787657029596989,903.7868088688581,1,5,1408,0.0049558834799885544,0,0.024486872609899946,0.13497652301098592,normal,0
548.7521593005074,19,0,0,30.371791044758233,676.6765455949728,1,13,106,0.00258561827967011,0,0.08902303883251857,0.2630661883513169,normal,0
4032.952217998981,0,0,0,16.405428055325956,791.3567347901021,0,3,2429,0.050066771693715685,0,0.22005074954656836,0.2478757336997257,normal,0
842.0830574832509,8,0,0,18.055273972453605,2365.0037080151887,0,12,1518,0.2823393325331663,0,0.20779269712513831,0.0971899242300467,normal,0
3198.2985699085393,21,1,0,33.57254095777189,2219.605012121925,3,12,2043,0.20011590098101337,0,0.0575608028583768,0.1612055071265833,normal,0
1726.137190145028,7,1,1,335.6302239753221,2694.1576513368595,10,29,1115,0.15631271338580002,0,0.013101043737661345,0.5887481420646589,velocity_attack,1
700.2395236333472,0,0,0,30.07333808458429,3917.8882479936638,0,12,1873,0.0005532950754724819,0,0.24935309655885968,0.06570782206743629,normal,0
2643.5007471674685,5,0,0,47.44484015177176,3239.1851694238762,3,13,988,0.15387049586808396,0,0.10552727017086885,0.29231072119230855,normal,0
2097.965714513388,0,0,0,8.894498342648033,3127.2482935769035,2,6,2334,0.011305166084966433,0,0.2188373407943833,0.051836761370018525,normal,0
30604.62874388261,9,0,0,46.818458933608106,2736.837902315061,3,14,2346,0.237524694825821,0,0.4104353370155044,0.3094062430760939,social_engineering,1
3730.42987514515,16,0,0,4.414929505383563,2550.0597737179182,3,8,937,0.2538264323202306,0,0.031243040770532724,0.1036861822163307,normal,0
865.4121865644477,3,0,0,40.67311965673621,3167.9928017596453,2,11,2164,0.07158718485657144,0,0.271304840020068,0.03782897817242361,normal,0
1557.0101361254988,14,0,0,40.66421065838386,2930.3834216980454,1,8,2158,0.2400725229171014,0,0.24420137919519522,0.22364240252533127,normal,0
1428.3716434439223,9,0,1,11.147335246676054,1633.7193950833362,2,2,1053,0.03799584171293852,0,0.0782395905787049,0.051987404490133934,normal,0
2026.209147041065,23,0,0,0.6784784952007961,1015.9657067434084,1,1,1658,0.2869736429684227,0,0.13513327079273602,0.27324568704662244,normal,0
768.5547875279923,10,0,0,5.991622335318908,3455.887350007828,3,8,111,0.048620604389108965,0,0.12480831688902838,0.2277099419211613,normal,0
4672.255323583433,19,0,1,40.76188580696612,568.3990438952043,1,10,488,0.07617054150186432,0,0.13922128423806934,0.28876289513823916,normal,0
3556.758068389083,10,0,0,13.341088336952978,2342.376618526544,2,11,378,0.27068087478737324,0,0.12915571572717355,0.1166926723851087,normal,0
4831.59696206534,22,0,0,4.973607495975074,2771.626615714826,3,11,1238,0.06958014157900042,0,0.2889403195525202,0.05449707175136329,normal,0
3243.3719581556334,12,0,0,47.982010588279394,3561.655965860098,1,11,2496,0.07190480442451071,0,0.22531171378055706,0.2038801691596912,normal,0
834.5953940089915,12,0,0,33.91448742885911,2396.5621410998547,2,7,1511,0.1716032431443052,0,0.2049168184369742,0.2129209342325722,normal,0
2660.6253367500512,2,0,0,14.658299036545758,1404.6617280236724,1,1,1587,0.21041246964544083,0,0.11376795237095456,0.131033145058602,normal,0
4009.286879407309,1,0,0,33.0212214072176,623.0619066139476,3,8,1162,0.07089304997213754,0,0.1833139595228567,0.1806492347556129,normal,0
2057.9154073948853,4,0,0,165.26376433769946,2508.235570028565,2,6,68,0.8013708884047459,0,0.12630957222340003,0.6486320507824423,synthetic_identity,1
3194.645078453351,18,0,0,25.591868207388412,2295.8333598403965,0,8,805,0.28733112716753983,0,0.0036672730294533217,0.27514461986899147,normal,0
1309.436959089321,4,0,1,14.104653840781967,668.9835706604565,1,9,2095,0.16171923173007813,0,0.23055111324908176,0.07189541669568676,normal,0
1676.1829493317882,14,0,0,7.631789566542219,3945.6297059599824,2,14,1347,0.19675932423446782,0,0.10454646906577574,0.2919038257977251,normal,0
2849.991662584372,23,0,0,15.627935173513125,3986.693173549931,3,4,2730,0.1230693700911676,0,0.049493063693387164,0.047512474585331775,normal,0
4774.250027312678,20,0,0,3.021533857631886,2294.6687391462397,2,1,2659,0.1364275473250249,0,0.28888295739080366,0.1316952391845918,normal,0
2611.262978974625,16,0,0,32.98106842377604,1593.8536732492698,2,3,287,0.27836612864209936,0,0.1301721730086066,0.08597548691040864,normal,0
2481.4024196082546,5,0,0,28.88477938450775,2055.240715441646,0,5,558,0.18162859776481988,0,0.21772966068857108,0.11651167155891064,normal,0
927.7818090536063,11,1,0,32.21895232089469,1046.1275722178782,2,13,2831,0.22107057694184462,0,0.09752725201849094,0.13500735819366375,normal,0
2008.4612850218598,0,0,0,10.401679856552626,2528.2026850972793,2,10,691,0.06961629650722403,0,0.2835393983799179,0.002461473696117633,normal,0
16678.540318424388,8,0,0,127.4672619439049,2158.002995521152,2,1,738,0.37015261263336396,0,0.8446867236425932,0.7745298581567079,social_engineering,1
4073.3050469388004,8,0,0,23.301705975001845,631.245311635105,3,4,2753,0.04894053437274156,0,0.03129106526554729,0.09882148243814001,normal,0
3008.6030224148385,9,0,0,40.5192396975317,709.0315114018048,0,3,1879,0.12230905576478084,0,0.10505191327503692,0.2762195122686021,normal,0
3786.7496232885605,5,0,0,39.831435603365186,955.4237480235976,1,7,1791,0.22951108950108828,0,0.12786738050810065,0.23293304759508066,normal,0
1440.838047517781,12,0,1,22.366252055581832,1338.1208528580758,3,12,688,0.07545301177769678,0,0.21036617203591443,0.02839204695640708,normal,0
1049.9290328907741,22,0,0,13.222497537954919,1350.5586703975755,2,11,2061,0.11582030500811247,0,0.012451751962775648,0.26898790059195116,normal,0
4034.8268993800507,4,0,0,0.3188584517417381,2300.9374136814013,2,1,1018,0.23071969621773178,0,0.2638616469359787,0.04651534918511816,normal,0
2451.7002901139053,3,0,0,15.269558568580221,3416.0046208529902,1,6,1939,0.11235438529756449,0,0.14008525738417468,0.19118168286050205,normal,0
3940.5797439784465,0,0,0,26.530253601637426,724.0274838525903,2,2,1215,0.18130519089120645,0,0.050405246099515445,0.11007606723163406,normal,0
1027.059382712739,6,0,1,44.08409979071345,2066.391079971081,1,3,2702,0.17098713396512688,0,0.1343591111191777,0.13024881616907277,normal,0
4180.868846262529,12,0,0,37.40955226565396,3366.862794093352,3,9,549,0.09580414439143721,0,0.021144932404030547,0.08763253518368962,normal,0
4719.34916356115,7,0,0,46.96180049532558,3486.6224609142864,0,1,2715,0.13251776712968072,0,0.12009142250383628,0.15950107736666067,normal,0
1285.0762254122133,11,0,0,40.91337840797952,2344.2040606329974,1,6,319,0.05804796318872356,0,0.04666806013547287,0.2537538150322076,normal,0
3340.7159942450307,11,0,0,43.10910264398144,2032.0878951617256,0,14,904,0.025438867635281137,0,0.00029374010307001706,0.0754393141638676,normal,0
1385.093817069143,12,1,0,19.327133158704058,2582.484047402403,3,7,2389,0.10437260204617335,0,0.16690028598176396,0.19822841233320151,normal,0
820.1172769822274,0,0,0,38.75537142529851,1494.0370013516604,2,13,1248,0.26021954176147577,0,0.1766509379724405,0.0009968667852516377,normal,0
3568.3919764258667,6,0,0,44.153290404434166,2503.3072407085406,0,9,682,0.29188860008806916,0,0.10403826573125086,0.11223393943238726,normal,0
476.6241688532012,9,0,0,44.26945700669285,3447.105112532189,2,8,1860,0.23865005749024482,0,0.05206062064448686,0.24434512707217634,normal,0
2146.145801346149,3,0,0,22.95996916976935,2012.1545355977623,3,13,877,0.18766189417007922,0,0.1940813415215442,0.04717527703556166,normal,0
2685.735434522869,6,0,0,25.23692751075982,968.7993198117304,2,6,294,0.025656327837896342,0,0.06270527845116591,0.09603312784682952,normal,0
2660.2998873193833,5,1,0,28.808589327028837,945.7990407296993,3,9,620,0.13521714101724122,0,0.19466018791999254,0.07058712147850175,normal,0
311.19053384678784,23,0,0,5.349090381602806,1677.5398192690516,2,7,2272,0.09617468304678575,0,0.18444371665199433,0.1873908419534448,normal,0
2092.293633061414,20,0,0,9.011830397673492,3372.435965821594,0,7,563,0.2915177345590773,0,0.1016500134940068,0.21384072467368867,normal,0
4408.010285746113,0,0,0,30.9684641545975,699.8013543329338,3,1,1653,0.1362653274703017,0,0.17247436167393412,0.11451338969427664,normal,0
2866.4941307739714,10,0,0,8.690074447261514,3083.1422145097126,2,6,625,0.28123456822204645,0,0.033101621542936444,0.04485583062390821,normal,0
602.2976671543283,6,0,0,1.9494709909114172,1838.8657430384642,1,4,2906,0.06741452486460127,0,0.2899546109966416,0.1351724083499117,normal,0
47927.822623995366,7,1,1,631.6754706419057,1090.7934532948332,1,2,2532,0.6897190886627924,0,0.28143372215135265,0.876136126689377,account_takeover,1
32599.422303501673,18,0,1,209.32483617627508,1668.7514783044817,1,14,558,0.3071140838541168,0,0.37578978392099155,0.35455848692083,social_engineering,1
1513.1866453118541,4,0,0,45.28422432303124,2999.091751054169,2,7,1973,0.21567495801951173,0,0.22908814367942051,0.06986650811503461,normal,0
1144.087125882853,22,0,1,275.44739322716225,2642.972496370513,6,12,2207,0.08641418375253954,0,0.3028127926883235,0.7104547439778159,velocity_attack,1
917.6149883238888,14,0,1,16.06260881316766,2632.8745073290306,0,9,45,0.2665492645648635,0,0.23368388315673227,0.14424101660178615,normal,0
4124.160792892862,1,0,0,37.29473694415759,3705.560985623322,2,14,280,0.018673189948470847,0,0.09732307050714088,0.1779870584538652,normal,0
4323.870963135851,2,0,0,28.238419959566997,906.662108717483,3,11,215,0.16642473203093305,0,0.19590758413983886,0.288737191437193,normal,0
2145.313915429017,17,0,0,31.412021297113128,2299.1359722439,3,8,668,0.020280609383731375,0,0.16492090553887734,0.2073959486461169,normal,0
1584.3614376381033,12,0,0,37.58766789456496,2964.1998811454378,3,9,1596,0.2847762389450368,0,0.167009631997365,0.29903720968981584,normal,0
1375.159330127624,11,1,0,32.29517298303838,954.1715755429864,3,5,384,0.2335148393808691,0,0.2795372411954147,0.27194460856558617,normal,0
4907.477748552885,4,0,0,38.34151710036967,578.5421976345688,2,1,273,0.026026981820288907,0,0.0007151421486177312,0.09249271672589039,normal,0
16741.53800093908,21,1,1,6.0897060846489826,3801.4208096525713,3,15,50,0.3713416239420844,0,0.0666203410807189,0.41469669531610587,synthetic_identity,1
1260.927570093945,15,0,0,24.948567843521737,2863.576280054776,3,12,2411,0.19839328283957275,0,0.00018845786779034813,0.09341801250894254,normal,0
43303.47633718454,7,1,0,264.94799338046676,3245.2680072946055,3,1,1918,0.1213349490396507,0,0.4152367420262715,0.7678744736803416,social_engineering,1
1499.9892227811176,0,0,0,44.104648937449696,2566.8602486111336,1,4,717,0.0986061686840444,0,0.22543309903231304,0.03854668101035893,normal,0
1118.2363374381098,6,1,0,25.66906419159931,2899.3517962727983,10,26,2237,0.26507994397634294,0,0.05609158436506632,0.6351585681473122,velocity_attack,1
2055.27305644793,19,0,0,41.20812694560133,2845.603895768826,0,11,2194,0.1493238488147232,0,0.05344141704741142,0.22684202189417288,normal,0
1785.392664132659,0,0,0,29.25825932516738,1932.2287397317366,1,2,1813,0.2741281572696242,0,0.19929434345662006,0.24631004100304837,normal,0
34465.98542931514,11,1,0,388.5950341463798,3403.1177449836555,2,14,2458,0.25975361750266984,0,0.31137747617581185,0.4911513313771849,account_takeover,1
8079.666428773837,8,1,0,129.85631941658738,2004.4131759058332,0,15,733,0.0935052669827074,0,0.8394457388336396,0.5813285757912963,social_engineering,1
47727.86641294321,2,0,1,48.466809637365415,1186.2848413184397,0,6,2625,0.26569913090041547,0,0.4999002256096424,0.6837372588005726,social_engineering,1
3900.0853218055518,10,1,0,2.713418536621842,2667.7059438661763,3,11,2955,0.00742167226136493,0,0.07105995114915332,0.18779298613567885,normal,0
